id,idade,genero,renda_mensal,cidade,produto_favorito,comprou_promo,frequencia_visitas,valor_total_gasto
1,64.0,F,2378.0,São Paulo,oleo,Não,3,228
2,48.0,F,7917.0,São Paulo,arroz,Não,9,819
3,55.0,F,3323.0,São Paulo,cafe,Não,9,738
4,19.0,M,1923.0,Curitiba,,Sim,6,312
5,50.0,M,3813.0,Rio,arroz,Não,8,288
6,42.0,M,2219.0,Rio,arroz,Não,1,100
7,57.0,F,5159.0,Rio,cafe,Sim,2,192
8,60.0,M,3487.0,Rio,feijao,Sim,9,891
9,34.0,F,3836.0,São Paulo,acucar,Sim,2,60
10,32.0,F,7004.0,Belo Horizonte,oleo,Sim,8,336
11,20.0,M,3402.0,Curitiba,oleo,Sim,7,490
12,26.0,F,4991.0,Salvador,cafe,Sim,7,273
13,39.0,M,,Curitiba,cafe,Não,2,182
14,28.0,,7304.0,Belo Horizonte,cafe,Sim,5,460
15,19.0,F,2848.0,São Paulo,oleo,Não,7,532
16,31.0,M,,Belo Horizonte,feijao,Não,9,801
17,32.0,F,5432.0,Rio,cafe,Não,6,366
18,58.0,,7855.0,Curitiba,oleo,Sim,8,160
19,49.0,F,4759.0,Curitiba,feijao,Sim,10,260
20,22.0,M,3495.0,Belo Horizonte,feijao,Não,6,198
21,43.0,M,4358.0,São Paulo,arroz,Não,9,486
22,,F,,São Paulo,,Não,2,120
23,28.0,F,1543.0,Salvador,oleo,Não,9,459
24,,F,7627.0,Curitiba,cafe,Não,7,168
25,54.0,F,1620.0,Curitiba,,Sim,6,324
26,26.0,M,1904.0,São Paulo,acucar,Sim,7,315
27,26.0,F,2339.0,Belo Horizonte,arroz,Não,8,336
28,48.0,F,3610.0,Belo Horizonte,arroz,Não,5,220
29,,M,5401.0,Salvador,acucar,Não,10,460
30,36.0,M,6136.0,São Paulo,feijao,Não,6,228
31,55.0,F,4301.0,São Paulo,acucar,Não,6,162
32,65.0,F,6859.0,Salvador,cafe,Sim,3,207
33,25.0,M,3496.0,Belo Horizonte,feijao,Não,1,44
34,42.0,F,2561.0,São Paulo,acucar,Sim,4,308
35,40.0,M,7816.0,São Paulo,cafe,Sim,9,864
36,62.0,F,6946.0,São Paulo,cafe,Não,3,93
37,35.0,M,1437.0,Salvador,,Sim,7,217
38,37.0,M,6713.0,São Paulo,acucar,Sim,5,275
39,,F,5528.0,Rio,cafe,Sim,5,455
40,,M,2058.0,São Paulo,arroz,Sim,7,469
41,61.0,F,,Belo Horizonte,acucar,Sim,3,234
42,,M,6380.0,Salvador,arroz,Não,8,536
43,41.0,M,1653.0,São Paulo,feijao,Sim,3,273
44,52.0,F,4044.0,Curitiba,oleo,Não,9,837
45,49.0,F,3950.0,Curitiba,,Não,3,141
46,33.0,,1320.0,Curitiba,oleo,Não,5,315
47,20.0,F,3784.0,São Paulo,oleo,Sim,10,400
48,41.0,F,4872.0,Rio,feijao,Sim,4,340
49,25.0,M,,Belo Horizonte,oleo,Sim,5,235
50,42.0,M,1292.0,São Paulo,cafe,Não,10,800
51,59.0,F,7560.0,Rio,arroz,Sim,9,513
52,34.0,M,,Rio,oleo,Não,2,58
53,43.0,F,3594.0,Salvador,feijao,Não,6,480
54,21.0,M,5645.0,São Paulo,,Não,7,609
55,,M,5700.0,Rio,acucar,Sim,2,110
56,42.0,F,2611.0,Salvador,feijao,Não,9,513
57,63.0,F,7109.0,Rio,oleo,Não,5,230
58,22.0,,5954.0,Salvador,feijao,Sim,4,124
59,35.0,F,2430.0,Curitiba,acucar,Sim,4,112
60,20.0,M,2278.0,São Paulo,cafe,Sim,10,220
61,63.0,M,7522.0,Curitiba,acucar,Sim,10,690
62,20.0,M,2290.0,Salvador,oleo,Sim,2,184
63,34.0,M,7275.0,Rio,feijao,Sim,9,405
64,54.0,F,2583.0,Salvador,cafe,Sim,5,385
65,28.0,M,1711.0,Curitiba,oleo,Não,10,640
66,,F,1459.0,São Paulo,acucar,Sim,10,240
67,42.0,M,3517.0,Belo Horizonte,acucar,Não,4,252
68,61.0,F,2527.0,Rio,,Sim,7,364
69,43.0,,,Curitiba,cafe,Não,2,96
70,40.0,M,4688.0,Rio,oleo,Não,4,88
71,44.0,F,7678.0,Belo Horizonte,oleo,Sim,3,156
72,62.0,,7084.0,Rio,,Sim,6,294
73,59.0,F,3802.0,Salvador,oleo,Não,2,104
74,19.0,M,4335.0,Belo Horizonte,oleo,Não,2,96
75,56.0,M,5161.0,São Paulo,acucar,Sim,10,960
76,19.0,M,2081.0,Rio,arroz,Não,9,468
77,40.0,M,3448.0,Salvador,acucar,Não,5,420
78,21.0,M,5832.0,Rio,cafe,Sim,2,98
79,48.0,M,4805.0,Curitiba,arroz,Sim,4,108
80,27.0,F,,Curitiba,cafe,Não,1,71
81,18.0,M,,São Paulo,cafe,Sim,4,108
82,64.0,M,3099.0,São Paulo,arroz,Não,7,350
83,59.0,M,,Curitiba,oleo,Sim,10,420
84,60.0,M,,São Paulo,cafe,Sim,9,540
85,39.0,F,4243.0,Salvador,arroz,Não,7,623
86,25.0,M,3321.0,Rio,cafe,Não,5,455
87,20.0,M,,São Paulo,,Sim,3,270
88,35.0,F,4715.0,Curitiba,acucar,Sim,3,228
89,32.0,M,2641.0,Belo Horizonte,feijao,Não,3,225
90,38.0,,6899.0,São Paulo,acucar,Não,6,540
91,50.0,F,6787.0,Belo Horizonte,oleo,Sim,8,504
92,,F,,Rio,cafe,Sim,3,84
93,,F,2947.0,São Paulo,cafe,Sim,7,490
94,53.0,M,3892.0,São Paulo,feijao,Sim,1,55
95,59.0,F,7331.0,Belo Horizonte,oleo,Não,9,495
96,44.0,M,,Belo Horizonte,cafe,Não,6,450
97,63.0,F,5117.0,Rio,feijao,Sim,7,294
98,43.0,F,1316.0,Salvador,,Sim,10,270
99,32.0,M,4433.0,Salvador,cafe,Não,9,864
100,25.0,M,3474.0,Belo Horizonte,acucar,Não,5,190
101,27.0,,,Belo Horizonte,oleo,Sim,3,63
102,56.0,M,3135.0,Belo Horizonte,arroz,Sim,5,365
103,31.0,M,7057.0,São Paulo,acucar,Não,1,39
104,,F,4460.0,Rio,cafe,Não,6,528
105,45.0,M,7812.0,Curitiba,acucar,Sim,10,440
106,64.0,,3620.0,Curitiba,,Sim,4,148
107,34.0,M,1635.0,Curitiba,arroz,Não,3,246
108,42.0,F,7203.0,Rio,cafe,Sim,7,245
109,23.0,M,,Belo Horizonte,oleo,Não,4,84
110,,F,3351.0,São Paulo,acucar,Não,6,120
111,59.0,F,6239.0,Belo Horizonte,acucar,Sim,6,318
112,60.0,M,5456.0,Belo Horizonte,oleo,Sim,5,250
113,58.0,M,5750.0,Belo Horizonte,feijao,Não,2,174
114,46.0,M,5402.0,Salvador,cafe,Sim,6,192
115,,F,7690.0,Curitiba,acucar,Sim,2,138
116,,M,4713.0,Belo Horizonte,cafe,Não,7,462
117,60.0,F,2926.0,São Paulo,acucar,Não,1,89
118,22.0,M,7890.0,Salvador,oleo,Sim,7,196
119,55.0,F,6848.0,São Paulo,,Não,6,438
120,40.0,F,1707.0,Rio,acucar,Não,6,462
121,61.0,,6695.0,São Paulo,oleo,Sim,5,250
122,21.0,M,5427.0,Salvador,,Sim,6,600
123,63.0,F,,Belo Horizonte,acucar,Sim,9,675
124,45.0,M,6044.0,Rio,arroz,Não,2,104
125,27.0,M,5205.0,Curitiba,feijao,Não,2,42
126,,,7992.0,Salvador,oleo,Não,8,216
127,44.0,M,,Curitiba,feijao,Não,7,266
128,47.0,M,,São Paulo,feijao,Não,7,539
129,29.0,M,5186.0,Belo Horizonte,arroz,Não,6,306
130,38.0,,7290.0,Salvador,cafe,Não,9,243
131,50.0,F,5450.0,Rio,feijao,Sim,2,134
132,61.0,M,5621.0,São Paulo,,Não,10,1000
133,61.0,F,4247.0,São Paulo,acucar,Sim,7,686
134,25.0,M,5858.0,Belo Horizonte,cafe,Sim,9,342
135,24.0,F,6196.0,Salvador,acucar,Não,2,146
136,24.0,F,7508.0,São Paulo,oleo,Sim,10,510
137,20.0,M,5351.0,Curitiba,acucar,Sim,9,540
138,35.0,M,2678.0,Salvador,acucar,Não,5,225
139,57.0,M,5430.0,Belo Horizonte,oleo,Não,8,752
140,49.0,F,2816.0,Belo Horizonte,acucar,Não,10,470
141,56.0,F,7430.0,Belo Horizonte,cafe,Não,10,980
142,23.0,F,7808.0,Curitiba,cafe,Sim,9,585
143,44.0,F,5587.0,Salvador,oleo,Não,3,84
144,45.0,M,,Salvador,feijao,Sim,9,513
145,41.0,M,5651.0,São Paulo,arroz,Sim,2,136
146,39.0,F,3860.0,Salvador,arroz,Sim,3,120
147,55.0,M,7910.0,São Paulo,cafe,Não,6,396
148,35.0,F,,Salvador,,Não,3,126
149,26.0,F,2881.0,Belo Horizonte,cafe,Sim,8,584
150,24.0,F,5754.0,Belo Horizonte,oleo,Sim,3,273
151,,M,2442.0,Salvador,,Sim,1,68
152,25.0,F,2168.0,Salvador,cafe,Sim,3,180
153,,M,7717.0,Belo Horizonte,feijao,Sim,6,462
154,30.0,F,7216.0,Salvador,acucar,Sim,8,480
155,26.0,F,2078.0,São Paulo,feijao,Não,2,82
156,58.0,M,1522.0,Belo Horizonte,feijao,Sim,9,522
157,,M,5813.0,Belo Horizonte,oleo,Sim,3,72
158,42.0,F,,São Paulo,oleo,Sim,7,504
159,32.0,M,4777.0,Rio,acucar,Sim,9,612
160,62.0,F,4846.0,São Paulo,,Não,7,693
161,32.0,F,6452.0,Belo Horizonte,,Sim,5,165
162,18.0,F,1845.0,Belo Horizonte,oleo,Sim,6,210
163,32.0,M,1905.0,Rio,feijao,Não,4,196
164,59.0,F,5746.0,Curitiba,oleo,Não,3,114
165,18.0,F,5858.0,Rio,oleo,Não,9,702
166,30.0,M,4969.0,Rio,acucar,Não,4,396
167,49.0,F,2114.0,São Paulo,,Não,3,258
168,63.0,F,6024.0,Curitiba,feijao,Sim,6,558
169,18.0,,4163.0,Belo Horizonte,acucar,Sim,10,760
170,,,7522.0,Salvador,arroz,Sim,6,132
171,55.0,M,1829.0,São Paulo,oleo,Não,5,175
172,,,4352.0,Rio,oleo,Não,7,679
173,53.0,M,6130.0,Curitiba,oleo,Não,8,424
174,63.0,M,1858.0,Salvador,acucar,Não,3,153
175,44.0,M,2841.0,São Paulo,feijao,Não,5,245
176,,F,5022.0,Salvador,cafe,Não,6,300
177,52.0,F,2531.0,Curitiba,cafe,Não,5,260
178,,M,7683.0,Belo Horizonte,oleo,Não,6,582
179,22.0,F,7222.0,Rio,cafe,Sim,6,570
180,59.0,F,6657.0,Belo Horizonte,acucar,Não,6,528
181,63.0,M,5013.0,Curitiba,oleo,Não,2,68
182,37.0,F,7571.0,Belo Horizonte,feijao,Sim,9,369
183,29.0,M,3299.0,Salvador,feijao,Sim,2,190
184,21.0,F,6109.0,Curitiba,oleo,Não,4,88
185,22.0,F,7111.0,Rio,acucar,Não,7,644
186,,M,7402.0,Belo Horizonte,feijao,Não,10,790
187,30.0,M,6669.0,Salvador,oleo,Não,3,69
188,45.0,F,1486.0,Belo Horizonte,cafe,Sim,1,48
189,28.0,F,1953.0,Curitiba,feijao,Não,1,74
190,52.0,M,2350.0,Rio,cafe,Sim,2,144
191,36.0,F,4030.0,São Paulo,feijao,Sim,1,99
192,61.0,F,1747.0,São Paulo,acucar,Não,10,960
193,40.0,F,1327.0,Curitiba,cafe,Sim,2,192
194,39.0,F,5663.0,Rio,arroz,Não,9,324
195,56.0,M,,Rio,cafe,Sim,6,300
196,44.0,F,1992.0,Belo Horizonte,oleo,Sim,5,105
197,39.0,F,4941.0,Curitiba,acucar,Sim,6,492
198,38.0,M,5824.0,Belo Horizonte,arroz,Sim,1,71
199,57.0,F,1710.0,Belo Horizonte,arroz,Sim,9,414
200,,M,7959.0,Belo Horizonte,feijao,Não,1,95
201,55.0,F,7958.0,Curitiba,oleo,Não,7,217
202,51.0,F,3314.0,Curitiba,feijao,Não,9,531
203,61.0,F,4375.0,São Paulo,feijao,Sim,10,740
204,53.0,M,1260.0,São Paulo,arroz,Sim,4,324
205,63.0,M,6026.0,Curitiba,cafe,Sim,6,312
206,37.0,M,2739.0,São Paulo,feijao,Não,7,301
207,56.0,F,2760.0,Curitiba,,Não,8,160
208,57.0,M,1546.0,Curitiba,,Sim,10,520
209,42.0,F,1645.0,Salvador,oleo,Não,1,63
210,55.0,F,5138.0,Curitiba,feijao,Não,7,189
211,28.0,F,4254.0,São Paulo,cafe,Não,1,93
212,57.0,M,,Salvador,,Não,3,144
213,23.0,M,1780.0,Belo Horizonte,arroz,Sim,3,105
214,65.0,F,4192.0,Rio,cafe,Sim,9,432
215,21.0,M,4336.0,Belo Horizonte,arroz,Não,6,228
216,51.0,F,4246.0,Salvador,feijao,Sim,5,110
217,29.0,F,3334.0,Curitiba,oleo,Sim,9,198
218,47.0,F,6092.0,Salvador,oleo,Sim,5,210
219,44.0,M,7025.0,Salvador,oleo,Não,9,378
220,53.0,F,3128.0,São Paulo,arroz,Sim,7,245
221,47.0,,2589.0,Curitiba,feijao,Não,5,125
222,63.0,M,4777.0,São Paulo,oleo,Não,6,216
223,30.0,M,5738.0,Belo Horizonte,acucar,Não,9,198
224,45.0,M,3482.0,Belo Horizonte,acucar,Sim,10,430
225,47.0,F,1298.0,São Paulo,oleo,Sim,3,285
226,47.0,M,6341.0,Belo Horizonte,arroz,Sim,10,550
227,23.0,F,,Belo Horizonte,oleo,Não,4,204
228,35.0,F,2125.0,São Paulo,oleo,Não,2,160
229,50.0,,7991.0,São Paulo,feijao,Não,4,88
230,32.0,M,,São Paulo,cafe,Não,7,392
231,49.0,F,6333.0,Salvador,acucar,Não,1,41
232,26.0,F,4662.0,Curitiba,cafe,Não,9,810
233,48.0,F,1905.0,Rio,arroz,Sim,9,882
234,,M,,São Paulo,arroz,Não,5,220
235,47.0,,1401.0,Rio,feijao,Não,6,468
236,,M,3904.0,Rio,arroz,Não,1,22
237,46.0,F,6235.0,Belo Horizonte,feijao,Sim,7,399
238,55.0,F,6513.0,Salvador,acucar,Não,4,128
239,37.0,M,,Rio,acucar,Sim,7,287
240,18.0,M,2633.0,Rio,oleo,Não,10,220
241,32.0,F,6877.0,São Paulo,cafe,Sim,7,224
242,52.0,M,7083.0,Salvador,cafe,Não,3,63
243,55.0,M,2982.0,Rio,acucar,Sim,2,122
244,56.0,F,6131.0,São Paulo,oleo,Sim,2,104
245,18.0,M,,São Paulo,oleo,Não,6,504
246,45.0,M,7452.0,São Paulo,acucar,Não,2,72
247,30.0,F,5914.0,São Paulo,oleo,Sim,7,343
248,43.0,F,4456.0,Salvador,oleo,Sim,7,546
249,,,4046.0,Belo Horizonte,cafe,Não,4,284
250,37.0,M,4698.0,Salvador,feijao,Sim,3,180
251,31.0,,2665.0,Rio,feijao,Não,2,56
252,27.0,,4884.0,Rio,arroz,Sim,4,248
253,62.0,M,4515.0,Rio,arroz,Sim,2,120
254,34.0,F,4417.0,Belo Horizonte,feijao,Sim,1,26
255,22.0,M,5628.0,São Paulo,cafe,Sim,3,159
256,50.0,F,4523.0,Belo Horizonte,oleo,Não,7,595
257,,F,6272.0,Salvador,oleo,Sim,2,80
258,57.0,,3797.0,Belo Horizonte,acucar,Sim,8,408
259,,M,1772.0,Salvador,cafe,Sim,10,310
260,31.0,M,7449.0,São Paulo,,Sim,10,720
261,,M,5467.0,Salvador,oleo,Não,8,568
262,65.0,F,1584.0,São Paulo,arroz,Sim,4,352
263,26.0,M,5348.0,Salvador,oleo,Sim,6,504
264,26.0,M,7995.0,Rio,arroz,Sim,6,312
265,19.0,F,6510.0,Belo Horizonte,cafe,Não,3,150
266,27.0,F,5727.0,Belo Horizonte,feijao,Sim,1,59
267,19.0,F,3887.0,Curitiba,oleo,Sim,4,336
268,29.0,F,6617.0,Salvador,cafe,Sim,1,39
269,42.0,M,3721.0,Salvador,acucar,Não,2,134
270,26.0,M,3462.0,São Paulo,oleo,Sim,7,693
271,40.0,M,4042.0,Curitiba,cafe,Sim,10,580
272,48.0,F,6498.0,Belo Horizonte,oleo,Sim,5,320
273,35.0,F,2830.0,Salvador,feijao,Sim,10,590
274,30.0,M,5943.0,Belo Horizonte,,Não,7,294
275,,,5521.0,Salvador,acucar,Sim,7,511
276,53.0,,1234.0,Curitiba,oleo,Sim,9,180
277,,M,4234.0,Curitiba,cafe,Sim,2,86
278,30.0,M,5337.0,Rio,cafe,Sim,2,122
279,22.0,F,2907.0,Curitiba,arroz,Sim,1,96
280,32.0,F,3214.0,Belo Horizonte,feijao,Não,10,300
281,51.0,M,4982.0,Salvador,cafe,Não,1,48
282,42.0,M,1680.0,Salvador,oleo,Sim,5,180
283,40.0,F,,São Paulo,feijao,Não,8,776
284,42.0,M,7544.0,Rio,acucar,Sim,5,455
285,50.0,M,3904.0,São Paulo,cafe,Não,8,688
286,20.0,M,,Rio,cafe,Não,2,166
287,39.0,F,6997.0,Curitiba,arroz,Sim,8,712
288,62.0,M,2797.0,Rio,,Não,2,96
289,48.0,F,1405.0,Rio,arroz,Não,6,594
290,62.0,F,,Belo Horizonte,acucar,Sim,5,345
291,24.0,F,4559.0,Salvador,cafe,Sim,9,612
292,41.0,M,1644.0,Salvador,oleo,Não,7,140
293,27.0,,2740.0,Rio,oleo,Sim,3,249
294,43.0,F,6306.0,São Paulo,cafe,Sim,1,54
295,27.0,M,3459.0,São Paulo,arroz,Sim,6,510
296,34.0,M,,São Paulo,acucar,Sim,3,177
297,28.0,M,,Belo Horizonte,acucar,Não,2,132
298,50.0,M,6082.0,Salvador,acucar,Sim,3,288
299,63.0,F,5753.0,Belo Horizonte,cafe,Não,1,97
300,59.0,F,4549.0,Salvador,acucar,Sim,4,80
301,65.0,M,4988.0,Salvador,acucar,Sim,4,208
302,,M,2423.0,Curitiba,acucar,Sim,5,365
303,49.0,M,1320.0,São Paulo,cafe,Não,7,294
304,26.0,M,5765.0,São Paulo,feijao,Sim,1,38
305,22.0,F,6134.0,Curitiba,cafe,Não,6,510
306,63.0,F,4856.0,Curitiba,cafe,Sim,9,207
307,36.0,F,6350.0,Rio,feijao,Sim,8,400
308,42.0,F,7688.0,Curitiba,oleo,Sim,6,324
309,33.0,F,7727.0,Salvador,feijao,Sim,8,168
310,62.0,F,4344.0,São Paulo,feijao,Sim,6,564
311,,F,2385.0,Curitiba,acucar,Não,8,504
312,31.0,F,5262.0,São Paulo,feijao,Não,6,246
313,28.0,M,5808.0,Rio,cafe,Sim,6,450
314,,M,1351.0,Belo Horizonte,arroz,Sim,7,154
315,26.0,F,5415.0,Salvador,feijao,Sim,6,312
316,49.0,F,5633.0,Salvador,arroz,Sim,5,155
317,28.0,F,7858.0,Rio,acucar,Sim,2,160
318,21.0,,,São Paulo,feijao,Sim,4,328
319,30.0,M,5334.0,Rio,feijao,Sim,5,125
320,38.0,M,1575.0,Curitiba,feijao,Sim,10,670
321,64.0,,6617.0,Curitiba,,Sim,9,828
322,28.0,M,7887.0,São Paulo,oleo,Sim,4,256
323,46.0,F,6012.0,Curitiba,feijao,Sim,5,380
324,20.0,M,5073.0,São Paulo,oleo,Sim,7,616
325,43.0,M,5126.0,São Paulo,,Não,3,87
326,56.0,M,6765.0,São Paulo,cafe,Não,3,165
327,29.0,M,5906.0,Belo Horizonte,,Não,3,63
328,62.0,M,2480.0,Belo Horizonte,acucar,Sim,2,46
329,58.0,F,1959.0,Curitiba,cafe,Sim,3,75
330,30.0,F,6272.0,São Paulo,feijao,Sim,3,135
331,41.0,M,,Belo Horizonte,acucar,Sim,4,160
332,65.0,,7739.0,Belo Horizonte,arroz,Não,6,174
333,35.0,,,Belo Horizonte,feijao,Não,1,32
334,24.0,,3718.0,Belo Horizonte,arroz,Sim,1,44
335,19.0,F,,Rio,arroz,Não,7,175
336,,F,1689.0,Rio,oleo,Não,6,390
337,20.0,F,7059.0,Rio,feijao,Não,8,672
338,60.0,M,1343.0,Belo Horizonte,feijao,Sim,7,448
339,24.0,M,1219.0,Salvador,arroz,Não,3,129
340,20.0,M,1776.0,Belo Horizonte,oleo,Sim,5,300
341,40.0,,2930.0,Curitiba,oleo,Sim,2,148
342,62.0,M,4560.0,Salvador,cafe,Sim,9,441
343,64.0,F,,Belo Horizonte,,Sim,8,368
344,64.0,F,1715.0,Belo Horizonte,acucar,Sim,4,128
345,,F,,São Paulo,feijao,Não,6,198
346,54.0,F,3386.0,Salvador,acucar,Sim,8,784
347,47.0,M,7400.0,Rio,acucar,Sim,2,44
348,61.0,M,4824.0,Rio,oleo,Sim,3,219
349,54.0,M,7490.0,Belo Horizonte,oleo,Não,3,270
350,22.0,F,7937.0,Belo Horizonte,oleo,Não,1,40
351,34.0,M,7349.0,Rio,acucar,Sim,3,258
352,19.0,F,4390.0,Rio,feijao,Não,5,235
353,35.0,F,,Salvador,feijao,Não,7,357
354,34.0,M,4738.0,Curitiba,feijao,Sim,7,287
355,44.0,,3802.0,Belo Horizonte,feijao,Não,7,343
356,65.0,,1320.0,Belo Horizonte,cafe,Sim,5,205
357,64.0,M,,Curitiba,,Não,4,324
358,56.0,M,2186.0,Curitiba,oleo,Não,4,100
359,18.0,F,2363.0,Salvador,oleo,Sim,1,46
360,46.0,M,5265.0,Curitiba,acucar,Sim,5,170
361,33.0,F,2876.0,Belo Horizonte,feijao,Sim,3,96
362,50.0,M,,Salvador,cafe,Não,1,50
363,,M,1207.0,Belo Horizonte,arroz,Não,1,91
364,,M,2737.0,Salvador,cafe,Sim,7,294
365,37.0,F,6705.0,Curitiba,,Não,6,402
366,40.0,F,1229.0,Belo Horizonte,oleo,Sim,8,376
367,28.0,M,,Rio,feijao,Sim,6,486
368,65.0,M,,Salvador,cafe,Sim,7,385
369,39.0,F,3145.0,Rio,acucar,Sim,4,148
370,46.0,M,5465.0,Belo Horizonte,cafe,Sim,4,196
371,33.0,,,Salvador,arroz,Não,10,430
372,,F,3755.0,Belo Horizonte,cafe,Sim,1,66
373,52.0,F,6870.0,São Paulo,,Não,9,702
374,56.0,M,7762.0,Salvador,oleo,Sim,6,582
375,36.0,M,3914.0,Salvador,arroz,Sim,9,522
376,21.0,F,4036.0,Rio,feijao,Sim,5,265
377,34.0,M,3107.0,Curitiba,oleo,Sim,9,261
378,50.0,M,4012.0,São Paulo,cafe,Não,2,116
379,52.0,F,,Salvador,oleo,Sim,7,168
380,50.0,F,6290.0,São Paulo,cafe,Sim,1,63
381,19.0,F,1725.0,Salvador,acucar,Sim,8,768
382,35.0,M,5273.0,Salvador,oleo,Não,1,25
383,42.0,,,Curitiba,oleo,Não,7,385
384,45.0,M,2454.0,São Paulo,cafe,Sim,8,656
385,42.0,F,4019.0,Belo Horizonte,feijao,Sim,1,49
386,44.0,M,4307.0,São Paulo,cafe,Não,8,328
387,25.0,F,7593.0,Rio,cafe,Não,5,115
388,18.0,F,7186.0,São Paulo,acucar,Sim,4,148
389,19.0,M,5825.0,Rio,arroz,Não,2,44
390,24.0,M,4506.0,Belo Horizonte,arroz,Sim,5,475
391,54.0,F,1350.0,Salvador,arroz,Não,7,658
392,49.0,F,2956.0,Rio,,Sim,1,55
393,64.0,F,6801.0,Belo Horizonte,,Sim,6,480
394,31.0,F,6815.0,Belo Horizonte,acucar,Não,9,405
395,61.0,F,3881.0,Belo Horizonte,arroz,Sim,7,455
396,38.0,,2708.0,Rio,cafe,Não,5,260
397,49.0,,4634.0,São Paulo,acucar,Sim,3,186
398,37.0,M,7719.0,Belo Horizonte,arroz,Sim,2,100
399,,M,5308.0,Rio,oleo,Sim,8,520
400,31.0,F,7565.0,Curitiba,arroz,Não,10,590
401,48.0,F,7173.0,Rio,feijao,Sim,7,672
402,50.0,F,7889.0,Curitiba,feijao,Sim,9,180
403,25.0,F,1992.0,Rio,cafe,Sim,1,60
404,,F,,São Paulo,acucar,Sim,3,261
405,42.0,M,2280.0,Curitiba,acucar,Não,4,160
406,32.0,M,4409.0,Salvador,,Não,5,370
407,34.0,,6965.0,Belo Horizonte,oleo,Não,5,235
408,32.0,F,5736.0,Rio,arroz,Sim,6,468
409,32.0,M,,Curitiba,,Não,6,468
410,51.0,M,7293.0,Salvador,arroz,Sim,5,435
411,53.0,F,2455.0,São Paulo,cafe,Sim,1,28
412,52.0,,3646.0,Salvador,cafe,Não,5,315
413,33.0,M,5088.0,Belo Horizonte,arroz,Sim,9,513
414,25.0,F,7973.0,Belo Horizonte,feijao,Sim,7,371
415,18.0,F,7348.0,Belo Horizonte,feijao,Sim,5,200
416,60.0,F,7794.0,Rio,,Não,3,123
417,62.0,F,3810.0,Curitiba,feijao,Sim,10,350
418,21.0,M,1419.0,Curitiba,arroz,Não,3,138
419,52.0,M,5888.0,São Paulo,feijao,Sim,2,148
420,49.0,M,7519.0,São Paulo,arroz,Sim,6,300
421,56.0,F,2088.0,Curitiba,arroz,Sim,2,94
422,52.0,F,2739.0,Salvador,,Não,2,148
423,40.0,M,5342.0,Curitiba,cafe,Sim,1,89
424,37.0,M,7114.0,Rio,feijao,Sim,2,50
425,56.0,F,7951.0,São Paulo,acucar,Não,7,252
426,23.0,F,4750.0,Salvador,acucar,Não,7,462
427,49.0,M,,Belo Horizonte,feijao,Sim,2,190
428,24.0,F,,Salvador,cafe,Não,7,385
429,36.0,M,6755.0,São Paulo,arroz,Sim,10,820
430,40.0,F,3473.0,Salvador,cafe,Sim,3,141
431,39.0,F,2005.0,Rio,acucar,Sim,7,280
432,49.0,,4841.0,Curitiba,feijao,Não,9,333
433,22.0,F,5839.0,Belo Horizonte,arroz,Sim,7,700
434,37.0,M,4387.0,Salvador,acucar,Sim,8,520
435,57.0,,6880.0,Rio,arroz,Sim,8,472
436,43.0,M,2518.0,Belo Horizonte,arroz,Não,3,189
437,65.0,M,5446.0,Curitiba,arroz,Sim,9,702
438,,F,7637.0,Salvador,,Sim,1,96
439,52.0,F,2101.0,Rio,acucar,Não,3,279
440,,M,4768.0,Curitiba,arroz,Sim,6,336
441,49.0,M,2075.0,Belo Horizonte,feijao,Não,9,423
442,41.0,F,2178.0,São Paulo,arroz,Não,2,188
443,51.0,F,5254.0,Rio,cafe,Não,10,330
444,43.0,M,,Salvador,,Sim,4,272
445,42.0,M,2677.0,Rio,oleo,Sim,8,472
446,30.0,M,3335.0,Salvador,oleo,Não,1,30
447,29.0,F,,Belo Horizonte,acucar,Não,10,900
448,63.0,F,,Rio,feijao,Não,5,295
449,30.0,F,3477.0,Salvador,cafe,Não,4,308
450,33.0,F,6938.0,São Paulo,acucar,Sim,5,140
451,21.0,F,1818.0,Rio,acucar,Não,7,343
452,35.0,M,3973.0,São Paulo,oleo,Sim,2,80
453,25.0,F,1994.0,Belo Horizonte,arroz,Sim,10,590
454,43.0,F,7183.0,Rio,acucar,Sim,7,490
455,24.0,F,1802.0,Curitiba,feijao,Sim,10,210
456,19.0,F,2487.0,Belo Horizonte,oleo,Não,7,553
457,46.0,F,7383.0,São Paulo,feijao,Não,1,65
458,30.0,F,5902.0,Curitiba,cafe,Sim,4,108
459,30.0,F,4768.0,Curitiba,,Sim,1,76
460,52.0,M,6875.0,Curitiba,arroz,Sim,7,602
461,42.0,M,5800.0,São Paulo,,Não,6,126
462,43.0,M,4675.0,Curitiba,,Não,3,123
463,54.0,M,5091.0,São Paulo,,Sim,2,188
464,49.0,M,5370.0,Rio,acucar,Não,7,539
465,55.0,M,,Belo Horizonte,arroz,Sim,7,245
466,28.0,M,,São Paulo,acucar,Não,9,630
467,31.0,F,2432.0,Curitiba,arroz,Não,1,40
468,32.0,F,,Salvador,arroz,Sim,9,576
469,,M,5876.0,Salvador,cafe,Sim,5,410
470,31.0,F,2759.0,Rio,oleo,Não,4,120
471,37.0,M,1391.0,Curitiba,arroz,Não,4,136
472,47.0,F,4048.0,Curitiba,feijao,Não,2,142
473,21.0,F,7092.0,Curitiba,arroz,Não,6,138
474,28.0,M,3510.0,Curitiba,oleo,Não,4,128
475,26.0,F,4286.0,Rio,cafe,Não,6,270
476,22.0,F,1442.0,São Paulo,cafe,Não,3,135
477,,F,2407.0,Rio,acucar,Sim,6,294
478,54.0,F,,Rio,feijao,Sim,2,192
479,21.0,F,7257.0,Belo Horizonte,acucar,Não,9,189
480,60.0,F,2834.0,São Paulo,oleo,Não,5,460
481,41.0,F,5052.0,Salvador,arroz,Não,5,140
482,56.0,F,3147.0,Belo Horizonte,acucar,Sim,7,616
483,32.0,F,4678.0,Curitiba,feijao,Não,8,632
484,45.0,F,7716.0,Curitiba,cafe,Sim,3,228
485,65.0,M,3317.0,Rio,arroz,Não,7,294
486,30.0,,7830.0,Curitiba,arroz,Não,4,92
487,23.0,,,Belo Horizonte,cafe,Sim,1,85
488,,F,6576.0,São Paulo,feijao,Não,7,672
489,64.0,M,2315.0,Rio,feijao,Não,7,189
490,56.0,M,2734.0,São Paulo,oleo,Sim,7,168
491,27.0,F,2333.0,Rio,acucar,Não,3,159
492,,M,5135.0,Rio,acucar,Sim,4,228
493,42.0,M,4792.0,Rio,feijao,Sim,1,61
494,65.0,,2309.0,São Paulo,,Não,4,272
495,26.0,M,6482.0,Curitiba,cafe,Não,8,232
496,29.0,F,6936.0,São Paulo,acucar,Sim,10,840
497,59.0,F,1318.0,Curitiba,,Não,6,234
498,59.0,M,7880.0,Curitiba,cafe,Sim,2,92
499,43.0,F,3675.0,Curitiba,feijao,Não,10,230
500,40.0,F,3820.0,Curitiba,acucar,Sim,2,94
501,,F,6441.0,Rio,acucar,Não,7,553
502,,,5025.0,Curitiba,oleo,Não,1,75
503,23.0,F,4770.0,São Paulo,arroz,Sim,5,450
504,59.0,M,6976.0,São Paulo,acucar,Não,4,328
505,35.0,M,2768.0,Rio,arroz,Sim,10,320
506,43.0,M,1210.0,Rio,acucar,Não,4,324
507,28.0,F,6688.0,São Paulo,acucar,Sim,6,456
508,35.0,M,6434.0,Salvador,oleo,Sim,3,192
509,20.0,F,5138.0,Rio,feijao,Sim,9,819
510,,M,2749.0,Rio,feijao,Sim,4,256
511,40.0,F,2766.0,Belo Horizonte,oleo,Sim,8,376
512,59.0,F,6257.0,Belo Horizonte,acucar,Sim,8,736
513,38.0,M,7576.0,Curitiba,feijao,Não,1,23
514,35.0,F,2871.0,São Paulo,arroz,Sim,6,150
515,48.0,F,5452.0,Rio,,Sim,8,336
516,39.0,,,Belo Horizonte,feijao,Não,5,215
517,,F,7236.0,Curitiba,,Sim,7,665
518,35.0,F,3759.0,São Paulo,acucar,Sim,8,680
519,40.0,F,2719.0,Rio,oleo,Sim,8,376
520,42.0,M,3162.0,Salvador,oleo,Sim,5,255
521,32.0,F,4360.0,Salvador,,Não,7,266
522,61.0,,7929.0,Salvador,,Sim,6,588
523,52.0,F,1554.0,Belo Horizonte,cafe,Sim,1,80
524,33.0,M,1918.0,Belo Horizonte,cafe,Sim,5,250
525,35.0,F,5428.0,Salvador,arroz,Sim,1,46
526,55.0,F,1475.0,São Paulo,,Sim,2,118
527,22.0,F,5939.0,Salvador,feijao,Sim,3,210
528,19.0,M,7734.0,Rio,cafe,Não,1,100
529,28.0,F,,Curitiba,cafe,Sim,6,240
530,39.0,F,3746.0,Salvador,arroz,Não,3,66
531,55.0,M,,Belo Horizonte,,Não,7,224
532,56.0,,7128.0,Belo Horizonte,oleo,Não,6,240
533,53.0,,3892.0,Rio,oleo,Sim,10,430
534,26.0,M,7262.0,Belo Horizonte,arroz,Sim,7,210
535,23.0,F,5532.0,São Paulo,oleo,Sim,6,516
536,47.0,M,7015.0,Belo Horizonte,oleo,Não,7,434
537,32.0,M,,Belo Horizonte,feijao,Sim,8,384
538,,F,4656.0,Curitiba,oleo,Não,9,864
539,57.0,M,4956.0,Rio,,Não,2,178
540,65.0,F,1436.0,São Paulo,acucar,Não,7,336
541,40.0,M,4639.0,São Paulo,feijao,Sim,9,450
542,35.0,M,5853.0,Belo Horizonte,arroz,Sim,10,200
543,41.0,F,6265.0,Belo Horizonte,feijao,Não,2,194
544,39.0,M,6469.0,Curitiba,arroz,Sim,3,171
545,64.0,M,2149.0,Belo Horizonte,feijao,Sim,6,480
546,41.0,M,5442.0,Salvador,oleo,Sim,1,91
547,54.0,,2610.0,Belo Horizonte,feijao,Não,7,658
548,46.0,F,5803.0,Salvador,acucar,Sim,6,168
549,63.0,M,,Rio,arroz,Não,6,462
550,47.0,F,5858.0,Belo Horizonte,feijao,Sim,2,134
551,18.0,M,1496.0,Salvador,cafe,Sim,8,608
552,20.0,M,5881.0,Belo Horizonte,feijao,Não,9,387
553,55.0,F,7213.0,São Paulo,cafe,Sim,2,116
554,37.0,F,4746.0,São Paulo,arroz,Não,8,320
555,56.0,F,1938.0,São Paulo,,Não,4,240
556,32.0,M,,Rio,oleo,Sim,9,747
557,49.0,M,7930.0,São Paulo,cafe,Sim,9,639
558,41.0,M,7262.0,São Paulo,arroz,Sim,3,183
559,62.0,M,3883.0,Rio,feijao,Não,1,86
560,44.0,M,,Salvador,feijao,Sim,1,65
561,22.0,F,1449.0,Salvador,feijao,Não,3,204
562,,M,5074.0,Belo Horizonte,arroz,Não,8,312
563,41.0,F,2460.0,Salvador,feijao,Não,9,216
564,48.0,M,3867.0,Belo Horizonte,acucar,Sim,1,42
565,52.0,,6621.0,São Paulo,cafe,Não,4,100
566,39.0,F,2139.0,Belo Horizonte,arroz,Sim,7,182
567,33.0,M,7602.0,São Paulo,cafe,Sim,5,195
568,45.0,F,4251.0,Salvador,arroz,Sim,9,279
569,,F,3368.0,Salvador,cafe,Sim,1,27
570,64.0,M,2945.0,Belo Horizonte,oleo,Sim,8,280
571,34.0,M,5175.0,Belo Horizonte,oleo,Sim,6,396
572,57.0,M,3008.0,Belo Horizonte,cafe,Sim,7,560
573,41.0,F,4434.0,Belo Horizonte,cafe,Não,6,342
574,50.0,F,5222.0,Salvador,arroz,Não,7,371
575,59.0,M,,Rio,arroz,Sim,9,198
576,41.0,,7761.0,São Paulo,oleo,Sim,6,552
577,19.0,F,4202.0,São Paulo,feijao,Não,2,122
578,36.0,M,5727.0,Rio,feijao,Sim,1,34
579,,F,3468.0,Salvador,cafe,Sim,5,235
580,30.0,M,6250.0,Rio,cafe,Sim,7,378
581,45.0,F,4666.0,Belo Horizonte,oleo,Sim,5,105
582,31.0,M,3862.0,Belo Horizonte,feijao,Sim,2,92
583,20.0,F,3174.0,Belo Horizonte,,Sim,8,720
584,20.0,F,,Curitiba,,Sim,6,324
585,39.0,M,1774.0,Salvador,arroz,Sim,9,756
586,47.0,F,1858.0,São Paulo,feijao,Sim,6,150
587,56.0,M,1366.0,Belo Horizonte,oleo,Não,2,118
588,45.0,F,2791.0,Rio,arroz,Não,5,105
589,39.0,,6331.0,Rio,acucar,Não,10,800
590,,M,3394.0,Curitiba,acucar,Não,8,608
591,59.0,,4299.0,Belo Horizonte,oleo,Sim,3,171
592,58.0,F,2423.0,São Paulo,arroz,Sim,7,637
593,33.0,F,4985.0,Curitiba,arroz,Sim,4,144
594,19.0,M,3504.0,São Paulo,acucar,Não,3,78
595,34.0,F,7244.0,São Paulo,cafe,Sim,8,584
596,28.0,,6549.0,Curitiba,oleo,Sim,2,140
597,35.0,M,2526.0,Belo Horizonte,acucar,Não,6,516
598,56.0,M,5954.0,Salvador,feijao,Sim,5,265
599,34.0,M,4861.0,Belo Horizonte,arroz,Não,4,332
600,32.0,F,6879.0,Rio,oleo,Sim,5,135
601,20.0,,6879.0,Curitiba,feijao,Não,2,114
602,18.0,F,5509.0,Salvador,arroz,Sim,9,315
603,48.0,F,,Salvador,oleo,Sim,4,212
604,55.0,F,2443.0,Curitiba,feijao,Sim,2,78
605,62.0,M,,São Paulo,cafe,Sim,7,518
606,53.0,M,6720.0,São Paulo,arroz,Sim,9,747
607,30.0,F,4248.0,Belo Horizonte,acucar,Sim,2,130
608,44.0,M,5825.0,Salvador,cafe,Sim,6,216
609,50.0,M,3254.0,Salvador,cafe,Sim,8,424
610,40.0,M,,Belo Horizonte,arroz,Não,2,160
611,31.0,M,,Rio,feijao,Sim,7,525
612,44.0,M,3698.0,Rio,arroz,Não,7,427
613,37.0,F,1631.0,Curitiba,,Sim,5,320
614,31.0,M,6847.0,Salvador,acucar,Não,7,637
615,,F,1360.0,Belo Horizonte,cafe,Sim,2,82
616,31.0,F,5192.0,São Paulo,oleo,Não,4,320
617,28.0,M,1686.0,Rio,feijao,Não,9,810
618,65.0,M,1618.0,Salvador,feijao,Sim,4,348
619,37.0,F,5225.0,Salvador,feijao,Não,10,540
620,64.0,F,4606.0,Curitiba,oleo,Sim,6,534
621,22.0,F,7602.0,Salvador,cafe,Não,10,390
622,63.0,F,2280.0,Belo Horizonte,cafe,Não,1,42
623,37.0,,3675.0,Rio,feijao,Sim,1,39
624,48.0,M,6087.0,Salvador,arroz,Não,8,512
625,58.0,F,1268.0,Rio,arroz,Não,1,97
626,46.0,M,7210.0,Rio,oleo,Não,4,80
627,63.0,M,4557.0,Rio,acucar,Não,1,50
628,26.0,M,1328.0,Belo Horizonte,arroz,Sim,4,112
629,31.0,,,Curitiba,acucar,Sim,7,497
630,64.0,F,5073.0,Curitiba,cafe,Sim,6,336
631,19.0,,6581.0,São Paulo,feijao,Sim,2,90
632,32.0,M,5097.0,Rio,acucar,Não,2,194
633,,M,5531.0,Curitiba,feijao,Não,4,156
634,41.0,M,,Belo Horizonte,cafe,Sim,9,306
635,20.0,M,2133.0,Salvador,oleo,Sim,1,48
636,58.0,F,3749.0,Salvador,cafe,Sim,8,368
637,22.0,M,,Belo Horizonte,,Não,3,195
638,43.0,F,1629.0,Rio,acucar,Sim,3,240
639,48.0,F,,Salvador,arroz,Sim,1,30
640,37.0,F,2487.0,São Paulo,,Não,5,290
641,24.0,F,2326.0,Curitiba,acucar,Sim,10,570
642,,M,1838.0,Salvador,feijao,Não,2,62
643,34.0,F,3830.0,Belo Horizonte,feijao,Sim,4,200
644,30.0,F,4054.0,Curitiba,cafe,Não,4,304
645,46.0,F,3488.0,Rio,feijao,Sim,6,432
646,60.0,M,2211.0,São Paulo,oleo,Sim,5,495
647,34.0,M,1910.0,São Paulo,oleo,Sim,5,460
648,30.0,M,3023.0,Salvador,oleo,Não,10,900
649,35.0,F,3602.0,Curitiba,feijao,Sim,5,375
650,47.0,,6871.0,Belo Horizonte,oleo,Não,1,43
651,40.0,F,,Salvador,cafe,Sim,4,336
652,,M,7290.0,Rio,acucar,Sim,9,432
653,47.0,F,,Rio,oleo,Não,8,784
654,38.0,F,,São Paulo,cafe,Sim,6,384
655,65.0,M,2928.0,São Paulo,oleo,Sim,10,540
656,57.0,F,5474.0,Belo Horizonte,cafe,Sim,10,830
657,26.0,F,4909.0,Curitiba,acucar,Não,5,170
658,28.0,F,7230.0,São Paulo,cafe,Sim,5,150
659,31.0,,3599.0,São Paulo,oleo,Sim,4,144
660,24.0,F,7979.0,São Paulo,arroz,Sim,5,300
661,,F,1630.0,Rio,cafe,Sim,8,176
662,35.0,,2435.0,Belo Horizonte,arroz,Não,5,420
663,59.0,,7531.0,Belo Horizonte,acucar,Não,5,465
664,23.0,M,1946.0,Belo Horizonte,oleo,Não,3,126
665,,F,1940.0,Curitiba,oleo,Não,4,104
666,51.0,F,3680.0,Rio,feijao,Sim,10,500
667,50.0,M,5965.0,Salvador,arroz,Sim,4,172
668,53.0,M,1262.0,Salvador,feijao,Sim,5,430
669,45.0,,6323.0,Curitiba,acucar,Sim,3,102
670,18.0,M,3179.0,Curitiba,cafe,Sim,8,768
671,,M,6354.0,Rio,oleo,Não,1,35
672,24.0,F,,Curitiba,feijao,Sim,2,72
673,58.0,F,3485.0,Belo Horizonte,oleo,Sim,5,440
674,49.0,F,5835.0,Rio,arroz,Não,10,520
675,63.0,M,2050.0,Belo Horizonte,acucar,Sim,8,472
676,20.0,,4303.0,Belo Horizonte,arroz,Não,9,882
677,40.0,M,5997.0,Rio,oleo,Sim,4,152
678,39.0,F,1620.0,São Paulo,cafe,Sim,3,240
679,40.0,M,5993.0,Rio,oleo,Não,9,774
680,,F,4696.0,São Paulo,acucar,Não,5,150
681,38.0,M,4094.0,São Paulo,oleo,Sim,7,154
682,56.0,F,7812.0,Salvador,oleo,Sim,4,204
683,33.0,M,1930.0,Salvador,feijao,Não,6,324
684,30.0,M,6774.0,Curitiba,feijao,Sim,5,250
685,61.0,F,4729.0,Salvador,acucar,Sim,7,574
686,30.0,M,2932.0,Rio,arroz,Sim,3,105
687,38.0,M,1290.0,São Paulo,,Sim,1,68
688,60.0,F,5661.0,Salvador,cafe,Sim,5,255
689,65.0,M,,Rio,arroz,Sim,2,168
690,39.0,M,3185.0,Curitiba,cafe,Sim,6,360
691,46.0,M,7258.0,São Paulo,feijao,Sim,5,455
692,52.0,F,3086.0,Rio,cafe,Sim,3,216
693,63.0,M,6627.0,Rio,feijao,Sim,5,185
694,39.0,M,3911.0,Belo Horizonte,feijao,Sim,6,414
695,,F,7471.0,São Paulo,acucar,Sim,9,450
696,,M,3758.0,Rio,oleo,Sim,2,74
697,60.0,M,3489.0,Belo Horizonte,acucar,Sim,5,345
698,56.0,M,7287.0,Curitiba,oleo,Sim,3,84
699,53.0,M,,Salvador,cafe,Não,10,240
700,58.0,M,2173.0,Belo Horizonte,feijao,Sim,2,56
701,57.0,M,1344.0,Rio,acucar,Sim,3,210
702,65.0,F,5712.0,Curitiba,arroz,Sim,8,216
703,61.0,,2029.0,Curitiba,feijao,Sim,3,300
704,46.0,M,,Rio,acucar,Não,7,490
705,41.0,F,2961.0,Salvador,arroz,Não,10,670
706,32.0,F,5635.0,São Paulo,feijao,Não,1,59
707,36.0,,7091.0,Salvador,feijao,Não,6,216
708,47.0,F,,Belo Horizonte,oleo,Não,6,324
709,23.0,M,3993.0,Curitiba,cafe,Sim,5,465
710,21.0,F,,Belo Horizonte,arroz,Sim,2,78
711,47.0,F,3321.0,Belo Horizonte,cafe,Sim,10,880
712,39.0,M,7327.0,Salvador,arroz,Sim,4,220
713,58.0,F,6762.0,Rio,acucar,Sim,5,475
714,40.0,M,,Belo Horizonte,arroz,Sim,8,560
715,46.0,F,1241.0,São Paulo,acucar,Não,2,52
716,64.0,F,6956.0,Rio,acucar,Sim,3,297
717,19.0,M,6511.0,São Paulo,cafe,Não,3,288
718,54.0,,6705.0,Salvador,cafe,Não,2,192
719,,M,,Belo Horizonte,,Não,2,150
720,34.0,,4671.0,Belo Horizonte,oleo,Não,2,160
721,45.0,F,1921.0,Salvador,cafe,Sim,2,78
722,21.0,F,5077.0,Belo Horizonte,arroz,Sim,9,729
723,43.0,F,,Rio,acucar,Não,4,88
724,35.0,F,6117.0,Belo Horizonte,cafe,Sim,8,800
725,62.0,M,2438.0,Curitiba,oleo,Não,7,553
726,64.0,F,3493.0,Salvador,feijao,Sim,3,234
727,,F,3621.0,São Paulo,,Sim,7,308
728,18.0,M,2959.0,Rio,acucar,Sim,7,616
729,22.0,F,4295.0,Rio,oleo,Não,5,400
730,,F,2939.0,São Paulo,,Não,6,444
731,29.0,,,Curitiba,feijao,Sim,2,74
732,21.0,,6196.0,Belo Horizonte,oleo,Sim,5,180
733,,M,6620.0,São Paulo,oleo,Não,4,148
734,21.0,M,5061.0,Curitiba,cafe,Não,8,184
735,58.0,,2988.0,São Paulo,arroz,Sim,8,456
736,34.0,M,2746.0,Salvador,cafe,Não,8,256
737,32.0,,7040.0,Rio,feijao,Sim,6,450
738,57.0,,3357.0,São Paulo,,Não,2,96
739,24.0,F,,Belo Horizonte,acucar,Sim,8,320
740,21.0,F,1989.0,Rio,acucar,Não,10,660
741,50.0,M,4726.0,Salvador,acucar,Sim,1,84
742,26.0,M,3214.0,Salvador,acucar,Sim,1,82
743,64.0,F,7689.0,São Paulo,feijao,Sim,7,182
744,57.0,F,2059.0,Salvador,acucar,Não,7,392
745,40.0,M,7584.0,Salvador,oleo,Sim,8,488
746,49.0,F,,Belo Horizonte,feijao,Sim,5,120
747,49.0,M,5353.0,Rio,acucar,Não,9,522
748,,M,2123.0,Belo Horizonte,acucar,Sim,8,464
749,52.0,F,7707.0,Belo Horizonte,arroz,Não,5,215
750,58.0,M,7630.0,Rio,feijao,Sim,7,546
751,65.0,M,1569.0,São Paulo,oleo,Sim,3,87
752,41.0,M,5415.0,Belo Horizonte,acucar,Sim,2,104
753,20.0,F,5279.0,Belo Horizonte,cafe,Não,6,588
754,42.0,M,4697.0,Rio,acucar,Sim,2,88
755,34.0,M,6735.0,Curitiba,,Não,8,624
756,,M,5430.0,Curitiba,,Não,9,738
757,,M,4425.0,Rio,cafe,Não,9,387
758,35.0,M,,São Paulo,arroz,Não,4,232
759,59.0,,7065.0,São Paulo,arroz,Sim,9,270
760,32.0,M,4393.0,Salvador,cafe,Não,8,624
761,58.0,M,5071.0,São Paulo,arroz,Sim,3,177
762,22.0,M,7442.0,Rio,feijao,Sim,7,595
763,32.0,M,5793.0,Rio,acucar,Sim,2,182
764,26.0,M,,São Paulo,feijao,Sim,9,531
765,53.0,M,6839.0,Rio,oleo,Sim,1,82
766,65.0,M,5624.0,Salvador,arroz,Não,2,146
767,46.0,M,,Rio,acucar,Não,5,420
768,28.0,M,4580.0,Rio,acucar,Sim,2,194
769,48.0,,3379.0,Salvador,arroz,Sim,5,185
770,47.0,F,2220.0,Curitiba,feijao,Sim,10,890
771,32.0,,6479.0,Rio,arroz,Sim,6,354
772,23.0,F,3821.0,Belo Horizonte,feijao,Sim,7,196
773,36.0,F,4104.0,São Paulo,arroz,Não,5,265
774,20.0,F,7521.0,São Paulo,cafe,Não,1,93
775,58.0,F,7858.0,São Paulo,feijao,Sim,3,129
776,26.0,M,7736.0,Belo Horizonte,,Sim,1,65
777,60.0,F,7977.0,Rio,acucar,Sim,6,498
778,33.0,F,5651.0,Salvador,acucar,Sim,2,144
779,46.0,M,4993.0,Salvador,arroz,Sim,8,456
780,56.0,F,5195.0,São Paulo,,Não,2,132
781,25.0,M,6223.0,Rio,cafe,Sim,8,416
782,43.0,M,4182.0,Curitiba,cafe,Sim,10,800
783,24.0,F,6560.0,Salvador,cafe,Sim,5,335
784,23.0,M,6642.0,Belo Horizonte,oleo,Sim,6,186
785,,M,3560.0,Salvador,arroz,Sim,7,511
786,28.0,F,1511.0,São Paulo,feijao,Não,8,696
787,44.0,M,3411.0,São Paulo,acucar,Não,7,644
788,43.0,M,1817.0,Curitiba,cafe,Sim,4,252
789,28.0,F,6325.0,Salvador,feijao,Não,1,86
790,28.0,M,5776.0,Rio,cafe,Sim,10,220
791,37.0,M,6359.0,Rio,,Não,8,416
792,53.0,M,1310.0,São Paulo,cafe,Sim,3,144
793,38.0,M,7991.0,Belo Horizonte,feijao,Não,8,440
794,62.0,M,4635.0,Curitiba,acucar,Não,4,144
795,27.0,F,7459.0,Salvador,arroz,Sim,3,273
796,,M,7186.0,Salvador,acucar,Sim,6,390
797,59.0,,2219.0,São Paulo,cafe,Sim,3,78
798,48.0,F,7575.0,Curitiba,feijao,Sim,4,284
799,26.0,M,7056.0,São Paulo,feijao,Não,10,950
800,63.0,F,5804.0,Belo Horizonte,acucar,Não,2,52
801,46.0,M,7597.0,Rio,cafe,Não,1,95
802,34.0,M,4528.0,Rio,arroz,Não,3,282
803,45.0,M,2152.0,Belo Horizonte,acucar,Sim,6,504
804,,F,2006.0,Belo Horizonte,feijao,Não,8,384
805,41.0,F,,Curitiba,oleo,Sim,2,150
806,60.0,F,3158.0,Curitiba,feijao,Sim,1,64
807,,M,7396.0,Salvador,feijao,Sim,3,93
808,45.0,F,2372.0,São Paulo,feijao,Sim,1,59
809,46.0,M,5240.0,Curitiba,feijao,Sim,4,108
810,61.0,F,3538.0,São Paulo,feijao,Sim,8,352
811,62.0,F,6978.0,São Paulo,oleo,Não,2,144
812,44.0,M,2766.0,Rio,,Não,6,246
813,54.0,F,5878.0,Belo Horizonte,arroz,Sim,7,679
814,19.0,F,3601.0,Salvador,cafe,Sim,4,272
815,,M,3731.0,Curitiba,feijao,Não,10,980
816,36.0,M,1300.0,São Paulo,acucar,Não,2,164
817,19.0,M,3044.0,Belo Horizonte,cafe,Sim,6,150
818,,F,7980.0,São Paulo,arroz,Sim,7,371
819,38.0,F,1799.0,São Paulo,oleo,Não,8,216
820,,M,1624.0,Rio,cafe,Sim,10,690
821,39.0,F,7338.0,Belo Horizonte,,Sim,6,456
822,48.0,M,5950.0,Belo Horizonte,acucar,Não,5,110
823,,M,2767.0,Belo Horizonte,arroz,Não,6,216
824,24.0,M,4543.0,Belo Horizonte,feijao,Sim,1,20
825,29.0,F,7508.0,São Paulo,cafe,Sim,4,284
826,29.0,M,5326.0,Salvador,oleo,Sim,2,158
827,20.0,M,6851.0,São Paulo,cafe,Sim,7,210
828,24.0,,7867.0,Belo Horizonte,cafe,Não,9,360
829,47.0,M,4124.0,São Paulo,arroz,Não,4,132
830,31.0,F,6538.0,Curitiba,feijao,Sim,9,828
831,43.0,F,4499.0,Belo Horizonte,,Não,6,546
832,47.0,,2397.0,Rio,cafe,Sim,6,138
833,58.0,M,5036.0,Rio,,Não,1,70
834,57.0,,4279.0,São Paulo,arroz,Sim,6,324
835,25.0,F,2167.0,Belo Horizonte,cafe,Não,2,136
836,36.0,F,7780.0,Belo Horizonte,,Sim,9,729
837,18.0,F,6284.0,Belo Horizonte,feijao,Sim,1,47
838,55.0,M,6382.0,São Paulo,feijao,Sim,1,43
839,35.0,F,1682.0,Rio,,Sim,7,546
840,43.0,,2336.0,Salvador,oleo,Não,7,399
841,54.0,F,7563.0,Curitiba,acucar,Não,5,370
842,24.0,M,3582.0,São Paulo,,Não,6,480
843,18.0,F,7899.0,Rio,arroz,Sim,3,117
844,21.0,F,4561.0,Salvador,acucar,Sim,10,590
845,23.0,M,7777.0,Rio,cafe,Não,3,144
846,44.0,,5877.0,São Paulo,oleo,Sim,4,384
847,,,6727.0,Rio,acucar,Sim,3,183
848,18.0,F,6942.0,Curitiba,acucar,Sim,6,138
849,56.0,F,7783.0,São Paulo,oleo,Sim,6,294
850,24.0,M,7404.0,Salvador,arroz,Sim,5,360
851,19.0,M,7299.0,São Paulo,acucar,Sim,3,165
852,40.0,,2688.0,Rio,oleo,Sim,6,504
853,57.0,M,5191.0,Rio,acucar,Sim,8,272
854,53.0,M,5605.0,Belo Horizonte,,Sim,5,380
855,19.0,F,6163.0,São Paulo,arroz,Sim,6,138
856,47.0,,7207.0,Rio,oleo,Sim,6,276
857,57.0,F,7210.0,Salvador,arroz,Não,5,115
858,60.0,F,1873.0,São Paulo,cafe,Não,9,405
859,36.0,F,,São Paulo,arroz,Não,1,93
860,59.0,F,7311.0,Curitiba,cafe,Sim,1,96
861,65.0,F,2626.0,Salvador,acucar,Não,9,387
862,31.0,M,5131.0,Belo Horizonte,feijao,Não,1,79
863,59.0,M,,Rio,acucar,Sim,3,234
864,37.0,M,6113.0,São Paulo,oleo,Sim,8,456
865,64.0,F,1648.0,Curitiba,feijao,Sim,4,132
866,25.0,F,2204.0,Salvador,,Sim,1,72
867,48.0,F,2326.0,Rio,arroz,Sim,1,59
868,44.0,F,4731.0,Belo Horizonte,,Não,1,23
869,58.0,,7121.0,Curitiba,cafe,Não,10,530
870,42.0,M,1879.0,Salvador,cafe,Sim,1,72
871,45.0,F,2529.0,Salvador,cafe,Não,2,128
872,23.0,M,1936.0,Curitiba,oleo,Sim,10,630
873,47.0,M,3267.0,Salvador,oleo,Sim,5,375
874,58.0,,1492.0,Belo Horizonte,acucar,Não,5,125
875,38.0,M,7336.0,Rio,feijao,Sim,6,174
876,,F,,Rio,feijao,Não,1,82
877,28.0,M,7437.0,São Paulo,feijao,Sim,5,105
878,34.0,M,3535.0,Curitiba,,Sim,9,369
879,43.0,,5117.0,Curitiba,arroz,Sim,5,110
880,31.0,F,5644.0,Curitiba,feijao,Sim,8,504
881,48.0,M,1428.0,Curitiba,arroz,Não,7,357
882,50.0,M,3652.0,Rio,,Sim,10,210
883,46.0,M,,Salvador,oleo,Não,8,168
884,,F,3406.0,São Paulo,acucar,Não,8,760
885,58.0,F,,Rio,arroz,Não,1,55
886,54.0,M,1232.0,Rio,,Sim,7,406
887,55.0,F,4641.0,Rio,feijao,Não,2,192
888,38.0,M,7742.0,Belo Horizonte,oleo,Sim,7,588
889,18.0,M,,Belo Horizonte,cafe,Não,7,567
890,44.0,F,1522.0,Belo Horizonte,feijao,Sim,10,550
891,20.0,M,6189.0,Salvador,oleo,Não,1,87
892,30.0,F,6748.0,Belo Horizonte,arroz,Sim,7,483
893,21.0,M,5979.0,Salvador,acucar,Não,8,504
894,60.0,M,3752.0,Rio,oleo,Não,7,357
895,33.0,F,7628.0,Belo Horizonte,arroz,Não,6,120
896,30.0,M,6538.0,Rio,feijao,Sim,8,600
897,42.0,F,4343.0,Salvador,oleo,Sim,2,200
898,50.0,F,3533.0,Belo Horizonte,acucar,Sim,9,801
899,43.0,F,6053.0,Curitiba,arroz,Não,6,420
900,20.0,F,3827.0,Salvador,arroz,Sim,7,343
901,,M,,Curitiba,cafe,Sim,6,564
902,23.0,F,4510.0,São Paulo,arroz,Sim,6,498
903,52.0,F,3690.0,São Paulo,arroz,Sim,5,430
904,42.0,F,3591.0,São Paulo,cafe,Não,1,29
905,46.0,F,7868.0,São Paulo,cafe,Sim,4,184
906,19.0,M,6446.0,Curitiba,oleo,Não,8,232
907,37.0,F,4755.0,São Paulo,oleo,Sim,2,86
908,39.0,M,,Rio,,Sim,1,49
909,42.0,M,7918.0,São Paulo,cafe,Sim,2,192
910,47.0,M,7264.0,Belo Horizonte,cafe,Não,2,64
911,28.0,M,7924.0,Curitiba,oleo,Sim,6,270
912,47.0,M,1921.0,Rio,,Sim,1,77
913,56.0,,3159.0,Rio,arroz,Sim,10,1000
914,48.0,F,3451.0,São Paulo,,Não,5,380
915,50.0,F,7984.0,Belo Horizonte,acucar,Não,1,42
916,26.0,M,7832.0,São Paulo,,Não,4,148
917,23.0,F,1339.0,Curitiba,cafe,Não,3,219
918,53.0,M,7705.0,Rio,arroz,Não,4,388
919,37.0,,1235.0,Rio,cafe,Sim,6,414
920,19.0,F,,Salvador,,Não,2,50
921,46.0,F,3763.0,Belo Horizonte,oleo,Sim,9,360
922,32.0,F,1509.0,Salvador,oleo,Sim,5,250
923,,M,5349.0,Belo Horizonte,arroz,Sim,4,360
924,19.0,M,7401.0,Belo Horizonte,feijao,Sim,5,410
925,49.0,F,1522.0,Rio,oleo,Não,6,276
926,26.0,M,1909.0,Rio,feijao,Sim,6,234
927,,F,3829.0,São Paulo,feijao,Sim,4,316
928,41.0,M,3548.0,São Paulo,cafe,Sim,5,310
929,47.0,M,1326.0,Curitiba,cafe,Sim,6,198
930,55.0,,,São Paulo,cafe,Não,4,396
931,22.0,F,2102.0,Salvador,feijao,Não,5,300
932,24.0,M,2659.0,Salvador,cafe,Sim,6,420
933,37.0,F,6954.0,Salvador,feijao,Sim,10,370
934,59.0,,5247.0,Salvador,cafe,Sim,3,267
935,28.0,M,6531.0,Belo Horizonte,oleo,Sim,2,158
936,50.0,,6524.0,Curitiba,cafe,Não,3,177
937,37.0,M,3302.0,Belo Horizonte,cafe,Não,5,240
938,29.0,,7272.0,Belo Horizonte,arroz,Não,3,177
939,59.0,M,,Rio,cafe,Sim,6,474
940,42.0,F,4896.0,Curitiba,oleo,Não,9,873
941,20.0,F,1287.0,Curitiba,oleo,Não,9,369
942,42.0,M,6441.0,Salvador,feijao,Sim,3,183
943,,M,6858.0,Rio,feijao,Sim,2,82
944,35.0,F,5990.0,Rio,cafe,Não,2,172
945,62.0,M,6503.0,Rio,oleo,Não,10,830
946,45.0,M,,Salvador,cafe,Sim,7,679
947,61.0,F,3542.0,Curitiba,oleo,Sim,3,111
948,,F,4633.0,Rio,arroz,Sim,10,730
949,,M,4172.0,Curitiba,feijao,Sim,4,372
950,27.0,M,2150.0,Rio,acucar,Não,9,297
951,51.0,F,6910.0,Salvador,feijao,Sim,6,474
952,58.0,M,6702.0,Salvador,feijao,Sim,3,201
953,,M,3114.0,Salvador,,Não,1,71
954,34.0,F,5556.0,Curitiba,arroz,Não,3,81
955,,M,7617.0,São Paulo,cafe,Não,4,376
956,36.0,F,4386.0,Belo Horizonte,arroz,Sim,4,368
957,41.0,F,1506.0,Salvador,feijao,Não,3,258
958,58.0,F,3079.0,Belo Horizonte,feijao,Não,3,168
959,32.0,F,3870.0,Curitiba,cafe,Não,9,369
960,32.0,F,,Belo Horizonte,acucar,Sim,4,92
961,,M,6916.0,Salvador,feijao,Sim,2,98
962,29.0,F,2143.0,Rio,arroz,Não,4,228
963,38.0,M,6385.0,Belo Horizonte,cafe,Não,10,1000
964,28.0,F,1658.0,São Paulo,cafe,Sim,2,60
965,,F,5383.0,São Paulo,arroz,Sim,3,237
966,35.0,F,7914.0,Salvador,,Sim,5,210
967,30.0,F,7175.0,São Paulo,acucar,Sim,6,204
968,18.0,M,7602.0,Rio,arroz,Sim,6,396
969,21.0,M,4426.0,Rio,arroz,Sim,9,702
970,53.0,F,4404.0,Rio,arroz,Sim,7,623
971,23.0,F,5948.0,São Paulo,arroz,Sim,4,152
972,63.0,F,5647.0,Rio,arroz,Sim,6,516
973,54.0,F,7228.0,Curitiba,oleo,Sim,8,544
974,48.0,M,7895.0,Salvador,oleo,Sim,2,126
975,23.0,F,,Belo Horizonte,oleo,Sim,3,102
976,40.0,M,5157.0,São Paulo,cafe,Sim,1,35
977,48.0,F,4854.0,Rio,feijao,Não,1,64
978,35.0,M,6463.0,Rio,acucar,Não,8,712
979,49.0,F,3687.0,Salvador,cafe,Não,3,186
980,29.0,M,,Belo Horizonte,feijao,Não,6,450
981,34.0,M,6442.0,São Paulo,cafe,Não,1,85
982,19.0,M,5551.0,Curitiba,oleo,Não,2,42
983,36.0,M,5510.0,Rio,feijao,Não,4,156
984,63.0,M,6962.0,Rio,arroz,Não,8,352
985,,M,3155.0,Salvador,oleo,Sim,10,360
986,39.0,F,2149.0,Belo Horizonte,cafe,Sim,10,580
987,33.0,M,5921.0,Curitiba,,Não,6,258
988,31.0,M,5754.0,Rio,oleo,Não,3,279
989,58.0,F,5647.0,São Paulo,acucar,Não,2,148
990,65.0,M,3210.0,Belo Horizonte,feijao,Sim,6,294
991,,M,3217.0,Rio,oleo,Não,4,80
992,63.0,F,7770.0,Rio,arroz,Não,3,87
993,35.0,M,1533.0,São Paulo,acucar,Sim,2,62
994,36.0,F,3999.0,Salvador,,Não,6,150
995,61.0,F,3575.0,São Paulo,arroz,Sim,2,60
996,28.0,,3729.0,Rio,arroz,Não,10,550
997,25.0,M,4597.0,Rio,cafe,Sim,8,360
998,38.0,M,1343.0,Curitiba,cafe,Não,1,100
999,61.0,M,5929.0,Rio,feijao,Sim,10,780
1000,41.0,M,1854.0,Belo Horizonte,oleo,Sim,7,378
1001,,F,,Rio,feijao,Não,7,462
1002,62.0,F,5918.0,Salvador,arroz,Sim,8,352
1003,43.0,,4673.0,Salvador,feijao,Sim,2,196
1004,60.0,,4735.0,São Paulo,oleo,Sim,7,672
1005,55.0,M,7318.0,São Paulo,oleo,Não,2,90
1006,53.0,M,5173.0,Salvador,,Não,9,288
1007,24.0,M,7035.0,Salvador,feijao,Não,2,178
1008,25.0,M,1945.0,Curitiba,arroz,Sim,2,114
1009,18.0,M,3964.0,São Paulo,cafe,Não,2,194
1010,46.0,F,1354.0,Curitiba,oleo,Sim,7,329
1011,62.0,M,5800.0,Salvador,feijao,Não,7,224
1012,25.0,M,2320.0,Salvador,arroz,Não,4,84
1013,21.0,F,1969.0,Salvador,feijao,Sim,5,320
1014,45.0,M,6670.0,São Paulo,,Não,3,228
1015,63.0,M,4426.0,São Paulo,acucar,Sim,10,940
1016,26.0,M,6654.0,Rio,acucar,Sim,6,384
1017,64.0,M,5499.0,Salvador,cafe,Sim,6,480
1018,25.0,F,5833.0,São Paulo,arroz,Sim,6,450
1019,40.0,F,7929.0,São Paulo,,Sim,8,192
1020,65.0,F,3696.0,Belo Horizonte,feijao,Não,3,126
1021,63.0,F,6703.0,São Paulo,feijao,Não,4,172
1022,20.0,F,4534.0,Salvador,feijao,Não,5,325
1023,,M,5888.0,Curitiba,cafe,Não,10,330
1024,50.0,M,7902.0,Salvador,cafe,Não,7,392
1025,,F,6934.0,Rio,acucar,Sim,2,124
1026,46.0,F,4031.0,Salvador,acucar,Sim,6,216
1027,20.0,M,4289.0,Curitiba,feijao,Não,4,300
1028,39.0,F,1614.0,São Paulo,arroz,Não,9,621
1029,39.0,M,1397.0,Belo Horizonte,oleo,Sim,6,240
1030,39.0,F,6876.0,Curitiba,arroz,Sim,3,252
1031,29.0,M,7095.0,Curitiba,feijao,Não,7,497
1032,23.0,M,7662.0,Salvador,oleo,Sim,6,588
1033,60.0,M,3469.0,Rio,oleo,Não,8,208
1034,33.0,,,Belo Horizonte,feijao,Não,6,270
1035,45.0,F,7042.0,Rio,feijao,Sim,4,372
1036,35.0,F,2293.0,São Paulo,feijao,Não,5,160
1037,40.0,F,,Rio,acucar,Sim,2,140
1038,34.0,F,,Rio,oleo,Sim,2,168
1039,26.0,M,5650.0,Curitiba,arroz,Não,10,720
1040,40.0,F,,Belo Horizonte,feijao,Sim,2,130
1041,46.0,F,,Belo Horizonte,oleo,Não,7,210
1042,44.0,M,4790.0,Rio,arroz,Não,5,405
1043,38.0,F,6307.0,Belo Horizonte,feijao,Sim,6,318
1044,23.0,F,7908.0,Rio,arroz,Sim,1,70
1045,25.0,F,1915.0,Rio,acucar,Não,9,234
1046,51.0,F,1710.0,Rio,oleo,Sim,9,747
1047,,F,7101.0,Belo Horizonte,cafe,Sim,1,49
1048,44.0,M,7584.0,Rio,arroz,Sim,5,240
1049,46.0,F,4134.0,São Paulo,oleo,Não,6,432
1050,43.0,M,1611.0,São Paulo,arroz,Sim,3,192
1051,50.0,F,2342.0,Salvador,acucar,Não,9,540
1052,52.0,M,4687.0,Belo Horizonte,,Sim,1,98
1053,41.0,M,4210.0,Rio,cafe,Sim,7,588
1054,46.0,M,4702.0,Rio,oleo,Não,1,21
1055,35.0,,3494.0,São Paulo,oleo,Não,4,244
1056,54.0,M,5186.0,Curitiba,feijao,Sim,10,760
1057,35.0,F,1689.0,Rio,oleo,Sim,10,360
1058,59.0,M,6424.0,São Paulo,acucar,Não,9,342
1059,38.0,M,3951.0,Belo Horizonte,arroz,Não,1,68
1060,,M,3753.0,Belo Horizonte,feijao,Sim,3,120
1061,42.0,F,7935.0,Rio,oleo,Não,2,150
1062,23.0,M,2956.0,Curitiba,feijao,Sim,9,657
1063,46.0,F,7037.0,Curitiba,arroz,Não,9,666
1064,27.0,F,7901.0,Belo Horizonte,feijao,Sim,7,658
1065,56.0,M,6026.0,Curitiba,arroz,Sim,10,660
1066,23.0,F,7566.0,Salvador,,Não,10,420
1067,28.0,F,7173.0,Rio,,Não,3,213
1068,59.0,F,5320.0,Belo Horizonte,cafe,Sim,6,342
1069,60.0,F,3529.0,Salvador,,Não,4,88
1070,23.0,,1578.0,São Paulo,arroz,Não,8,272
1071,51.0,M,,Curitiba,cafe,Sim,9,297
1072,23.0,,6458.0,São Paulo,,Sim,7,308
1073,51.0,,7447.0,Rio,cafe,Não,8,560
1074,,F,6841.0,Rio,feijao,Sim,3,111
1075,48.0,F,2393.0,São Paulo,acucar,Sim,3,285
1076,60.0,F,3536.0,Salvador,acucar,Não,6,438
1077,58.0,F,1493.0,Belo Horizonte,acucar,Sim,1,90
1078,20.0,F,4934.0,Salvador,arroz,Sim,8,288
1079,59.0,F,3333.0,Curitiba,,Não,8,752
1080,58.0,F,4813.0,São Paulo,arroz,Não,8,624
1081,52.0,F,6526.0,Salvador,feijao,Sim,10,410
1082,47.0,M,6557.0,Belo Horizonte,acucar,Sim,5,245
1083,27.0,F,1518.0,Salvador,acucar,Não,7,427
1084,44.0,F,4534.0,São Paulo,cafe,Não,1,43
1085,40.0,F,2864.0,Rio,arroz,Sim,1,42
1086,24.0,F,2946.0,Rio,oleo,Sim,7,217
1087,53.0,M,2720.0,Belo Horizonte,cafe,Sim,4,152
1088,44.0,M,3185.0,Rio,acucar,Não,5,425
1089,27.0,M,4175.0,Curitiba,acucar,Sim,8,464
1090,40.0,F,2058.0,Curitiba,oleo,Sim,1,81
1091,50.0,M,1798.0,São Paulo,,Sim,2,100
1092,48.0,F,7910.0,Belo Horizonte,oleo,Sim,3,285
1093,45.0,F,2062.0,Rio,acucar,Não,9,747
1094,22.0,M,4772.0,São Paulo,oleo,Não,9,342
1095,24.0,M,3550.0,Salvador,,Não,4,284
1096,64.0,M,7460.0,São Paulo,feijao,Sim,10,720
1097,32.0,M,5910.0,Curitiba,oleo,Sim,8,672
1098,29.0,F,5132.0,Belo Horizonte,acucar,Sim,5,400
1099,19.0,M,2584.0,Curitiba,acucar,Sim,7,686
1100,49.0,M,2203.0,Rio,arroz,Não,3,180
1101,61.0,F,5256.0,Belo Horizonte,arroz,Sim,4,188
1102,25.0,M,1557.0,São Paulo,arroz,Sim,8,728
1103,53.0,M,4298.0,Belo Horizonte,feijao,Sim,2,166
1104,64.0,M,7014.0,São Paulo,cafe,Sim,5,110
1105,,F,,Curitiba,arroz,Sim,4,304
1106,,F,4015.0,São Paulo,,Sim,8,232
1107,48.0,F,,Salvador,arroz,Sim,6,312
1108,47.0,F,2526.0,Rio,acucar,Sim,5,145
1109,44.0,M,,Rio,cafe,Sim,6,312
1110,54.0,F,5542.0,Curitiba,cafe,Sim,2,150
1111,59.0,F,4582.0,Rio,acucar,Não,9,747
1112,35.0,M,,Belo Horizonte,oleo,Não,8,312
1113,62.0,M,3376.0,Salvador,arroz,Sim,9,234
1114,47.0,F,2989.0,Rio,cafe,Sim,9,648
1115,62.0,M,6120.0,São Paulo,arroz,Sim,9,189
1116,54.0,F,1856.0,São Paulo,cafe,Não,2,150
1117,62.0,M,2292.0,Curitiba,feijao,Sim,1,40
1118,54.0,,5636.0,São Paulo,oleo,Sim,8,792
1119,,M,7805.0,Curitiba,acucar,Não,2,186
1120,63.0,F,6422.0,Rio,cafe,Não,10,920
1121,,M,1404.0,Salvador,cafe,Não,5,185
1122,22.0,F,3917.0,Salvador,oleo,Sim,4,400
1123,62.0,,7789.0,São Paulo,cafe,Sim,2,192
1124,55.0,,5490.0,Rio,cafe,Não,6,216
1125,33.0,F,2666.0,São Paulo,oleo,Não,6,426
1126,30.0,,1677.0,Salvador,oleo,Não,4,244
1127,,F,1315.0,Curitiba,oleo,Sim,8,472
1128,52.0,M,6022.0,Salvador,feijao,Sim,2,58
1129,,M,4386.0,São Paulo,acucar,Não,7,392
1130,24.0,F,,Belo Horizonte,cafe,Não,6,600
1131,63.0,M,1962.0,Rio,feijao,Sim,9,315
1132,35.0,F,7389.0,Rio,cafe,Sim,10,680
1133,65.0,M,7965.0,Salvador,oleo,Sim,9,495
1134,35.0,F,2793.0,São Paulo,feijao,Não,2,52
1135,54.0,M,7938.0,Salvador,cafe,Sim,6,534
1136,,M,2489.0,Belo Horizonte,acucar,Sim,1,34
1137,,M,3894.0,Rio,oleo,Sim,10,660
1138,,F,3509.0,Salvador,acucar,Sim,2,76
1139,,M,5464.0,Curitiba,cafe,Não,5,330
1140,20.0,M,4439.0,Rio,oleo,Não,2,196
1141,58.0,M,5227.0,São Paulo,cafe,Sim,10,250
1142,37.0,M,1482.0,São Paulo,acucar,Sim,9,423
1143,37.0,F,7278.0,São Paulo,feijao,Sim,3,198
1144,38.0,M,3803.0,Salvador,arroz,Não,2,122
1145,18.0,M,7448.0,Belo Horizonte,cafe,Não,8,192
1146,44.0,,,Curitiba,oleo,Sim,8,688
1147,,F,1819.0,Belo Horizonte,acucar,Não,5,450
1148,61.0,F,5475.0,Salvador,acucar,Não,4,228
1149,,M,3070.0,Curitiba,acucar,Sim,9,405
1150,22.0,F,4900.0,Rio,,Sim,7,175
1151,18.0,F,2239.0,São Paulo,cafe,Sim,3,156
1152,,M,5436.0,Rio,acucar,Não,1,84
1153,21.0,F,2953.0,Curitiba,oleo,Sim,8,336
1154,56.0,F,1321.0,Salvador,acucar,Sim,3,159
1155,34.0,F,2386.0,Belo Horizonte,feijao,Não,3,264
1156,57.0,F,2788.0,Salvador,arroz,Não,7,259
1157,,M,3535.0,Salvador,cafe,Não,5,400
1158,22.0,F,3459.0,Belo Horizonte,oleo,Sim,4,236
1159,45.0,M,,São Paulo,,Não,7,427
1160,34.0,F,4616.0,Belo Horizonte,feijao,Não,6,414
1161,56.0,F,7771.0,Salvador,feijao,Sim,7,560
1162,,M,6712.0,Salvador,feijao,Não,7,161
1163,49.0,M,2123.0,Salvador,feijao,Não,10,900
1164,,F,3136.0,Salvador,feijao,Sim,10,270
1165,26.0,M,1867.0,Belo Horizonte,acucar,Sim,1,88
1166,50.0,F,2370.0,Belo Horizonte,oleo,Não,4,396
1167,43.0,F,1434.0,Curitiba,arroz,Sim,9,720
1168,42.0,F,2959.0,Belo Horizonte,cafe,Não,4,348
1169,42.0,F,7017.0,Curitiba,oleo,Sim,10,530
1170,53.0,F,5014.0,São Paulo,acucar,Não,9,324
1171,63.0,F,2773.0,Salvador,,Não,9,855
1172,22.0,F,4258.0,Rio,cafe,Não,6,234
1173,36.0,M,5432.0,Salvador,acucar,Não,9,882
1174,23.0,F,5047.0,Belo Horizonte,acucar,Não,6,504
1175,55.0,M,7301.0,São Paulo,oleo,Sim,8,232
1176,41.0,M,6575.0,Salvador,arroz,Sim,2,62
1177,59.0,F,1945.0,Belo Horizonte,arroz,Sim,1,85
1178,58.0,M,,Curitiba,oleo,Sim,1,28
1179,39.0,M,3021.0,Salvador,oleo,Não,1,98
1180,34.0,F,5971.0,Belo Horizonte,acucar,Não,10,200
1181,47.0,F,5403.0,Belo Horizonte,,Sim,10,710
1182,35.0,F,7657.0,Curitiba,arroz,Sim,5,415
1183,42.0,F,1584.0,Curitiba,arroz,Não,10,790
1184,,M,5914.0,Rio,feijao,Sim,7,266
1185,26.0,,3608.0,Belo Horizonte,cafe,Sim,3,273
1186,30.0,F,7363.0,Curitiba,feijao,Sim,7,399
1187,54.0,M,2477.0,São Paulo,arroz,Não,6,444
1188,44.0,M,,São Paulo,feijao,Não,8,256
1189,22.0,,4627.0,Belo Horizonte,oleo,Não,10,390
1190,34.0,F,7531.0,São Paulo,acucar,Não,3,264
1191,54.0,F,7332.0,São Paulo,acucar,Sim,6,240
1192,,,,Curitiba,cafe,Sim,7,525
1193,61.0,M,1800.0,Curitiba,oleo,Não,8,776
1194,60.0,M,,São Paulo,arroz,Sim,9,216
1195,64.0,M,3243.0,São Paulo,cafe,Não,9,684
1196,53.0,M,6155.0,Belo Horizonte,feijao,Não,3,66
1197,48.0,F,2905.0,São Paulo,oleo,Sim,9,846
1198,28.0,M,7776.0,Salvador,acucar,Não,10,980
1199,28.0,,6126.0,Curitiba,,Sim,6,432
1200,46.0,F,1715.0,Rio,acucar,Sim,8,776
1201,,M,4613.0,Salvador,cafe,Sim,9,594
1202,48.0,M,2689.0,Rio,arroz,Não,9,837
1203,50.0,M,6739.0,Salvador,acucar,Não,8,472
1204,40.0,F,6832.0,Curitiba,acucar,Sim,6,246
1205,23.0,M,6814.0,Salvador,cafe,Sim,1,92
1206,44.0,F,5660.0,Salvador,feijao,Sim,6,432
1207,42.0,F,7298.0,Rio,arroz,Sim,4,388
1208,,M,,Curitiba,,Não,5,310
1209,54.0,M,1580.0,Rio,arroz,Não,3,129
1210,46.0,F,5830.0,Curitiba,feijao,Não,7,665
1211,,,2399.0,Salvador,cafe,Não,8,464
1212,,F,4246.0,Salvador,arroz,Sim,9,270
1213,43.0,F,1507.0,Belo Horizonte,cafe,Sim,9,639
1214,44.0,F,3361.0,São Paulo,cafe,Sim,10,580
1215,25.0,F,7973.0,Salvador,acucar,Não,10,950
1216,30.0,M,6187.0,Salvador,arroz,Sim,2,104
1217,,M,2771.0,Rio,feijao,Não,2,128
1218,,M,3784.0,São Paulo,oleo,Não,6,552
1219,,M,6670.0,São Paulo,arroz,Não,2,124
1220,27.0,F,2662.0,Belo Horizonte,feijao,Sim,10,460
1221,53.0,M,5684.0,Salvador,acucar,Sim,5,305
1222,34.0,F,5976.0,Rio,feijao,Não,5,335
1223,45.0,F,6670.0,Belo Horizonte,oleo,Sim,4,400
1224,19.0,F,4133.0,Rio,acucar,Sim,2,122
1225,51.0,F,7887.0,Salvador,,Não,2,88
1226,30.0,M,1660.0,Rio,oleo,Sim,4,368
1227,47.0,,6201.0,São Paulo,arroz,Sim,7,210
1228,54.0,M,7567.0,Curitiba,feijao,Não,2,128
1229,31.0,F,7726.0,Salvador,arroz,Não,10,350
1230,24.0,F,2099.0,Rio,acucar,Sim,7,679
1231,34.0,M,2372.0,Salvador,cafe,Sim,8,248
1232,65.0,M,7254.0,São Paulo,arroz,Sim,2,94
1233,28.0,F,7200.0,Salvador,,Sim,3,210
1234,57.0,M,3497.0,São Paulo,feijao,Não,3,81
1235,61.0,M,5769.0,Salvador,oleo,Sim,7,343
1236,33.0,M,3776.0,Curitiba,acucar,Não,8,160
1237,28.0,M,4794.0,Belo Horizonte,acucar,Sim,1,25
1238,22.0,F,4524.0,Curitiba,arroz,Sim,5,275
1239,48.0,F,1403.0,Salvador,acucar,Sim,3,183
1240,63.0,F,5585.0,São Paulo,cafe,Sim,7,406
1241,19.0,F,3980.0,Curitiba,acucar,Sim,3,195
1242,47.0,F,6942.0,Belo Horizonte,acucar,Sim,10,670
1243,41.0,F,,Curitiba,feijao,Não,2,124
1244,,F,2719.0,Salvador,arroz,Sim,9,576
1245,21.0,F,6751.0,Salvador,arroz,Sim,1,84
1246,26.0,,2247.0,Belo Horizonte,,Não,4,276
1247,52.0,F,5058.0,Belo Horizonte,feijao,Sim,1,29
1248,,M,6285.0,Salvador,feijao,Sim,8,440
1249,37.0,,2864.0,Belo Horizonte,cafe,Não,2,122
1250,22.0,M,7609.0,Belo Horizonte,acucar,Sim,4,204
1251,18.0,F,2927.0,Salvador,cafe,Sim,3,126
1252,37.0,,3487.0,Rio,oleo,Sim,6,288
1253,34.0,F,5819.0,Curitiba,arroz,Sim,1,27
1254,50.0,M,4868.0,Curitiba,arroz,Sim,2,180
1255,61.0,F,3704.0,Salvador,feijao,Sim,1,43
1256,35.0,M,5701.0,Belo Horizonte,acucar,Não,2,86
1257,48.0,F,6053.0,Belo Horizonte,feijao,Sim,9,297
1258,59.0,F,,Rio,oleo,Não,5,330
1259,33.0,F,6741.0,São Paulo,feijao,Sim,3,252
1260,43.0,M,4737.0,Rio,oleo,Sim,1,48
1261,31.0,M,3686.0,Rio,oleo,Sim,8,760
1262,30.0,M,4339.0,Rio,oleo,Sim,6,402
1263,21.0,,1426.0,São Paulo,feijao,Sim,4,156
1264,,F,6664.0,Salvador,feijao,Sim,3,210
1265,26.0,F,5724.0,Belo Horizonte,cafe,Sim,10,320
1266,19.0,M,,Belo Horizonte,oleo,Sim,8,176
1267,63.0,F,4062.0,Salvador,arroz,Não,7,658
1268,,M,3555.0,Belo Horizonte,cafe,Não,1,75
1269,31.0,M,,Rio,feijao,Não,8,664
1270,59.0,F,7397.0,Curitiba,arroz,Não,8,776
1271,42.0,,6656.0,Belo Horizonte,acucar,Sim,2,172
1272,30.0,F,4084.0,Curitiba,arroz,Sim,6,474
1273,61.0,M,6717.0,São Paulo,,Sim,4,128
1274,,F,,Curitiba,cafe,Sim,2,116
1275,44.0,F,,Belo Horizonte,feijao,Sim,10,570
1276,42.0,,,São Paulo,cafe,Não,1,23
1277,61.0,M,4079.0,Salvador,acucar,Não,5,435
1278,45.0,M,2794.0,São Paulo,,Não,3,240
1279,38.0,,,Rio,oleo,Sim,5,310
1280,19.0,M,2457.0,Salvador,cafe,Sim,5,220
1281,20.0,F,4578.0,Rio,,Sim,7,252
1282,64.0,M,5912.0,Curitiba,feijao,Sim,6,264
1283,25.0,M,,Rio,oleo,Sim,10,390
1284,45.0,M,1832.0,Curitiba,arroz,Não,1,52
1285,43.0,F,1856.0,Curitiba,acucar,Sim,3,189
1286,,,5157.0,Curitiba,oleo,Sim,2,76
1287,27.0,M,,São Paulo,feijao,Não,3,177
1288,57.0,F,3705.0,Belo Horizonte,cafe,Não,4,144
1289,45.0,,,Rio,,Não,9,621
1290,38.0,F,2468.0,São Paulo,oleo,Não,5,145
1291,46.0,F,3981.0,São Paulo,cafe,Não,4,204
1292,36.0,M,7570.0,São Paulo,arroz,Sim,10,850
1293,,F,4832.0,Curitiba,cafe,Sim,5,415
1294,36.0,,7573.0,Belo Horizonte,arroz,Não,2,98
1295,50.0,,,Belo Horizonte,cafe,Sim,8,664
1296,49.0,M,2613.0,Belo Horizonte,oleo,Sim,2,118
1297,61.0,,6753.0,Belo Horizonte,feijao,Sim,1,52
1298,46.0,M,1857.0,Curitiba,arroz,Não,7,504
1299,21.0,,5701.0,São Paulo,,Sim,7,273
1300,31.0,F,6744.0,São Paulo,feijao,Não,8,384
1301,65.0,,3824.0,Rio,arroz,Sim,9,279
1302,,M,4105.0,Curitiba,cafe,Sim,8,688
1303,25.0,M,3641.0,Belo Horizonte,cafe,Sim,10,990
1304,,M,3436.0,São Paulo,acucar,Sim,2,184
1305,39.0,,2210.0,Curitiba,feijao,Sim,5,100
1306,63.0,F,4962.0,Salvador,feijao,Não,6,288
1307,22.0,M,4464.0,Curitiba,cafe,Sim,4,372
1308,45.0,F,3021.0,Rio,feijao,Não,9,477
1309,52.0,M,3958.0,Salvador,cafe,Não,6,522
1310,43.0,M,7570.0,Belo Horizonte,arroz,Não,5,370
1311,42.0,F,5178.0,Rio,cafe,Não,10,810
1312,31.0,F,3839.0,Rio,cafe,Não,10,680
1313,,F,,São Paulo,arroz,Sim,10,950
1314,37.0,F,6108.0,Curitiba,oleo,Não,6,570
1315,37.0,F,6271.0,Curitiba,,Sim,3,210
1316,47.0,M,,Rio,feijao,Não,4,336
1317,38.0,M,4588.0,Salvador,feijao,Sim,7,399
1318,,M,5843.0,Rio,feijao,Sim,2,118
1319,20.0,,3694.0,Belo Horizonte,oleo,Não,3,210
1320,63.0,M,1874.0,Rio,arroz,Sim,4,352
1321,45.0,,6612.0,Salvador,acucar,Sim,8,760
1322,40.0,M,2601.0,Belo Horizonte,feijao,Sim,1,87
1323,49.0,M,7490.0,Curitiba,oleo,Não,3,243
1324,22.0,F,1686.0,São Paulo,feijao,Não,7,210
1325,56.0,F,6045.0,São Paulo,cafe,Sim,3,294
1326,60.0,F,6806.0,Belo Horizonte,cafe,Sim,1,97
1327,59.0,M,4063.0,Curitiba,feijao,Sim,10,210
1328,65.0,M,7072.0,Curitiba,cafe,Sim,10,500
1329,25.0,,2219.0,Belo Horizonte,,Não,4,88
1330,35.0,,1616.0,São Paulo,arroz,Sim,8,680
1331,42.0,F,3552.0,Rio,oleo,Sim,5,325
1332,36.0,F,4970.0,São Paulo,,Sim,7,231
1333,44.0,,2657.0,Belo Horizonte,,Sim,3,222
1334,55.0,M,4433.0,Belo Horizonte,cafe,Sim,6,474
1335,30.0,F,7818.0,Curitiba,arroz,Não,5,245
1336,39.0,M,3028.0,Salvador,feijao,Sim,10,510
1337,60.0,M,,São Paulo,arroz,Sim,7,630
1338,26.0,F,3775.0,Salvador,feijao,Sim,10,990
1339,21.0,F,6364.0,Curitiba,oleo,Sim,6,324
1340,64.0,F,6733.0,Salvador,feijao,Sim,4,164
1341,63.0,F,,Curitiba,acucar,Não,7,231
1342,23.0,,3028.0,Belo Horizonte,arroz,Não,1,31
1343,43.0,M,1333.0,Salvador,acucar,Não,5,195
1344,46.0,F,2475.0,Belo Horizonte,acucar,Sim,3,210
1345,27.0,,4012.0,Rio,feijao,Não,5,160
1346,,F,3985.0,São Paulo,oleo,Sim,7,196
1347,56.0,M,6480.0,Rio,cafe,Não,2,60
1348,48.0,M,7327.0,Salvador,cafe,Não,5,230
1349,44.0,F,5154.0,São Paulo,feijao,Sim,6,324
1350,19.0,,7625.0,Belo Horizonte,cafe,Sim,5,160
1351,31.0,M,1440.0,São Paulo,,Sim,5,130
1352,,M,7835.0,Belo Horizonte,feijao,Sim,1,63
1353,28.0,M,1693.0,Salvador,arroz,Sim,7,525
1354,32.0,,3013.0,São Paulo,acucar,Sim,7,462
1355,50.0,M,,Rio,arroz,Não,9,801
1356,62.0,F,1437.0,Curitiba,feijao,Sim,6,396
1357,36.0,M,4221.0,Salvador,arroz,Não,5,210
1358,64.0,M,2733.0,São Paulo,feijao,Não,10,440
1359,33.0,,5840.0,Belo Horizonte,acucar,Não,5,190
1360,28.0,F,2342.0,Rio,arroz,Sim,3,141
1361,31.0,F,3752.0,São Paulo,acucar,Sim,4,296
1362,41.0,F,3618.0,Salvador,cafe,Sim,7,567
1363,65.0,M,6830.0,Rio,cafe,Sim,6,120
1364,29.0,M,5505.0,Curitiba,acucar,Sim,5,295
1365,52.0,M,1340.0,Salvador,arroz,Não,9,567
1366,55.0,M,6278.0,Belo Horizonte,acucar,Sim,10,920
1367,45.0,M,4734.0,São Paulo,feijao,Sim,2,188
1368,32.0,M,6399.0,Belo Horizonte,,Sim,5,280
1369,,F,3909.0,Curitiba,,Sim,3,150
1370,39.0,M,4216.0,Salvador,feijao,Sim,9,315
1371,48.0,M,,Curitiba,acucar,Não,5,135
1372,48.0,F,4472.0,Belo Horizonte,,Sim,10,990
1373,55.0,F,1755.0,Curitiba,oleo,Sim,4,340
1374,62.0,F,3068.0,Salvador,oleo,Sim,1,36
1375,26.0,M,2660.0,Belo Horizonte,,Não,2,56
1376,37.0,M,7831.0,Salvador,feijao,Sim,6,414
1377,21.0,F,4402.0,São Paulo,acucar,Não,8,760
1378,34.0,M,3708.0,São Paulo,cafe,Sim,1,28
1379,47.0,M,3665.0,Salvador,feijao,Sim,6,324
1380,20.0,F,,São Paulo,acucar,Não,4,324
1381,45.0,M,5888.0,Rio,feijao,Sim,6,492
1382,56.0,M,2682.0,Belo Horizonte,feijao,Não,10,400
1383,36.0,F,5592.0,Salvador,acucar,Sim,3,135
1384,51.0,M,3024.0,Curitiba,arroz,Não,2,62
1385,20.0,F,4394.0,Salvador,acucar,Sim,10,290
1386,29.0,F,6835.0,Curitiba,,Sim,4,232
1387,25.0,M,2993.0,São Paulo,acucar,Não,2,112
1388,32.0,M,5244.0,São Paulo,cafe,Não,2,64
1389,45.0,M,4725.0,Curitiba,acucar,Sim,4,288
1390,29.0,,7275.0,Salvador,cafe,Sim,9,747
1391,50.0,,3624.0,Salvador,,Não,10,590
1392,22.0,F,3574.0,Curitiba,feijao,Sim,2,92
1393,44.0,F,4712.0,Curitiba,feijao,Sim,4,224
1394,52.0,,7060.0,Belo Horizonte,oleo,Não,7,196
1395,22.0,F,2918.0,Curitiba,cafe,Não,5,305
1396,52.0,,5828.0,São Paulo,oleo,Sim,4,288
1397,46.0,F,4563.0,Belo Horizonte,feijao,Sim,10,940
1398,20.0,F,6445.0,Belo Horizonte,cafe,Não,4,116
1399,18.0,F,7088.0,São Paulo,arroz,Não,7,336
1400,,F,1749.0,Salvador,feijao,Não,4,308
1401,43.0,M,7238.0,Salvador,oleo,Sim,5,195
1402,23.0,F,6600.0,São Paulo,oleo,Não,7,665
1403,,F,2403.0,Belo Horizonte,oleo,Não,2,170
1404,40.0,F,5065.0,São Paulo,feijao,Sim,10,350
1405,54.0,F,,São Paulo,acucar,Não,4,260
1406,,F,6705.0,Curitiba,acucar,Não,10,230
1407,53.0,M,5882.0,São Paulo,oleo,Sim,7,567
1408,65.0,M,1635.0,Belo Horizonte,,Não,7,651
1409,22.0,M,7096.0,São Paulo,cafe,Não,5,475
1410,26.0,F,7689.0,Belo Horizonte,oleo,Não,2,142
1411,45.0,F,6742.0,Salvador,feijao,Sim,7,413
1412,19.0,F,5544.0,Curitiba,feijao,Sim,7,406
1413,,M,4226.0,Belo Horizonte,feijao,Sim,5,395
1414,57.0,F,,Salvador,feijao,Sim,6,144
1415,,M,2346.0,Salvador,acucar,Não,6,486
1416,39.0,M,4139.0,São Paulo,cafe,Sim,2,66
1417,39.0,F,4826.0,Salvador,acucar,Sim,10,400
1418,31.0,F,3197.0,Curitiba,oleo,Sim,5,315
1419,53.0,M,3786.0,Rio,,Não,10,1000
1420,54.0,F,6108.0,Salvador,arroz,Sim,1,82
1421,52.0,F,3545.0,Curitiba,,Não,6,180
1422,50.0,M,6563.0,São Paulo,cafe,Sim,6,396
1423,45.0,F,,Curitiba,arroz,Sim,1,88
1424,28.0,F,3253.0,Rio,,Sim,2,124
1425,,,1247.0,Salvador,oleo,Não,5,275
1426,50.0,F,6987.0,Salvador,oleo,Não,4,120
1427,,,3358.0,Salvador,arroz,Sim,4,272
1428,,F,4144.0,Rio,cafe,Não,3,129
1429,19.0,M,,Curitiba,arroz,Sim,4,364
1430,54.0,F,7526.0,Salvador,arroz,Sim,10,470
1431,51.0,F,,São Paulo,oleo,Sim,3,264
1432,36.0,F,7911.0,Rio,oleo,Sim,2,56
1433,58.0,M,2039.0,Rio,cafe,Não,9,648
1434,35.0,M,7524.0,Curitiba,,Não,9,549
1435,24.0,F,7973.0,Salvador,arroz,Não,2,148
1436,60.0,F,1506.0,Belo Horizonte,cafe,Sim,1,90
1437,34.0,F,3545.0,Salvador,oleo,Sim,7,273
1438,21.0,F,3192.0,Curitiba,feijao,Não,8,272
1439,26.0,M,3735.0,Salvador,acucar,Sim,1,39
1440,,M,2275.0,Belo Horizonte,acucar,Não,8,440
1441,37.0,M,3842.0,São Paulo,,Sim,7,511
1442,38.0,M,7479.0,Salvador,oleo,Sim,5,430
1443,49.0,,5308.0,São Paulo,oleo,Sim,5,215
1444,53.0,M,5191.0,Rio,arroz,Sim,3,210
1445,33.0,M,2544.0,Rio,,Sim,1,83
1446,19.0,F,,Salvador,oleo,Sim,6,600
1447,,F,1316.0,Salvador,acucar,Não,8,272
1448,,M,,Salvador,,Sim,6,438
1449,,F,3431.0,Belo Horizonte,,Sim,7,336
1450,37.0,,2978.0,Curitiba,arroz,Não,1,71
1451,37.0,M,3558.0,Rio,oleo,Sim,3,186
1452,54.0,F,6070.0,São Paulo,oleo,Não,4,92
1453,25.0,F,3067.0,Salvador,acucar,Sim,6,492
1454,,F,3954.0,Curitiba,arroz,Não,4,368
1455,49.0,F,3908.0,Salvador,acucar,Não,1,57
1456,57.0,M,7278.0,Curitiba,cafe,Sim,8,664
1457,26.0,M,2838.0,Curitiba,cafe,Sim,9,675
1458,50.0,F,6854.0,Belo Horizonte,arroz,Sim,5,490
1459,64.0,M,3807.0,São Paulo,arroz,Sim,6,504
1460,25.0,F,3368.0,Rio,cafe,Não,5,350
1461,20.0,F,2100.0,Salvador,feijao,Sim,4,264
1462,,F,5592.0,Belo Horizonte,cafe,Não,6,420
1463,,F,6915.0,Salvador,cafe,Sim,9,675
1464,59.0,M,5825.0,Belo Horizonte,arroz,Sim,10,280
1465,19.0,M,5626.0,Salvador,acucar,Sim,8,240
1466,,,3988.0,São Paulo,cafe,Não,3,216
1467,46.0,F,4001.0,Salvador,cafe,Sim,4,232
1468,56.0,F,4770.0,Curitiba,oleo,Sim,10,810
1469,35.0,,1377.0,Salvador,arroz,Sim,7,651
1470,52.0,F,7027.0,Belo Horizonte,acucar,Sim,2,40
1471,55.0,M,7295.0,Belo Horizonte,feijao,Sim,5,270
1472,33.0,F,,Curitiba,feijao,Não,2,112
1473,34.0,M,1390.0,São Paulo,oleo,Não,5,395
1474,22.0,F,6554.0,Belo Horizonte,acucar,Sim,9,414
1475,51.0,F,1291.0,São Paulo,arroz,Sim,5,320
1476,35.0,M,2775.0,São Paulo,feijao,Sim,6,252
1477,33.0,M,5195.0,Rio,feijao,Não,7,273
1478,38.0,M,7852.0,São Paulo,cafe,Sim,10,580
1479,26.0,,4505.0,Curitiba,acucar,Sim,5,315
1480,46.0,M,5923.0,Belo Horizonte,acucar,Não,8,296
1481,51.0,F,1931.0,Rio,oleo,Sim,10,760
1482,41.0,,5132.0,Rio,acucar,Sim,9,846
1483,21.0,M,2823.0,Rio,acucar,Não,7,511
1484,51.0,M,,Salvador,cafe,Sim,10,260
1485,20.0,M,3189.0,Belo Horizonte,feijao,Não,1,66
1486,27.0,M,2359.0,São Paulo,acucar,Sim,7,511
1487,35.0,,1384.0,Salvador,feijao,Sim,1,82
1488,61.0,M,5165.0,Belo Horizonte,feijao,Sim,4,284
1489,62.0,M,2725.0,Curitiba,acucar,Sim,1,56
1490,56.0,F,2477.0,Belo Horizonte,cafe,Sim,10,500
1491,20.0,F,,Salvador,acucar,Não,9,531
1492,28.0,M,2639.0,Belo Horizonte,,Sim,3,279
1493,36.0,M,1813.0,Belo Horizonte,cafe,Não,1,41
1494,36.0,M,4169.0,Rio,oleo,Sim,3,114
1495,40.0,M,,Salvador,arroz,Sim,4,316
1496,,M,3666.0,Rio,,Sim,10,480
1497,51.0,M,6800.0,Curitiba,oleo,Sim,7,161
1498,39.0,F,4217.0,Belo Horizonte,feijao,Não,3,90
1499,45.0,F,2069.0,Curitiba,acucar,Sim,9,504
1500,41.0,M,5932.0,Rio,acucar,Não,10,530
1501,47.0,F,4988.0,Salvador,feijao,Sim,1,84
1502,44.0,,6068.0,Salvador,acucar,Não,10,620
1503,49.0,,3225.0,Belo Horizonte,feijao,Sim,8,664
1504,54.0,F,6851.0,São Paulo,feijao,Sim,2,96
1505,58.0,M,4773.0,São Paulo,arroz,Sim,1,60
1506,,M,5862.0,Rio,feijao,Sim,2,152
1507,59.0,F,7027.0,Curitiba,arroz,Sim,3,153
1508,,F,7461.0,Curitiba,,Sim,5,230
1509,44.0,F,2862.0,Curitiba,arroz,Sim,9,666
1510,47.0,F,5657.0,Belo Horizonte,cafe,Não,9,882
1511,50.0,F,3517.0,Belo Horizonte,feijao,Não,7,693
1512,63.0,M,7650.0,Rio,feijao,Sim,3,69
1513,,M,,São Paulo,cafe,Sim,8,784
1514,27.0,M,1735.0,Salvador,,Sim,10,350
1515,46.0,M,6977.0,Belo Horizonte,feijao,Sim,2,120
1516,62.0,F,2227.0,Belo Horizonte,,Sim,3,150
1517,19.0,F,7437.0,São Paulo,feijao,Sim,2,146
1518,64.0,F,7059.0,São Paulo,oleo,Sim,4,368
1519,56.0,F,3196.0,Belo Horizonte,acucar,Sim,8,208
1520,60.0,F,6438.0,Curitiba,acucar,Sim,3,291
1521,,,,São Paulo,acucar,Não,3,192
1522,49.0,M,4454.0,Belo Horizonte,cafe,Sim,5,115
1523,28.0,M,2000.0,Salvador,cafe,Não,1,51
1524,40.0,F,3111.0,Rio,arroz,Sim,3,84
1525,55.0,M,4732.0,Curitiba,feijao,Sim,5,450
1526,33.0,M,1952.0,São Paulo,oleo,Não,5,165
1527,32.0,M,4826.0,Salvador,arroz,Não,4,336
1528,60.0,M,3016.0,Salvador,arroz,Não,9,342
1529,33.0,M,1641.0,Salvador,cafe,Não,8,304
1530,37.0,M,1823.0,São Paulo,cafe,Não,2,44
1531,23.0,,5513.0,Belo Horizonte,cafe,Sim,9,369
1532,64.0,M,6158.0,Curitiba,feijao,Não,8,520
1533,46.0,F,4067.0,Rio,acucar,Sim,6,252
1534,28.0,M,5083.0,Belo Horizonte,acucar,Não,10,610
1535,53.0,F,2581.0,Belo Horizonte,oleo,Sim,8,280
1536,40.0,M,6220.0,São Paulo,,Não,5,430
1537,20.0,F,4035.0,Salvador,feijao,Não,4,84
1538,22.0,F,1989.0,São Paulo,arroz,Não,4,192
1539,44.0,M,4736.0,Salvador,acucar,Sim,6,390
1540,,M,6444.0,Rio,arroz,Sim,8,456
1541,59.0,F,1811.0,Curitiba,acucar,Não,7,532
1542,27.0,M,3332.0,Belo Horizonte,,Não,10,920
1543,47.0,M,7712.0,Rio,acucar,Não,2,166
1544,63.0,M,2139.0,Curitiba,arroz,Sim,2,152
1545,42.0,M,3313.0,Belo Horizonte,acucar,Sim,1,36
1546,41.0,,7272.0,Salvador,acucar,Sim,5,360
1547,18.0,M,5681.0,Rio,acucar,Sim,10,320
1548,38.0,F,2803.0,Rio,acucar,Não,1,27
1549,52.0,F,5471.0,Rio,cafe,Sim,7,399
1550,57.0,M,3174.0,Curitiba,feijao,Sim,7,266
1551,54.0,F,6325.0,Rio,cafe,Não,1,23
1552,42.0,M,6411.0,Rio,cafe,Não,3,114
1553,41.0,M,4309.0,Curitiba,feijao,Sim,7,287
1554,50.0,F,4587.0,Rio,arroz,Sim,1,36
1555,65.0,F,5964.0,Rio,cafe,Sim,7,637
1556,43.0,F,,Salvador,feijao,Sim,3,219
1557,,F,,Belo Horizonte,oleo,Sim,8,616
1558,31.0,F,4862.0,Belo Horizonte,acucar,Sim,6,138
1559,50.0,F,3193.0,São Paulo,acucar,Sim,8,200
1560,51.0,M,4999.0,São Paulo,oleo,Sim,7,413
1561,,M,,Salvador,cafe,Sim,6,552
1562,47.0,F,,Salvador,arroz,Sim,10,280
1563,27.0,M,,Salvador,,Sim,9,783
1564,48.0,,,São Paulo,oleo,Sim,3,195
1565,59.0,F,5901.0,São Paulo,oleo,Sim,9,738
1566,,F,4486.0,Curitiba,acucar,Sim,8,376
1567,50.0,F,6092.0,São Paulo,feijao,Sim,10,210
1568,47.0,,2977.0,Salvador,acucar,Não,7,161
1569,58.0,F,7693.0,Salvador,acucar,Sim,8,560
1570,23.0,F,5546.0,Curitiba,,Sim,6,366
1571,23.0,M,7484.0,São Paulo,cafe,Não,6,600
1572,25.0,M,2716.0,Curitiba,,Não,2,154
1573,,M,4615.0,Curitiba,acucar,Sim,9,810
1574,25.0,M,5207.0,Rio,feijao,Sim,3,126
1575,37.0,,1870.0,Belo Horizonte,arroz,Não,6,528
1576,48.0,F,5442.0,Belo Horizonte,feijao,Não,6,180
1577,49.0,F,1865.0,Belo Horizonte,,Não,4,216
1578,,F,5882.0,São Paulo,,Não,2,64
1579,56.0,,2615.0,São Paulo,arroz,Sim,10,950
1580,,M,2857.0,Rio,,Sim,2,152
1581,26.0,F,,São Paulo,arroz,Sim,7,623
1582,,,,Belo Horizonte,arroz,Sim,4,148
1583,58.0,M,,Curitiba,cafe,Sim,1,28
1584,29.0,F,4456.0,Salvador,arroz,Sim,7,630
1585,40.0,F,7759.0,São Paulo,,Não,2,188
1586,50.0,F,2480.0,Curitiba,cafe,Não,6,234
1587,32.0,M,4171.0,São Paulo,arroz,Sim,1,98
1588,21.0,M,7532.0,São Paulo,feijao,Sim,5,305
1589,31.0,M,5407.0,Salvador,cafe,Não,3,279
1590,41.0,F,7804.0,Belo Horizonte,oleo,Sim,1,98
1591,43.0,M,7718.0,Rio,feijao,Sim,4,224
1592,60.0,,7939.0,São Paulo,oleo,Não,1,49
1593,61.0,F,1342.0,Curitiba,feijao,Sim,8,480
1594,64.0,M,1456.0,Curitiba,arroz,Sim,7,245
1595,31.0,M,7479.0,Curitiba,,Sim,5,185
1596,64.0,M,3308.0,São Paulo,arroz,Sim,2,48
1597,18.0,M,5586.0,Rio,cafe,Sim,2,42
1598,35.0,F,,Curitiba,oleo,Sim,10,470
1599,46.0,M,6646.0,São Paulo,feijao,Sim,7,315
1600,34.0,M,4718.0,São Paulo,arroz,Sim,6,414
1601,48.0,F,6398.0,Curitiba,arroz,Sim,8,560
1602,48.0,F,4596.0,Rio,oleo,Sim,7,567
1603,40.0,F,4416.0,Rio,oleo,Não,3,75
1604,64.0,F,2739.0,São Paulo,cafe,Não,5,425
1605,,M,,Curitiba,acucar,Sim,6,168
1606,62.0,F,2084.0,Curitiba,,Sim,6,198
1607,49.0,F,6390.0,São Paulo,oleo,Sim,6,150
1608,31.0,F,7860.0,Salvador,,Sim,6,156
1609,41.0,F,7792.0,Salvador,feijao,Sim,5,475
1610,34.0,M,1356.0,Belo Horizonte,cafe,Não,5,410
1611,35.0,M,5551.0,Rio,arroz,Sim,7,476
1612,36.0,M,3987.0,São Paulo,,Não,4,340
1613,32.0,M,1556.0,Belo Horizonte,arroz,Sim,5,500
1614,30.0,M,2471.0,Curitiba,oleo,Não,10,520
1615,19.0,F,5467.0,Belo Horizonte,oleo,Sim,9,459
1616,42.0,M,2790.0,Rio,oleo,Sim,6,294
1617,,,,Rio,cafe,Sim,5,210
1618,52.0,M,3748.0,Rio,acucar,Sim,3,189
1619,51.0,M,7819.0,São Paulo,feijao,Sim,8,272
1620,41.0,M,4250.0,Belo Horizonte,feijao,Sim,2,194
1621,45.0,F,2995.0,Rio,cafe,Não,2,102
1622,59.0,,3645.0,Belo Horizonte,acucar,Sim,3,300
1623,50.0,F,,São Paulo,arroz,Não,3,132
1624,29.0,F,2001.0,Salvador,feijao,Sim,2,90
1625,19.0,F,2042.0,Rio,cafe,Não,4,348
1626,22.0,M,3361.0,Salvador,,Não,3,96
1627,41.0,M,5379.0,Rio,feijao,Sim,6,156
1628,64.0,,1781.0,Belo Horizonte,cafe,Não,9,270
1629,,F,2644.0,Belo Horizonte,arroz,Sim,5,300
1630,30.0,M,4442.0,Rio,oleo,Sim,4,356
1631,33.0,F,4417.0,Salvador,arroz,Não,8,344
1632,28.0,M,5542.0,Belo Horizonte,oleo,Sim,1,41
1633,60.0,M,7332.0,São Paulo,cafe,Sim,10,660
1634,21.0,M,4830.0,Curitiba,arroz,Não,8,440
1635,44.0,M,6030.0,Salvador,feijao,Sim,3,96
1636,31.0,M,7022.0,Salvador,feijao,Não,9,405
1637,23.0,F,1878.0,Curitiba,,Não,9,324
1638,33.0,F,1240.0,Salvador,oleo,Sim,5,190
1639,51.0,M,1252.0,Rio,feijao,Não,2,116
1640,18.0,F,1903.0,Rio,cafe,Sim,2,190
1641,,M,6521.0,Belo Horizonte,feijao,Sim,10,990
1642,22.0,M,5178.0,Salvador,feijao,Não,9,792
1643,24.0,F,3870.0,São Paulo,cafe,Sim,10,880
1644,40.0,F,6042.0,Belo Horizonte,arroz,Sim,7,294
1645,63.0,F,4239.0,Rio,arroz,Sim,5,410
1646,60.0,F,5736.0,Salvador,feijao,Não,10,230
1647,57.0,M,5126.0,Belo Horizonte,acucar,Sim,10,690
1648,25.0,,1593.0,São Paulo,,Sim,7,574
1649,43.0,M,3649.0,Curitiba,feijao,Sim,5,400
1650,41.0,,5204.0,Curitiba,feijao,Não,9,459
1651,23.0,M,7474.0,São Paulo,oleo,Não,3,183
1652,20.0,F,7076.0,Rio,oleo,Sim,8,416
1653,47.0,M,1832.0,São Paulo,cafe,Sim,2,192
1654,42.0,M,3065.0,Rio,acucar,Sim,10,210
1655,,F,4768.0,Salvador,feijao,Sim,5,220
1656,49.0,M,,São Paulo,,Sim,10,910
1657,43.0,F,,Salvador,,Sim,1,62
1658,65.0,,3501.0,Curitiba,arroz,Sim,7,644
1659,30.0,M,7902.0,Belo Horizonte,feijao,Sim,4,232
1660,20.0,F,4838.0,Salvador,cafe,Não,7,273
1661,36.0,F,4475.0,São Paulo,,Sim,5,110
1662,59.0,F,7471.0,São Paulo,oleo,Não,2,110
1663,38.0,,,Salvador,oleo,Sim,4,364
1664,26.0,M,1311.0,Belo Horizonte,feijao,Sim,1,39
1665,,M,2748.0,Curitiba,acucar,Sim,7,238
1666,33.0,M,4741.0,Salvador,acucar,Sim,3,228
1667,34.0,M,4437.0,São Paulo,cafe,Sim,5,455
1668,51.0,,7838.0,Curitiba,acucar,Não,1,61
1669,64.0,M,5875.0,Rio,cafe,Sim,4,212
1670,35.0,F,3439.0,Curitiba,cafe,Sim,1,38
1671,31.0,F,7830.0,Rio,cafe,Não,3,60
1672,64.0,M,4788.0,Belo Horizonte,cafe,Sim,8,296
1673,63.0,,3153.0,Curitiba,feijao,Não,7,280
1674,37.0,,5570.0,São Paulo,acucar,Sim,1,73
1675,20.0,M,1949.0,Belo Horizonte,arroz,Não,3,72
1676,50.0,F,2912.0,São Paulo,oleo,Não,8,344
1677,19.0,F,,Belo Horizonte,arroz,Sim,4,216
1678,44.0,M,5890.0,Curitiba,cafe,Sim,2,54
1679,,M,2633.0,Curitiba,arroz,Não,7,567
1680,,F,3580.0,Rio,oleo,Sim,6,342
1681,39.0,M,6439.0,Curitiba,acucar,Não,10,440
1682,36.0,F,3095.0,Curitiba,,Sim,1,61
1683,,,1539.0,Rio,arroz,Sim,8,568
1684,55.0,F,4071.0,Belo Horizonte,arroz,Não,6,258
1685,34.0,M,5257.0,Rio,acucar,Sim,1,25
1686,44.0,F,2403.0,Belo Horizonte,arroz,Sim,10,940
1687,58.0,M,7891.0,Curitiba,arroz,Não,1,72
1688,27.0,,,Salvador,acucar,Sim,1,33
1689,45.0,M,5404.0,Salvador,arroz,Não,4,140
1690,33.0,,,Rio,oleo,Sim,9,837
1691,23.0,M,3193.0,Salvador,oleo,Não,9,234
1692,51.0,M,3843.0,Salvador,arroz,Não,4,252
1693,51.0,M,3058.0,Salvador,feijao,Sim,8,744
1694,38.0,,5959.0,Curitiba,acucar,Sim,8,168
1695,59.0,F,,São Paulo,acucar,Sim,7,483
1696,43.0,M,7743.0,Rio,oleo,Não,7,504
1697,18.0,F,4178.0,Salvador,oleo,Não,5,205
1698,59.0,M,6410.0,Belo Horizonte,,Não,4,188
1699,,M,7867.0,Salvador,feijao,Não,6,276
1700,64.0,,7409.0,Belo Horizonte,cafe,Não,7,700
1701,41.0,F,6058.0,São Paulo,acucar,Sim,5,325
1702,52.0,F,6230.0,Salvador,acucar,Sim,10,460
1703,63.0,F,2462.0,São Paulo,feijao,Sim,7,665
1704,43.0,M,2384.0,Curitiba,acucar,Sim,8,168
1705,53.0,M,5851.0,Belo Horizonte,oleo,Não,3,144
1706,45.0,M,3822.0,São Paulo,acucar,Sim,2,74
1707,62.0,M,4851.0,Rio,cafe,Sim,3,108
1708,27.0,M,4102.0,Rio,oleo,Não,3,102
1709,46.0,F,2725.0,Belo Horizonte,cafe,Sim,5,175
1710,36.0,M,4691.0,Salvador,acucar,Não,10,720
1711,65.0,M,1718.0,Belo Horizonte,acucar,Sim,3,81
1712,,F,4861.0,Salvador,acucar,Sim,5,445
1713,43.0,M,2716.0,Rio,feijao,Não,9,900
1714,20.0,F,1280.0,Salvador,cafe,Sim,9,297
1715,53.0,F,7257.0,Rio,arroz,Não,2,180
1716,29.0,M,7863.0,São Paulo,cafe,Não,5,355
1717,20.0,M,6238.0,Curitiba,feijao,Sim,3,93
1718,53.0,F,6625.0,São Paulo,feijao,Sim,10,270
1719,29.0,M,6370.0,Rio,arroz,Sim,8,352
1720,20.0,F,1340.0,Belo Horizonte,cafe,Não,4,204
1721,57.0,F,4577.0,Salvador,cafe,Sim,1,67
1722,34.0,,3259.0,Belo Horizonte,cafe,Sim,1,74
1723,58.0,M,7088.0,Belo Horizonte,arroz,Sim,10,450
1724,33.0,M,4435.0,Belo Horizonte,acucar,Sim,9,450
1725,22.0,M,,Salvador,cafe,Não,5,440
1726,40.0,M,,Salvador,cafe,Sim,6,222
1727,31.0,F,2872.0,Rio,feijao,Sim,2,46
1728,45.0,F,4566.0,Salvador,,Não,4,272
1729,,M,2227.0,Salvador,oleo,Sim,9,252
1730,49.0,M,2977.0,Curitiba,feijao,Sim,5,245
1731,,M,1507.0,São Paulo,cafe,Sim,8,296
1732,24.0,M,,São Paulo,arroz,Não,9,864
1733,65.0,M,4629.0,São Paulo,oleo,Sim,9,504
1734,32.0,M,7007.0,Salvador,cafe,Sim,5,165
1735,27.0,F,5645.0,Curitiba,oleo,Sim,5,305
1736,55.0,M,4908.0,Belo Horizonte,oleo,Não,1,55
1737,61.0,F,2450.0,Belo Horizonte,arroz,Sim,5,455
1738,40.0,M,1618.0,Rio,feijao,Sim,4,220
1739,62.0,F,5420.0,Curitiba,feijao,Sim,3,102
1740,30.0,F,3771.0,Belo Horizonte,,Sim,7,210
1741,19.0,F,2976.0,Belo Horizonte,oleo,Sim,4,364
1742,,F,5390.0,Curitiba,feijao,Sim,10,310
1743,26.0,M,3729.0,Rio,cafe,Não,9,369
1744,52.0,M,7610.0,Salvador,cafe,Sim,4,296
1745,61.0,F,6834.0,Curitiba,,Sim,9,315
1746,39.0,,2432.0,Salvador,feijao,Não,7,595
1747,58.0,,4352.0,Rio,arroz,Não,6,156
1748,,F,2900.0,Rio,arroz,Não,1,91
1749,55.0,M,5000.0,São Paulo,oleo,Sim,1,61
1750,,F,5607.0,São Paulo,cafe,Sim,3,273
1751,44.0,F,5354.0,Rio,acucar,Não,7,441
1752,,M,2347.0,Belo Horizonte,feijao,Não,9,720
1753,18.0,M,4691.0,Curitiba,acucar,Não,2,44
1754,45.0,,2877.0,São Paulo,feijao,Não,8,736
1755,55.0,F,6238.0,Rio,oleo,Não,7,588
1756,25.0,,2142.0,Rio,feijao,Sim,4,168
1757,18.0,F,3116.0,Belo Horizonte,cafe,Não,1,86
1758,60.0,F,1632.0,Rio,feijao,Não,10,220
1759,28.0,F,2374.0,Salvador,feijao,Não,7,574
1760,25.0,F,7974.0,Salvador,cafe,Não,3,162
1761,64.0,M,4040.0,Belo Horizonte,cafe,Não,1,28
1762,29.0,F,2934.0,Rio,,Sim,7,210
1763,46.0,F,2445.0,São Paulo,arroz,Não,1,46
1764,39.0,F,4099.0,São Paulo,arroz,Não,1,61
1765,35.0,M,7146.0,Curitiba,arroz,Sim,7,420
1766,38.0,M,5893.0,Salvador,oleo,Não,8,680
1767,43.0,M,7200.0,Belo Horizonte,acucar,Sim,5,100
1768,43.0,,2319.0,Belo Horizonte,cafe,Não,4,300
1769,18.0,F,5825.0,Rio,cafe,Sim,2,116
1770,51.0,F,7733.0,Salvador,cafe,Não,7,532
1771,44.0,M,6450.0,Rio,acucar,Sim,10,690
1772,41.0,M,6165.0,Curitiba,acucar,Não,8,184
1773,63.0,M,2010.0,Belo Horizonte,feijao,Sim,10,340
1774,60.0,M,,Salvador,feijao,Sim,1,68
1775,24.0,F,,São Paulo,feijao,Sim,4,300
1776,57.0,M,7342.0,Rio,arroz,Sim,5,365
1777,41.0,M,7359.0,Rio,acucar,Sim,1,51
1778,51.0,M,6830.0,Salvador,cafe,Não,3,129
1779,55.0,M,1879.0,Curitiba,feijao,Sim,10,380
1780,54.0,M,7305.0,Rio,cafe,Sim,2,98
1781,,F,4209.0,Belo Horizonte,arroz,Sim,6,402
1782,43.0,F,3687.0,Salvador,acucar,Sim,3,69
1783,,M,,Curitiba,arroz,Sim,10,930
1784,22.0,M,5065.0,Belo Horizonte,cafe,Sim,5,255
1785,,,4440.0,Curitiba,,Sim,9,297
1786,36.0,F,4805.0,Rio,cafe,Sim,5,170
1787,54.0,,1576.0,Rio,acucar,Não,1,99
1788,42.0,,4271.0,Salvador,feijao,Sim,1,96
1789,26.0,M,,São Paulo,cafe,Sim,9,279
1790,40.0,F,3422.0,Salvador,arroz,Não,2,86
1791,21.0,F,7089.0,Curitiba,arroz,Sim,5,105
1792,64.0,M,4225.0,Curitiba,cafe,Sim,5,425
1793,52.0,M,7641.0,São Paulo,oleo,Sim,7,259
1794,59.0,M,7838.0,Rio,arroz,Sim,10,400
1795,53.0,M,1996.0,Rio,feijao,Sim,8,664
1796,28.0,F,1657.0,Rio,oleo,Sim,1,75
1797,32.0,F,4364.0,São Paulo,acucar,Sim,9,882
1798,42.0,M,2272.0,Curitiba,oleo,Não,6,450
1799,32.0,F,7721.0,Curitiba,feijao,Não,8,488
1800,46.0,M,5676.0,Salvador,arroz,Não,10,380
1801,53.0,,7460.0,São Paulo,cafe,Não,3,63
1802,36.0,,6985.0,Curitiba,feijao,Sim,9,450
1803,18.0,M,4412.0,São Paulo,arroz,Sim,4,204
1804,28.0,F,2803.0,São Paulo,feijao,Não,3,255
1805,34.0,M,4445.0,Rio,feijao,Sim,9,396
1806,19.0,M,4874.0,Curitiba,arroz,Não,8,328
1807,65.0,M,2367.0,Salvador,cafe,Não,6,276
1808,48.0,F,2084.0,Belo Horizonte,cafe,Não,4,148
1809,38.0,F,6532.0,Belo Horizonte,feijao,Sim,5,170
1810,65.0,M,,São Paulo,,Sim,1,32
1811,53.0,F,7651.0,Rio,feijao,Não,10,860
1812,29.0,M,5904.0,Rio,arroz,Não,6,300
1813,27.0,F,1361.0,Belo Horizonte,,Sim,1,95
1814,55.0,F,5061.0,Curitiba,cafe,Não,5,260
1815,60.0,M,,Rio,acucar,Sim,10,530
1816,21.0,M,7976.0,Curitiba,oleo,Sim,3,261
1817,60.0,F,1911.0,Belo Horizonte,feijao,Sim,5,335
1818,25.0,M,,Rio,cafe,Não,5,100
1819,41.0,F,5113.0,Belo Horizonte,feijao,Sim,6,312
1820,59.0,M,2963.0,Rio,arroz,Não,2,94
1821,49.0,F,1714.0,Rio,feijao,Não,10,400
1822,32.0,M,7555.0,São Paulo,,Não,5,215
1823,35.0,M,3055.0,Curitiba,acucar,Sim,10,220
1824,51.0,F,4593.0,Rio,oleo,Sim,9,315
1825,,F,5486.0,Belo Horizonte,oleo,Sim,2,98
1826,36.0,F,5715.0,Salvador,cafe,Sim,2,162
1827,26.0,F,6214.0,Salvador,cafe,Não,6,582
1828,32.0,M,,Rio,arroz,Não,7,231
1829,45.0,F,2334.0,Salvador,feijao,Sim,6,258
1830,59.0,F,4059.0,Rio,arroz,Não,10,220
1831,53.0,M,4643.0,São Paulo,oleo,Sim,8,680
1832,50.0,F,7907.0,São Paulo,oleo,Sim,1,85
1833,65.0,M,7265.0,São Paulo,acucar,Sim,9,702
1834,,F,3080.0,São Paulo,arroz,Sim,4,208
1835,39.0,M,6774.0,Belo Horizonte,feijao,Não,5,200
1836,34.0,F,5441.0,Salvador,oleo,Sim,3,63
1837,46.0,M,2698.0,Belo Horizonte,,Sim,8,576
1838,34.0,M,6459.0,Belo Horizonte,oleo,Não,5,200
1839,,F,6080.0,Curitiba,acucar,Não,8,648
1840,,M,3849.0,Rio,feijao,Não,10,640
1841,38.0,,2627.0,São Paulo,arroz,Sim,2,160
1842,57.0,M,7619.0,Salvador,feijao,Não,7,588
1843,,F,6865.0,Salvador,feijao,Não,1,48
1844,44.0,M,1408.0,São Paulo,,Sim,2,160
1845,60.0,F,7485.0,Belo Horizonte,oleo,Sim,3,132
1846,46.0,F,1759.0,Rio,cafe,Não,1,86
1847,25.0,F,6289.0,Curitiba,arroz,Sim,9,423
1848,54.0,M,6925.0,Belo Horizonte,feijao,Sim,4,308
1849,55.0,M,7455.0,Belo Horizonte,acucar,Não,8,560
1850,50.0,M,6608.0,Rio,arroz,Sim,7,140
1851,63.0,M,3550.0,Curitiba,feijao,Não,3,234
1852,40.0,M,1446.0,Curitiba,,Sim,8,792
1853,45.0,,1229.0,Curitiba,arroz,Não,10,440
1854,32.0,M,2482.0,Belo Horizonte,cafe,Sim,9,765
1855,18.0,F,4688.0,Curitiba,oleo,Sim,6,312
1856,51.0,F,6027.0,Rio,arroz,Sim,3,114
1857,60.0,F,5328.0,Rio,cafe,Não,1,52
1858,54.0,M,3511.0,Salvador,,Sim,4,112
1859,55.0,F,6322.0,Curitiba,arroz,Não,4,144
1860,58.0,,1325.0,Salvador,feijao,Sim,5,125
1861,52.0,M,6957.0,Salvador,feijao,Sim,6,186
1862,38.0,M,7332.0,Salvador,feijao,Sim,2,136
1863,30.0,M,5789.0,São Paulo,oleo,Não,3,270
1864,26.0,F,5469.0,Curitiba,feijao,Não,7,490
1865,23.0,F,2346.0,Belo Horizonte,arroz,Sim,5,470
1866,44.0,M,7506.0,São Paulo,cafe,Não,2,66
1867,34.0,F,7922.0,Rio,arroz,Sim,6,180
1868,63.0,F,3890.0,São Paulo,feijao,Sim,1,55
1869,35.0,,3794.0,Rio,,Sim,6,348
1870,62.0,M,2722.0,Salvador,,Sim,3,213
1871,22.0,M,3145.0,São Paulo,acucar,Sim,7,385
1872,43.0,,4136.0,São Paulo,feijao,Sim,10,930
1873,49.0,M,3100.0,Rio,arroz,Não,7,644
1874,33.0,M,7758.0,Salvador,cafe,Sim,6,528
1875,21.0,F,5830.0,Curitiba,arroz,Sim,3,165
1876,48.0,,1807.0,Rio,feijao,Não,2,132
1877,65.0,M,6161.0,Belo Horizonte,oleo,Não,1,100
1878,,,4697.0,Curitiba,arroz,Sim,3,282
1879,,M,6133.0,Salvador,acucar,Não,4,172
1880,54.0,M,4540.0,Curitiba,feijao,Não,10,600
1881,44.0,M,6185.0,Rio,acucar,Não,2,44
1882,41.0,,7815.0,Salvador,oleo,Sim,7,343
1883,29.0,M,5996.0,São Paulo,arroz,Sim,1,27
1884,37.0,M,6453.0,Belo Horizonte,acucar,Sim,1,34
1885,59.0,M,7212.0,São Paulo,feijao,Não,5,325
1886,57.0,F,1541.0,São Paulo,cafe,Não,6,132
1887,61.0,M,7459.0,Rio,acucar,Sim,9,603
1888,29.0,M,,Belo Horizonte,arroz,Sim,8,464
1889,32.0,M,3437.0,Salvador,cafe,Sim,3,204
1890,64.0,M,3926.0,Salvador,oleo,Sim,3,258
1891,,M,5984.0,Belo Horizonte,feijao,Não,10,970
1892,40.0,M,3180.0,São Paulo,acucar,Sim,1,33
1893,33.0,F,3056.0,Rio,arroz,Sim,8,312
1894,33.0,M,7164.0,Belo Horizonte,arroz,Não,5,200
1895,63.0,M,5022.0,Rio,oleo,Não,4,312
1896,20.0,F,2517.0,Rio,arroz,Não,4,156
1897,33.0,F,7877.0,Belo Horizonte,acucar,Não,3,219
1898,47.0,M,2316.0,Curitiba,arroz,Sim,10,330
1899,62.0,,6836.0,Curitiba,cafe,Não,1,22
1900,26.0,F,7973.0,Belo Horizonte,acucar,Não,6,324
1901,19.0,F,5544.0,São Paulo,,Não,9,288
1902,39.0,F,5833.0,Belo Horizonte,arroz,Sim,1,79
1903,43.0,F,2339.0,Curitiba,,Sim,8,632
1904,47.0,F,,São Paulo,acucar,Sim,9,810
1905,30.0,F,4906.0,Belo Horizonte,feijao,Sim,9,306
1906,49.0,M,7156.0,Curitiba,cafe,Sim,3,228
1907,18.0,F,1787.0,Salvador,oleo,Não,5,170
1908,38.0,M,5101.0,Salvador,feijao,Sim,9,216
1909,34.0,F,7732.0,São Paulo,arroz,Não,4,324
1910,46.0,F,4036.0,Curitiba,arroz,Não,6,324
1911,50.0,,,São Paulo,feijao,Não,6,600
1912,57.0,M,4964.0,Curitiba,,Não,9,378
1913,41.0,M,,Curitiba,feijao,Sim,5,435
1914,23.0,M,6493.0,Belo Horizonte,oleo,Sim,2,164
1915,,M,7147.0,Salvador,feijao,Não,2,174
1916,32.0,F,2573.0,Belo Horizonte,arroz,Não,5,390
1917,59.0,M,3794.0,Salvador,cafe,Sim,2,64
1918,56.0,F,,Salvador,feijao,Sim,1,66
1919,65.0,F,6917.0,Belo Horizonte,,Sim,2,182
1920,52.0,F,5303.0,São Paulo,acucar,Sim,2,118
1921,32.0,M,,Belo Horizonte,feijao,Sim,3,282
1922,63.0,F,4231.0,Curitiba,arroz,Sim,4,396
1923,27.0,F,3527.0,Rio,cafe,Sim,1,34
1924,31.0,M,4767.0,Salvador,arroz,Sim,4,128
1925,23.0,M,6369.0,Rio,feijao,Não,9,855
1926,40.0,F,4936.0,Salvador,feijao,Sim,2,200
1927,26.0,M,2182.0,Curitiba,arroz,Não,1,67
1928,32.0,F,7853.0,Curitiba,cafe,Sim,6,438
1929,33.0,F,4419.0,Rio,feijao,Sim,5,310
1930,65.0,M,6824.0,Salvador,arroz,Sim,5,395
1931,55.0,M,,Salvador,arroz,Sim,2,122
1932,43.0,F,2234.0,São Paulo,arroz,Não,8,240
1933,42.0,M,1568.0,Belo Horizonte,oleo,Sim,4,312
1934,21.0,F,1380.0,São Paulo,,Sim,5,375
1935,37.0,F,1964.0,Belo Horizonte,feijao,Sim,9,288
1936,31.0,F,3667.0,São Paulo,acucar,Não,4,184
1937,32.0,M,4758.0,São Paulo,cafe,Sim,10,290
1938,26.0,F,7439.0,Belo Horizonte,oleo,Sim,3,276
1939,,M,3409.0,São Paulo,acucar,Sim,5,475
1940,61.0,F,3778.0,Rio,feijao,Não,2,110
1941,58.0,M,5031.0,Salvador,oleo,Não,3,174
1942,59.0,F,6435.0,Belo Horizonte,oleo,Não,3,75
1943,34.0,M,5117.0,Salvador,acucar,Sim,10,250
1944,45.0,M,5731.0,Curitiba,acucar,Sim,3,213
1945,41.0,,6840.0,Rio,arroz,Sim,9,540
1946,33.0,F,3870.0,Belo Horizonte,oleo,Não,9,234
1947,59.0,F,5593.0,Curitiba,arroz,Sim,3,222
1948,43.0,M,3545.0,Rio,feijao,Sim,2,164
1949,56.0,,2712.0,São Paulo,feijao,Sim,2,168
1950,23.0,M,5447.0,Belo Horizonte,cafe,Sim,3,108
1951,50.0,M,4599.0,Belo Horizonte,arroz,Sim,7,350
1952,21.0,F,3107.0,Rio,feijao,Não,4,80
1953,41.0,M,7483.0,Belo Horizonte,oleo,Não,4,340
1954,22.0,,5389.0,Belo Horizonte,acucar,Sim,1,78
1955,57.0,M,,Curitiba,oleo,Não,4,84
1956,,F,5983.0,São Paulo,cafe,Sim,2,136
1957,64.0,M,1465.0,Rio,feijao,Não,9,324
1958,31.0,M,3611.0,Curitiba,arroz,Não,9,486
1959,28.0,F,1693.0,Curitiba,acucar,Não,10,550
1960,49.0,M,6379.0,Rio,cafe,Não,8,552
1961,29.0,M,,São Paulo,oleo,Não,5,410
1962,62.0,M,4805.0,São Paulo,arroz,Sim,9,810
1963,24.0,M,4451.0,Curitiba,feijao,Não,4,240
1964,49.0,F,5128.0,Salvador,feijao,Sim,7,175
1965,41.0,M,5849.0,São Paulo,feijao,Sim,1,91
1966,,,6132.0,Rio,acucar,Sim,9,207
1967,,M,2216.0,São Paulo,acucar,Sim,7,399
1968,45.0,F,,Salvador,acucar,Sim,7,392
1969,60.0,F,3517.0,Salvador,cafe,Sim,7,455
1970,,F,3918.0,Salvador,cafe,Sim,6,426
1971,59.0,M,5919.0,São Paulo,acucar,Não,4,312
1972,34.0,M,2550.0,São Paulo,acucar,Sim,1,96
1973,54.0,F,6746.0,Curitiba,arroz,Sim,2,128
1974,,M,2954.0,São Paulo,cafe,Sim,1,73
1975,57.0,M,2888.0,Curitiba,acucar,Não,7,147
1976,,F,,Curitiba,cafe,Não,7,175
1977,26.0,M,6206.0,Belo Horizonte,arroz,Sim,7,560
1978,36.0,F,2641.0,Curitiba,arroz,Sim,4,232
1979,,M,2572.0,São Paulo,oleo,Sim,6,558
1980,36.0,M,,São Paulo,cafe,Sim,1,58
1981,,,7985.0,Rio,feijao,Sim,6,354
1982,61.0,F,6263.0,Rio,oleo,Sim,9,675
1983,62.0,F,7828.0,Salvador,acucar,Não,4,364
1984,23.0,F,3210.0,Salvador,arroz,Sim,1,65
1985,37.0,M,5847.0,Belo Horizonte,feijao,Não,6,294
1986,,F,4499.0,Curitiba,oleo,Sim,7,686
1987,39.0,F,7127.0,Curitiba,cafe,Não,9,657
1988,48.0,F,,Salvador,feijao,Sim,2,144
1989,46.0,F,1790.0,Rio,feijao,Sim,4,84
1990,53.0,,7027.0,São Paulo,arroz,Não,4,124
1991,21.0,M,2377.0,Belo Horizonte,oleo,Não,7,602
1992,,,,São Paulo,cafe,Sim,7,301
1993,42.0,,7540.0,Curitiba,,Sim,5,435
1994,48.0,,5682.0,Salvador,feijao,Sim,6,522
1995,51.0,F,2484.0,Curitiba,acucar,Não,8,496
1996,36.0,,2767.0,Rio,acucar,Sim,7,476
1997,56.0,M,1736.0,Curitiba,arroz,Não,5,200
1998,64.0,F,6274.0,Rio,feijao,Não,2,98
1999,32.0,M,7547.0,Curitiba,arroz,Não,8,568
2000,35.0,M,5674.0,Belo Horizonte,feijao,Sim,8,760
2001,58.0,,1569.0,São Paulo,arroz,Sim,1,35
2002,39.0,M,4026.0,Rio,acucar,Sim,5,250
2003,59.0,M,6259.0,Belo Horizonte,feijao,Sim,8,528
2004,64.0,F,3223.0,Belo Horizonte,arroz,Sim,10,280
2005,25.0,M,3467.0,Curitiba,arroz,Sim,7,343
2006,,M,1267.0,Curitiba,oleo,Não,6,486
2007,62.0,F,,Belo Horizonte,feijao,Sim,6,180
2008,65.0,F,7566.0,São Paulo,acucar,Sim,7,700
2009,,F,3201.0,Rio,arroz,Sim,2,72
2010,29.0,M,4041.0,Curitiba,oleo,Não,9,585
2011,32.0,M,4708.0,Rio,oleo,Sim,9,522
2012,,,3317.0,Rio,cafe,Sim,3,114
2013,34.0,F,,Belo Horizonte,oleo,Sim,2,54
2014,54.0,F,3395.0,São Paulo,oleo,Não,4,132
2015,49.0,F,2730.0,Belo Horizonte,oleo,Sim,1,45
2016,,M,5387.0,Belo Horizonte,oleo,Sim,4,208
2017,,M,6627.0,Curitiba,cafe,Sim,5,230
2018,18.0,M,4534.0,Salvador,oleo,Não,10,840
2019,60.0,M,1277.0,Curitiba,feijao,Não,1,99
2020,63.0,F,5607.0,Salvador,oleo,Sim,9,720
2021,43.0,F,4736.0,Belo Horizonte,arroz,Sim,6,186
2022,,F,3505.0,Curitiba,acucar,Sim,6,564
2023,54.0,,4759.0,Curitiba,cafe,Sim,5,145
2024,,F,6796.0,Salvador,arroz,Sim,6,558
2025,38.0,M,6157.0,Curitiba,cafe,Sim,4,300
2026,23.0,F,4900.0,São Paulo,oleo,Sim,7,315
2027,19.0,M,1204.0,Salvador,arroz,Não,4,396
2028,20.0,M,5555.0,Curitiba,,Sim,4,188
2029,64.0,F,2436.0,Belo Horizonte,cafe,Sim,7,273
2030,62.0,F,3579.0,Curitiba,cafe,Sim,6,312
2031,45.0,F,3762.0,Belo Horizonte,arroz,Sim,1,84
2032,21.0,F,2300.0,Salvador,acucar,Não,7,588
2033,,M,3628.0,Curitiba,arroz,Sim,2,150
2034,41.0,M,7731.0,Rio,acucar,Não,9,243
2035,,M,2774.0,Curitiba,cafe,Não,9,873
2036,57.0,F,2343.0,Rio,cafe,Sim,9,261
2037,65.0,F,5941.0,Curitiba,acucar,Sim,5,145
2038,,,4141.0,Rio,feijao,Sim,10,300
2039,58.0,,6566.0,Salvador,cafe,Sim,1,43
2040,37.0,M,4788.0,Salvador,acucar,Não,6,162
2041,28.0,M,2433.0,Rio,arroz,Não,1,30
2042,42.0,F,7843.0,Rio,feijao,Sim,4,376
2043,18.0,F,5788.0,Belo Horizonte,feijao,Sim,8,176
2044,20.0,F,3952.0,Rio,arroz,Sim,3,120
2045,40.0,,1298.0,Rio,cafe,Sim,6,258
2046,42.0,M,4254.0,Salvador,oleo,Não,5,370
2047,49.0,M,5079.0,Curitiba,cafe,Sim,9,468
2048,43.0,F,7622.0,São Paulo,arroz,Sim,5,465
2049,62.0,F,3291.0,Curitiba,acucar,Sim,10,790
2050,42.0,F,,Belo Horizonte,arroz,Não,6,600
2051,62.0,F,5640.0,Belo Horizonte,cafe,Sim,9,801
2052,26.0,F,4600.0,São Paulo,oleo,Sim,4,396
2053,48.0,M,4615.0,Belo Horizonte,arroz,Não,10,510
2054,30.0,F,5813.0,Salvador,feijao,Não,5,355
2055,32.0,M,1514.0,Belo Horizonte,feijao,Sim,10,620
2056,27.0,F,6650.0,Rio,arroz,Sim,10,520
2057,31.0,,6681.0,Rio,,Não,1,20
2058,41.0,F,5901.0,Salvador,feijao,Não,10,810
2059,26.0,,5056.0,Belo Horizonte,acucar,Sim,1,32
2060,56.0,M,6791.0,Belo Horizonte,cafe,Não,4,136
2061,57.0,F,4856.0,Salvador,feijao,Sim,3,213
2062,61.0,F,,São Paulo,feijao,Sim,7,322
2063,42.0,M,,Salvador,oleo,Sim,1,89
2064,51.0,M,6866.0,Rio,cafe,Não,6,264
2065,35.0,F,1736.0,Salvador,acucar,Não,4,276
2066,20.0,M,7414.0,Curitiba,oleo,Sim,2,120
2067,34.0,M,7974.0,Belo Horizonte,feijao,Não,9,432
2068,25.0,,5048.0,Rio,feijao,Sim,10,1000
2069,41.0,M,2081.0,Curitiba,oleo,Não,8,576
2070,64.0,M,7703.0,Rio,cafe,Não,10,890
2071,65.0,M,1229.0,Rio,arroz,Sim,5,115
2072,45.0,F,4961.0,Curitiba,acucar,Não,8,544
2073,20.0,M,3988.0,Belo Horizonte,arroz,Sim,3,276
2074,,M,3526.0,Salvador,cafe,Sim,9,648
2075,20.0,F,3884.0,Curitiba,,Sim,4,268
2076,48.0,F,4907.0,Curitiba,,Sim,7,511
2077,36.0,M,2970.0,São Paulo,arroz,Não,10,620
2078,54.0,M,3995.0,Belo Horizonte,feijao,Sim,10,290
2079,47.0,M,5346.0,Salvador,cafe,Não,3,204
2080,44.0,M,5806.0,Curitiba,arroz,Sim,1,71
2081,,M,,Rio,acucar,Não,10,920
2082,23.0,F,7690.0,São Paulo,,Sim,4,256
2083,18.0,M,4979.0,Salvador,arroz,Não,10,770
2084,36.0,F,5792.0,Curitiba,oleo,Sim,5,190
2085,,M,2443.0,São Paulo,arroz,Sim,7,504
2086,26.0,M,3683.0,São Paulo,arroz,Não,9,495
2087,61.0,,4545.0,Rio,oleo,Sim,2,112
2088,58.0,F,2189.0,Rio,cafe,Não,5,450
2089,28.0,F,6731.0,Belo Horizonte,acucar,Sim,2,154
2090,63.0,F,2832.0,São Paulo,acucar,Sim,6,546
2091,65.0,F,5425.0,São Paulo,oleo,Não,2,88
2092,,F,,São Paulo,arroz,Não,2,148
2093,47.0,M,6059.0,Belo Horizonte,cafe,Sim,2,100
2094,24.0,F,6954.0,Curitiba,acucar,Não,9,756
2095,21.0,M,,Salvador,acucar,Não,3,246
2096,44.0,F,4100.0,São Paulo,acucar,Sim,9,315
2097,41.0,M,5985.0,Rio,cafe,Sim,8,520
2098,36.0,F,5922.0,São Paulo,cafe,Não,8,504
2099,19.0,M,7794.0,Salvador,feijao,Sim,4,328
2100,38.0,M,7434.0,Salvador,feijao,Sim,2,158
2101,61.0,M,2942.0,Rio,arroz,Não,5,205
2102,22.0,M,,São Paulo,acucar,Não,8,440
2103,46.0,M,4662.0,Salvador,feijao,Sim,2,70
2104,40.0,F,5529.0,São Paulo,acucar,Sim,4,384
2105,61.0,F,,Rio,arroz,Sim,2,52
2106,43.0,F,2599.0,Curitiba,oleo,Sim,3,105
2107,36.0,F,6831.0,Belo Horizonte,cafe,Sim,5,185
2108,,F,7842.0,Salvador,arroz,Não,2,80
2109,61.0,M,7813.0,São Paulo,oleo,Não,5,290
2110,56.0,M,3059.0,Curitiba,arroz,Não,9,423
2111,24.0,M,7730.0,Curitiba,cafe,Sim,6,426
2112,22.0,F,,Salvador,acucar,Sim,5,130
2113,54.0,M,7458.0,Belo Horizonte,acucar,Sim,1,34
2114,57.0,M,,São Paulo,feijao,Sim,2,146
2115,39.0,F,6511.0,Belo Horizonte,arroz,Sim,3,231
2116,37.0,M,3763.0,São Paulo,arroz,Não,9,657
2117,,F,5046.0,Rio,feijao,Sim,3,84
2118,49.0,M,7073.0,Belo Horizonte,,Sim,5,240
2119,65.0,M,5418.0,Rio,arroz,Sim,9,378
2120,33.0,M,4881.0,Salvador,,Sim,2,150
2121,43.0,M,5165.0,Belo Horizonte,arroz,Não,4,356
2122,57.0,F,6012.0,Rio,cafe,Sim,9,243
2123,31.0,,3680.0,Salvador,oleo,Não,4,200
2124,44.0,F,7919.0,Salvador,,Não,8,168
2125,52.0,M,7105.0,Rio,oleo,Não,3,195
2126,42.0,F,7762.0,Belo Horizonte,oleo,Não,3,111
2127,32.0,F,4436.0,Belo Horizonte,feijao,Sim,1,85
2128,51.0,M,6893.0,Curitiba,arroz,Sim,2,176
2129,43.0,M,,Belo Horizonte,oleo,Sim,5,180
2130,,M,,Curitiba,cafe,Não,4,88
2131,61.0,F,5087.0,Curitiba,oleo,Não,9,405
2132,,F,6372.0,São Paulo,oleo,Não,9,801
2133,40.0,F,7169.0,Belo Horizonte,acucar,Sim,9,738
2134,28.0,F,5710.0,Belo Horizonte,,Sim,2,142
2135,29.0,,,Belo Horizonte,acucar,Não,3,87
2136,30.0,M,5903.0,Salvador,arroz,Sim,1,54
2137,49.0,F,5162.0,Rio,acucar,Não,10,860
2138,29.0,F,3406.0,Salvador,cafe,Sim,2,170
2139,58.0,F,3188.0,Rio,oleo,Sim,1,97
2140,45.0,,5813.0,Rio,,Sim,6,246
2141,29.0,M,,Salvador,acucar,Não,6,162
2142,28.0,M,2357.0,Rio,oleo,Não,5,220
2143,,M,4029.0,Curitiba,arroz,Não,1,27
2144,56.0,M,7716.0,Salvador,acucar,Sim,5,175
2145,62.0,F,7587.0,Salvador,cafe,Sim,8,224
2146,19.0,M,6864.0,São Paulo,,Sim,4,184
2147,56.0,F,,Curitiba,feijao,Sim,6,468
2148,61.0,F,3312.0,Belo Horizonte,feijao,Sim,3,240
2149,18.0,F,6479.0,Salvador,cafe,Sim,1,84
2150,41.0,M,4178.0,Belo Horizonte,cafe,Não,2,128
2151,60.0,F,3571.0,Rio,cafe,Não,7,189
2152,57.0,F,4338.0,Salvador,arroz,Não,7,539
2153,46.0,F,6498.0,Rio,cafe,Não,5,295
2154,61.0,F,3625.0,Curitiba,acucar,Sim,8,544
2155,28.0,M,6849.0,São Paulo,feijao,Não,10,560
2156,50.0,F,6405.0,Belo Horizonte,oleo,Não,7,497
2157,26.0,M,,São Paulo,cafe,Sim,9,828
2158,29.0,M,7484.0,São Paulo,acucar,Sim,8,304
2159,61.0,,4751.0,Salvador,oleo,Não,9,594
2160,19.0,M,1805.0,São Paulo,oleo,Não,10,230
2161,61.0,F,7460.0,São Paulo,cafe,Não,4,136
2162,,M,3464.0,Salvador,acucar,Não,5,335
2163,49.0,F,7443.0,Curitiba,acucar,Não,5,210
2164,33.0,F,3696.0,Rio,feijao,Sim,4,112
2165,44.0,,4395.0,Rio,oleo,Não,6,276
2166,,M,5864.0,Salvador,oleo,Não,1,42
2167,52.0,M,5572.0,Salvador,acucar,Sim,4,236
2168,54.0,M,,São Paulo,,Sim,6,408
2169,26.0,F,3554.0,Curitiba,acucar,Sim,8,664
2170,27.0,M,1340.0,Curitiba,arroz,Não,4,220
2171,52.0,F,7604.0,Salvador,cafe,Não,10,560
2172,,F,5043.0,Salvador,oleo,Sim,10,830
2173,28.0,,2285.0,Belo Horizonte,arroz,Sim,1,29
2174,22.0,M,6869.0,Rio,arroz,Sim,4,80
2175,22.0,F,6295.0,Salvador,feijao,Sim,7,581
2176,52.0,F,4935.0,Curitiba,feijao,Sim,8,208
2177,19.0,M,4069.0,São Paulo,arroz,Não,1,49
2178,,F,7511.0,São Paulo,arroz,Não,9,234
2179,47.0,F,,Salvador,cafe,Sim,5,470
2180,27.0,M,3757.0,Belo Horizonte,cafe,Sim,6,420
2181,26.0,M,7680.0,Belo Horizonte,cafe,Sim,5,160
2182,37.0,M,5546.0,Rio,acucar,Sim,9,504
2183,,M,3744.0,Curitiba,acucar,Não,2,172
2184,62.0,F,5976.0,Salvador,feijao,Não,3,150
2185,52.0,F,5083.0,São Paulo,cafe,Sim,1,77
2186,,M,2368.0,São Paulo,feijao,Não,9,747
2187,59.0,F,4495.0,Rio,,Sim,8,616
2188,32.0,F,6900.0,Curitiba,arroz,Não,3,285
2189,,F,5455.0,São Paulo,arroz,Sim,4,80
2190,27.0,M,2569.0,São Paulo,acucar,Não,9,504
2191,44.0,F,2029.0,Rio,feijao,Não,6,360
2192,65.0,F,,Salvador,feijao,Não,10,640
2193,44.0,,3343.0,Rio,oleo,Não,4,216
2194,18.0,F,1676.0,Salvador,arroz,Não,9,648
2195,53.0,F,7301.0,Curitiba,oleo,Sim,4,272
2196,21.0,M,,Rio,oleo,Sim,10,700
2197,24.0,M,4537.0,Belo Horizonte,,Sim,1,73
2198,58.0,M,6325.0,Rio,acucar,Sim,8,240
2199,47.0,F,7363.0,São Paulo,arroz,Não,1,51
2200,58.0,F,7619.0,Belo Horizonte,,Não,7,651
2201,39.0,F,6315.0,Belo Horizonte,arroz,Não,2,88
2202,61.0,F,,Salvador,acucar,Sim,10,790
2203,49.0,M,6404.0,Rio,feijao,Sim,3,141
2204,24.0,F,,Curitiba,cafe,Não,6,600
2205,,M,6567.0,Salvador,oleo,Não,7,434
2206,18.0,F,7447.0,São Paulo,acucar,Sim,5,215
2207,43.0,F,6219.0,Belo Horizonte,feijao,Sim,5,195
2208,64.0,F,,São Paulo,,Não,5,285
2209,65.0,M,3287.0,Belo Horizonte,arroz,Sim,6,198
2210,26.0,M,6218.0,Rio,arroz,Sim,8,232
2211,61.0,F,,Curitiba,oleo,Não,6,570
2212,52.0,M,2209.0,Belo Horizonte,feijao,Sim,10,410
2213,65.0,F,1950.0,Belo Horizonte,acucar,Sim,4,100
2214,19.0,M,6772.0,Salvador,oleo,Sim,1,29
2215,49.0,M,5737.0,Rio,oleo,Sim,6,558
2216,,F,3411.0,São Paulo,feijao,Sim,9,846
2217,48.0,M,4231.0,Salvador,arroz,Sim,6,378
2218,21.0,M,,Rio,cafe,Sim,9,351
2219,42.0,M,4505.0,Curitiba,arroz,Sim,6,576
2220,48.0,,6952.0,Curitiba,oleo,Não,10,200
2221,44.0,F,5787.0,São Paulo,arroz,Não,7,175
2222,29.0,F,1808.0,São Paulo,oleo,Não,9,648
2223,22.0,M,7411.0,Salvador,,Sim,9,288
2224,20.0,F,3111.0,Curitiba,feijao,Sim,4,392
2225,18.0,F,4136.0,Rio,arroz,Sim,9,522
2226,46.0,F,,Salvador,feijao,Sim,2,152
2227,52.0,,,Salvador,oleo,Sim,4,316
2228,57.0,F,7000.0,Salvador,oleo,Sim,5,230
2229,50.0,F,3360.0,São Paulo,cafe,Sim,6,360
2230,50.0,M,7976.0,Salvador,arroz,Sim,8,704
2231,48.0,F,4869.0,Belo Horizonte,arroz,Sim,6,432
2232,39.0,F,,Curitiba,acucar,Não,5,310
2233,46.0,F,7438.0,Belo Horizonte,acucar,Sim,10,850
2234,27.0,F,3697.0,São Paulo,feijao,Sim,8,408
2235,30.0,F,1938.0,Belo Horizonte,oleo,Sim,2,70
2236,28.0,,7502.0,Rio,cafe,Sim,3,171
2237,27.0,F,5815.0,Rio,arroz,Sim,10,390
2238,29.0,M,6077.0,São Paulo,feijao,Sim,5,235
2239,40.0,F,4813.0,São Paulo,acucar,Sim,1,75
2240,43.0,M,7103.0,Belo Horizonte,cafe,Sim,5,235
2241,44.0,M,6035.0,São Paulo,arroz,Sim,5,395
2242,42.0,M,7772.0,Curitiba,cafe,Não,7,224
2243,44.0,F,7440.0,Salvador,feijao,Não,5,330
2244,63.0,M,5684.0,Belo Horizonte,oleo,Sim,7,672
2245,27.0,M,5612.0,São Paulo,arroz,Não,7,462
2246,30.0,F,3492.0,Belo Horizonte,cafe,Sim,4,272
2247,56.0,F,7128.0,Salvador,arroz,Não,10,510
2248,32.0,F,,São Paulo,acucar,Sim,3,63
2249,59.0,F,2388.0,São Paulo,arroz,Não,5,205
2250,38.0,,5762.0,Curitiba,feijao,Não,1,61
2251,23.0,F,4660.0,Salvador,,Não,10,930
2252,42.0,F,5462.0,Curitiba,acucar,Não,6,306
2253,29.0,F,7562.0,São Paulo,,Não,2,128
2254,40.0,M,1581.0,Curitiba,acucar,Não,6,264
2255,54.0,F,2085.0,Salvador,cafe,Sim,5,200
2256,18.0,F,5064.0,São Paulo,feijao,Sim,6,318
2257,,M,2900.0,Belo Horizonte,feijao,Sim,4,224
2258,45.0,M,6069.0,Rio,feijao,Sim,8,744
2259,,F,2146.0,Belo Horizonte,cafe,Sim,9,612
2260,20.0,M,6236.0,São Paulo,cafe,Sim,5,480
2261,33.0,F,2935.0,Belo Horizonte,feijao,Não,7,637
2262,60.0,M,2492.0,São Paulo,acucar,Sim,8,416
2263,61.0,F,1546.0,Rio,acucar,Sim,2,112
2264,38.0,M,7584.0,Curitiba,acucar,Não,7,693
2265,47.0,F,,Belo Horizonte,acucar,Sim,2,136
2266,47.0,F,,Belo Horizonte,feijao,Sim,8,616
2267,,F,1545.0,Curitiba,cafe,Sim,7,406
2268,42.0,,7578.0,Salvador,cafe,Sim,6,234
2269,,M,2581.0,São Paulo,cafe,Sim,2,184
2270,34.0,F,7358.0,Rio,feijao,Sim,6,540
2271,,M,2507.0,Salvador,acucar,Sim,8,456
2272,58.0,M,2991.0,Curitiba,acucar,Sim,9,729
2273,61.0,M,5787.0,Curitiba,acucar,Sim,4,116
2274,18.0,F,5985.0,Curitiba,feijao,Sim,1,69
2275,34.0,F,7945.0,Curitiba,acucar,Sim,6,162
2276,43.0,F,4881.0,Belo Horizonte,acucar,Sim,3,291
2277,22.0,F,7562.0,São Paulo,oleo,Não,3,102
2278,,M,2625.0,Curitiba,acucar,Sim,2,122
2279,58.0,M,5715.0,Belo Horizonte,,Não,9,495
2280,26.0,M,2120.0,Belo Horizonte,oleo,Sim,3,294
2281,56.0,F,7592.0,Salvador,acucar,Não,10,340
2282,49.0,M,5678.0,Rio,acucar,Não,8,240
2283,60.0,,1379.0,Salvador,oleo,Não,8,680
2284,,M,6343.0,Rio,cafe,Sim,9,855
2285,64.0,M,3721.0,Rio,acucar,Não,9,783
2286,61.0,F,2175.0,Salvador,cafe,Não,2,62
2287,24.0,M,,Curitiba,arroz,Não,1,39
2288,38.0,M,3695.0,Belo Horizonte,cafe,Sim,5,220
2289,22.0,F,1493.0,Curitiba,acucar,Não,3,198
2290,37.0,M,1466.0,Curitiba,oleo,Não,10,480
2291,25.0,M,3700.0,Salvador,cafe,Não,9,675
2292,30.0,M,2514.0,Rio,cafe,Sim,5,120
2293,37.0,,7403.0,Curitiba,arroz,Sim,5,105
2294,59.0,F,2869.0,São Paulo,arroz,Sim,2,60
2295,56.0,M,1795.0,Salvador,oleo,Sim,5,170
2296,62.0,M,3676.0,Belo Horizonte,arroz,Sim,2,120
2297,40.0,M,2736.0,Salvador,feijao,Sim,6,588
2298,41.0,F,5611.0,São Paulo,oleo,Sim,1,76
2299,23.0,F,2232.0,São Paulo,feijao,Sim,8,200
2300,33.0,M,7416.0,Curitiba,arroz,Não,5,330
2301,,M,1521.0,Curitiba,acucar,Não,9,657
2302,36.0,M,1289.0,Belo Horizonte,arroz,Sim,1,57
2303,44.0,F,4230.0,Belo Horizonte,cafe,Sim,2,86
2304,38.0,M,2050.0,Curitiba,arroz,Não,1,22
2305,39.0,M,6581.0,São Paulo,arroz,Não,1,36
2306,35.0,M,5971.0,Salvador,feijao,Sim,2,156
2307,37.0,F,3010.0,Salvador,arroz,Não,1,78
2308,25.0,M,7171.0,São Paulo,oleo,Sim,1,84
2309,,M,6577.0,Rio,feijao,Não,7,301
2310,35.0,F,2072.0,Rio,,Sim,3,72
2311,52.0,M,,Curitiba,,Sim,4,336
2312,41.0,M,3732.0,Belo Horizonte,feijao,Sim,3,111
2313,34.0,M,5523.0,Curitiba,cafe,Não,6,540
2314,32.0,M,4182.0,Rio,oleo,Não,7,287
2315,55.0,M,7462.0,São Paulo,acucar,Sim,5,380
2316,20.0,F,7649.0,Curitiba,oleo,Não,5,200
2317,46.0,,3649.0,Rio,arroz,Sim,10,930
2318,31.0,M,3277.0,Belo Horizonte,cafe,Sim,7,644
2319,26.0,F,1635.0,Belo Horizonte,arroz,Sim,10,750
2320,30.0,M,2321.0,Curitiba,acucar,Sim,8,736
2321,60.0,M,7007.0,Belo Horizonte,feijao,Sim,1,86
2322,44.0,M,5239.0,Rio,arroz,Não,6,540
2323,31.0,F,6341.0,Belo Horizonte,arroz,Sim,9,675
2324,49.0,M,6567.0,Curitiba,acucar,Não,7,329
2325,61.0,M,1300.0,Rio,cafe,Não,7,546
2326,38.0,F,7375.0,São Paulo,acucar,Sim,3,105
2327,38.0,M,5639.0,Curitiba,arroz,Sim,9,783
2328,38.0,M,6675.0,Rio,arroz,Sim,5,115
2329,48.0,M,,Rio,cafe,Não,7,532
2330,57.0,M,1407.0,São Paulo,arroz,Sim,5,180
2331,,M,7487.0,Curitiba,acucar,Sim,6,588
2332,49.0,M,2672.0,São Paulo,cafe,Sim,1,43
2333,46.0,M,4967.0,Belo Horizonte,feijao,Sim,7,441
2334,46.0,F,7129.0,Curitiba,feijao,Sim,5,210
2335,26.0,F,3811.0,Salvador,acucar,Não,7,210
2336,32.0,M,1390.0,Salvador,arroz,Sim,10,530
2337,46.0,M,5257.0,Rio,acucar,Sim,2,132
2338,42.0,M,1523.0,Salvador,feijao,Não,5,240
2339,28.0,F,,Curitiba,,Sim,3,201
2340,61.0,M,,Salvador,feijao,Sim,8,272
2341,50.0,F,2293.0,Salvador,acucar,Não,4,152
2342,65.0,F,6352.0,Salvador,cafe,Sim,10,980
2343,,F,4362.0,Curitiba,cafe,Sim,8,512
2344,,F,1638.0,Belo Horizonte,feijao,Não,8,192
2345,,M,3336.0,Curitiba,cafe,Não,6,432
2346,46.0,F,7650.0,São Paulo,,Sim,10,760
2347,35.0,M,4588.0,Curitiba,oleo,Sim,4,364
2348,54.0,M,7303.0,São Paulo,arroz,Sim,5,445
2349,49.0,,4542.0,Belo Horizonte,arroz,Sim,5,430
2350,31.0,M,2961.0,Salvador,acucar,Sim,9,810
2351,55.0,F,6389.0,Belo Horizonte,arroz,Não,5,220
2352,63.0,F,7189.0,Belo Horizonte,arroz,Sim,10,570
2353,22.0,M,3369.0,Curitiba,arroz,Não,7,154
2354,20.0,F,2939.0,Curitiba,acucar,Sim,9,378
2355,64.0,M,5763.0,São Paulo,,Sim,1,58
2356,63.0,M,4971.0,Curitiba,feijao,Não,4,268
2357,18.0,F,7660.0,São Paulo,arroz,Não,3,81
2358,57.0,M,4144.0,Belo Horizonte,cafe,Não,10,800
2359,50.0,M,6306.0,Belo Horizonte,acucar,Sim,4,80
2360,,M,6076.0,Salvador,oleo,Não,7,616
2361,38.0,M,,Salvador,arroz,Sim,10,500
2362,36.0,,6207.0,Belo Horizonte,,Sim,6,462
2363,41.0,M,3795.0,São Paulo,,Sim,6,540
2364,23.0,F,7520.0,Belo Horizonte,acucar,Sim,10,220
2365,,F,4136.0,São Paulo,oleo,Sim,4,108
2366,43.0,F,4955.0,Rio,arroz,Não,6,432
2367,61.0,M,4994.0,Salvador,arroz,Sim,4,384
2368,58.0,F,4404.0,Rio,oleo,Sim,9,855
2369,59.0,F,5582.0,Salvador,oleo,Não,6,180
2370,35.0,,7546.0,São Paulo,cafe,Sim,3,183
2371,38.0,M,1639.0,Salvador,oleo,Sim,3,75
2372,27.0,,,Rio,,Sim,3,81
2373,44.0,M,2713.0,São Paulo,cafe,Sim,1,81
2374,31.0,F,5348.0,Curitiba,oleo,Sim,10,560
2375,,M,4459.0,Belo Horizonte,oleo,Sim,9,729
2376,23.0,M,2813.0,Belo Horizonte,acucar,Sim,3,165
2377,32.0,F,2315.0,São Paulo,oleo,Sim,6,216
2378,32.0,M,1761.0,Curitiba,arroz,Não,10,690
2379,61.0,M,5140.0,São Paulo,oleo,Sim,9,729
2380,32.0,F,6329.0,São Paulo,arroz,Sim,8,312
2381,38.0,M,5904.0,Salvador,arroz,Não,5,400
2382,18.0,F,3160.0,São Paulo,oleo,Não,8,520
2383,32.0,M,2069.0,Curitiba,feijao,Não,1,71
2384,61.0,M,7581.0,Salvador,acucar,Não,10,930
2385,29.0,F,7118.0,Salvador,cafe,Sim,8,648
2386,51.0,M,6764.0,Salvador,arroz,Sim,1,85
2387,60.0,,,Salvador,arroz,Sim,8,584
2388,45.0,F,5715.0,Curitiba,oleo,Sim,3,216
2389,40.0,,2597.0,São Paulo,acucar,Sim,10,780
2390,36.0,F,5157.0,Rio,feijao,Não,5,310
2391,30.0,,2032.0,Salvador,feijao,Sim,9,756
2392,32.0,F,6013.0,Rio,acucar,Sim,5,305
2393,19.0,F,4516.0,Salvador,acucar,Não,9,855
2394,31.0,F,2032.0,Salvador,cafe,Sim,4,104
2395,26.0,M,1465.0,Curitiba,acucar,Não,5,430
2396,59.0,F,,Belo Horizonte,acucar,Sim,8,280
2397,46.0,F,4506.0,Curitiba,feijao,Não,5,105
2398,29.0,F,6005.0,Belo Horizonte,cafe,Sim,5,360
2399,42.0,F,5342.0,Curitiba,acucar,Sim,2,182
2400,40.0,M,2085.0,Curitiba,,Não,7,245
2401,,,6525.0,São Paulo,arroz,Não,7,623
2402,41.0,M,6754.0,Rio,oleo,Não,8,656
2403,38.0,F,2789.0,Belo Horizonte,cafe,Sim,7,266
2404,58.0,,5685.0,Salvador,oleo,Sim,1,61
2405,64.0,F,5459.0,São Paulo,acucar,Sim,10,530
2406,39.0,M,7334.0,Rio,arroz,Sim,6,432
2407,59.0,F,3497.0,Rio,feijao,Sim,10,770
2408,37.0,M,7132.0,Salvador,feijao,Não,8,224
2409,23.0,F,1880.0,Belo Horizonte,cafe,Sim,10,520
2410,23.0,M,5924.0,Belo Horizonte,,Sim,8,328
2411,38.0,M,3757.0,Rio,,Sim,3,204
2412,42.0,F,5983.0,Curitiba,acucar,Não,3,66
2413,51.0,F,2893.0,São Paulo,feijao,Não,3,114
2414,65.0,M,4544.0,Curitiba,oleo,Sim,9,801
2415,46.0,F,6879.0,Rio,arroz,Não,3,141
2416,48.0,M,2048.0,Curitiba,oleo,Sim,2,40
2417,42.0,M,6156.0,Rio,acucar,Não,4,120
2418,47.0,F,5522.0,Salvador,cafe,Não,6,354
2419,52.0,F,,São Paulo,acucar,Não,5,170
2420,,F,7143.0,Rio,oleo,Sim,6,564
2421,53.0,M,2380.0,Curitiba,acucar,Sim,6,120
2422,59.0,M,1430.0,São Paulo,acucar,Sim,4,156
2423,65.0,F,1749.0,São Paulo,cafe,Não,2,88
2424,60.0,,7624.0,Curitiba,cafe,Sim,5,495
2425,52.0,F,4405.0,São Paulo,arroz,Sim,6,408
2426,32.0,M,1594.0,Salvador,acucar,Sim,2,178
2427,30.0,F,1904.0,São Paulo,cafe,Sim,2,128
2428,34.0,F,6367.0,Belo Horizonte,,Sim,3,291
2429,27.0,M,4101.0,Belo Horizonte,arroz,Sim,9,729
2430,19.0,F,6867.0,Rio,oleo,Não,5,185
2431,50.0,M,,Rio,oleo,Não,6,480
2432,46.0,M,5079.0,Belo Horizonte,acucar,Não,1,21
2433,27.0,M,5085.0,Curitiba,feijao,Sim,8,760
2434,46.0,F,2984.0,Rio,feijao,Não,6,216
2435,44.0,F,2316.0,Salvador,oleo,Sim,7,679
2436,44.0,M,7186.0,Rio,oleo,Sim,5,135
2437,23.0,,,Salvador,feijao,Não,1,37
2438,34.0,F,1393.0,Curitiba,acucar,Sim,9,369
2439,63.0,F,2988.0,Belo Horizonte,arroz,Não,9,558
2440,25.0,M,2614.0,São Paulo,,Sim,1,61
2441,20.0,F,5666.0,Salvador,arroz,Sim,10,430
2442,34.0,M,6599.0,Curitiba,cafe,Sim,9,747
2443,,F,5281.0,Salvador,oleo,Sim,3,234
2444,41.0,M,1932.0,Belo Horizonte,arroz,Sim,6,390
2445,36.0,F,4284.0,Salvador,oleo,Não,2,134
2446,44.0,M,4034.0,São Paulo,feijao,Sim,7,595
2447,34.0,M,,Salvador,arroz,Não,4,284
2448,55.0,F,7200.0,São Paulo,cafe,Sim,7,686
2449,55.0,M,4718.0,Salvador,acucar,Sim,8,680
2450,43.0,F,7564.0,Curitiba,arroz,Sim,5,445
2451,28.0,M,7878.0,Curitiba,feijao,Sim,2,42
2452,32.0,F,5319.0,Curitiba,oleo,Não,5,160
2453,41.0,F,2960.0,Curitiba,cafe,Não,6,402
2454,36.0,M,2964.0,São Paulo,,Sim,8,248
2455,52.0,M,7601.0,Belo Horizonte,oleo,Não,8,728
2456,30.0,F,5974.0,Belo Horizonte,feijao,Não,9,846
2457,24.0,F,6219.0,Rio,,Não,3,150
2458,20.0,M,7788.0,Salvador,oleo,Sim,5,380
2459,36.0,F,1481.0,Salvador,acucar,Não,6,408
2460,56.0,F,2683.0,Curitiba,cafe,Sim,6,558
2461,34.0,F,5005.0,Belo Horizonte,cafe,Sim,8,240
2462,62.0,F,6882.0,São Paulo,oleo,Sim,2,180
2463,54.0,M,7524.0,Belo Horizonte,cafe,Não,8,536
2464,32.0,M,1883.0,Rio,oleo,Não,9,873
2465,38.0,F,2153.0,Rio,oleo,Não,10,430
2466,24.0,M,4662.0,Salvador,arroz,Não,1,28
2467,30.0,M,5089.0,Rio,cafe,Sim,6,156
2468,50.0,F,4539.0,Belo Horizonte,cafe,Não,4,364
2469,55.0,F,7004.0,Curitiba,acucar,Sim,9,819
2470,49.0,M,6047.0,Rio,,Sim,10,360
2471,47.0,,2579.0,Salvador,arroz,Sim,1,77
2472,39.0,M,,Rio,cafe,Não,6,432
2473,25.0,,2487.0,Curitiba,arroz,Sim,9,657
2474,24.0,M,4192.0,Salvador,cafe,Não,3,210
2475,61.0,F,,São Paulo,oleo,Não,4,232
2476,42.0,M,,São Paulo,feijao,Não,3,237
2477,49.0,F,5551.0,Salvador,acucar,Sim,8,296
2478,46.0,M,4158.0,São Paulo,cafe,Sim,2,168
2479,,M,7579.0,Salvador,arroz,Não,5,265
2480,18.0,F,6720.0,Curitiba,,Sim,8,600
2481,32.0,F,2434.0,São Paulo,acucar,Sim,6,534
2482,57.0,M,1947.0,Salvador,oleo,Sim,8,304
2483,60.0,M,1953.0,Salvador,arroz,Não,3,204
2484,31.0,F,,Salvador,cafe,Não,6,528
2485,,M,6612.0,Belo Horizonte,arroz,Sim,7,224
2486,51.0,F,2436.0,Salvador,cafe,Não,1,61
2487,41.0,,2762.0,São Paulo,arroz,Não,5,225
2488,54.0,F,7096.0,Curitiba,arroz,Sim,3,96
2489,49.0,M,3007.0,Belo Horizonte,cafe,Não,2,84
2490,19.0,F,,Curitiba,feijao,Não,10,460
2491,44.0,,4987.0,Salvador,acucar,Não,1,25
2492,64.0,F,7225.0,Salvador,acucar,Não,5,150
2493,19.0,F,2800.0,Curitiba,oleo,Não,1,75
2494,28.0,M,5173.0,Salvador,oleo,Sim,6,426
2495,23.0,F,7348.0,Curitiba,feijao,Sim,10,900
2496,24.0,F,3101.0,Belo Horizonte,feijao,Sim,9,648
2497,57.0,M,5476.0,Salvador,oleo,Não,2,146
2498,,M,2982.0,São Paulo,acucar,Sim,3,93
2499,21.0,F,6763.0,Salvador,arroz,Sim,4,276
2500,34.0,F,,Belo Horizonte,cafe,Não,5,100
2501,59.0,F,6411.0,Rio,acucar,Não,4,356
2502,34.0,F,1794.0,Belo Horizonte,arroz,Não,9,459
2503,45.0,F,6178.0,Curitiba,,Sim,6,132
2504,47.0,M,1554.0,Rio,acucar,Sim,8,640
2505,27.0,F,2354.0,São Paulo,acucar,Sim,3,153
2506,58.0,F,,Curitiba,feijao,Não,2,120
2507,27.0,F,4730.0,Salvador,cafe,Sim,3,276
2508,32.0,M,4064.0,São Paulo,feijao,Sim,6,228
2509,45.0,M,7490.0,Rio,arroz,Não,9,792
2510,40.0,,7006.0,Salvador,oleo,Não,10,490
2511,20.0,M,,Curitiba,acucar,Não,5,350
2512,60.0,F,6562.0,São Paulo,acucar,Não,8,632
2513,,M,7361.0,Salvador,acucar,Não,5,440
2514,23.0,M,2318.0,Belo Horizonte,cafe,Sim,7,574
2515,55.0,M,6198.0,Salvador,cafe,Sim,4,264
2516,48.0,F,6006.0,Curitiba,cafe,Sim,9,594
2517,49.0,F,6795.0,Salvador,feijao,Sim,9,477
2518,63.0,F,5482.0,Salvador,acucar,Sim,5,110
2519,65.0,M,5484.0,Curitiba,cafe,Sim,5,335
2520,,M,5300.0,Curitiba,,Sim,10,590
2521,,F,3147.0,Belo Horizonte,acucar,Não,3,171
2522,59.0,M,5364.0,Rio,acucar,Sim,9,288
2523,29.0,,,Belo Horizonte,acucar,Não,10,780
2524,23.0,M,2895.0,Salvador,arroz,Sim,9,288
2525,56.0,M,3318.0,Belo Horizonte,cafe,Não,6,222
2526,45.0,F,6966.0,São Paulo,cafe,Não,9,594
2527,51.0,,5376.0,São Paulo,acucar,Sim,9,513
2528,30.0,M,6893.0,Curitiba,acucar,Sim,2,66
2529,19.0,,7907.0,Salvador,,Sim,6,588
2530,,,6511.0,Rio,cafe,Sim,7,413
2531,23.0,F,2105.0,Salvador,cafe,Não,10,510
2532,23.0,F,1771.0,Salvador,cafe,Não,8,296
2533,30.0,,6635.0,Curitiba,acucar,Sim,1,63
2534,19.0,M,2551.0,São Paulo,arroz,Não,8,384
2535,,,6202.0,Curitiba,acucar,Sim,1,87
2536,43.0,F,2972.0,Curitiba,,Não,7,441
2537,65.0,M,,Salvador,oleo,Sim,10,800
2538,42.0,M,3190.0,Belo Horizonte,cafe,Não,8,768
2539,55.0,F,,Salvador,arroz,Não,5,205
2540,59.0,M,1619.0,Salvador,cafe,Não,3,201
2541,48.0,M,,São Paulo,cafe,Sim,6,282
2542,24.0,M,,Curitiba,arroz,Sim,3,153
2543,28.0,M,,Salvador,cafe,Sim,7,406
2544,37.0,F,7381.0,Belo Horizonte,feijao,Sim,10,550
2545,26.0,M,6168.0,São Paulo,cafe,Sim,8,648
2546,19.0,M,1570.0,São Paulo,cafe,Não,5,160
2547,,,5279.0,Belo Horizonte,,Sim,2,82
2548,56.0,F,4259.0,Salvador,,Não,1,60
2549,63.0,F,5824.0,Curitiba,acucar,Sim,5,500
2550,59.0,M,5079.0,São Paulo,cafe,Não,3,294
2551,46.0,F,1628.0,Salvador,oleo,Não,10,570
2552,22.0,M,7180.0,São Paulo,oleo,Não,2,64
2553,35.0,M,,Belo Horizonte,cafe,Sim,7,245
2554,62.0,F,1469.0,Curitiba,oleo,Não,6,324
2555,39.0,F,1234.0,Rio,acucar,Não,4,288
2556,65.0,F,4998.0,Rio,acucar,Sim,5,420
2557,55.0,,3654.0,Curitiba,arroz,Não,3,213
2558,64.0,F,,Salvador,acucar,Sim,4,100
2559,47.0,M,5494.0,Curitiba,oleo,Sim,9,342
2560,58.0,F,2379.0,Rio,feijao,Sim,6,246
2561,39.0,F,2853.0,Belo Horizonte,oleo,Sim,10,770
2562,,M,3236.0,Rio,cafe,Não,9,459
2563,23.0,,7712.0,Curitiba,oleo,Sim,10,750
2564,44.0,,6776.0,Salvador,acucar,Sim,1,21
2565,65.0,F,5488.0,Belo Horizonte,arroz,Sim,3,279
2566,57.0,F,3223.0,Rio,cafe,Sim,1,82
2567,,M,4035.0,Belo Horizonte,oleo,Sim,4,184
2568,54.0,M,6506.0,Rio,acucar,Sim,5,385
2569,37.0,F,3932.0,Rio,cafe,Sim,5,295
2570,60.0,M,6521.0,Curitiba,,Sim,9,693
2571,50.0,M,2309.0,Belo Horizonte,arroz,Sim,2,110
2572,42.0,M,6486.0,Rio,feijao,Não,7,504
2573,47.0,F,6647.0,Curitiba,oleo,Sim,7,455
2574,55.0,F,6852.0,Salvador,acucar,Sim,9,702
2575,36.0,F,7155.0,São Paulo,feijao,Sim,10,860
2576,20.0,M,4763.0,Belo Horizonte,cafe,Sim,10,240
2577,43.0,F,7784.0,Belo Horizonte,feijao,Não,6,576
2578,23.0,M,7535.0,Rio,cafe,Não,9,504
2579,32.0,F,2822.0,São Paulo,cafe,Sim,9,306
2580,56.0,M,3264.0,São Paulo,oleo,Não,2,154
2581,43.0,F,3626.0,Belo Horizonte,feijao,Sim,4,128
2582,58.0,M,4455.0,São Paulo,,Sim,2,68
2583,56.0,M,3994.0,Belo Horizonte,cafe,Sim,5,275
2584,45.0,F,6841.0,Curitiba,acucar,Sim,7,147
2585,28.0,M,3360.0,Curitiba,feijao,Sim,4,280
2586,22.0,F,3801.0,Curitiba,arroz,Não,6,144
2587,55.0,M,5604.0,Curitiba,oleo,Não,9,684
2588,28.0,F,5942.0,São Paulo,cafe,Sim,6,402
2589,27.0,,,Belo Horizonte,acucar,Sim,9,873
2590,36.0,F,3606.0,Curitiba,acucar,Sim,5,500
2591,65.0,F,6719.0,São Paulo,oleo,Sim,9,648
2592,24.0,F,5931.0,Rio,arroz,Sim,6,138
2593,41.0,F,6484.0,Rio,cafe,Sim,6,168
2594,63.0,F,4391.0,São Paulo,oleo,Sim,2,108
2595,52.0,F,7231.0,São Paulo,arroz,Não,2,80
2596,38.0,M,7370.0,Belo Horizonte,oleo,Sim,6,270
2597,45.0,M,3168.0,Salvador,acucar,Sim,8,752
2598,59.0,F,7656.0,Rio,cafe,Não,5,280
2599,35.0,F,4838.0,Rio,oleo,Sim,1,32
2600,29.0,M,,Salvador,feijao,Não,4,192
2601,18.0,F,5932.0,Salvador,feijao,Não,4,264
2602,20.0,M,7405.0,Belo Horizonte,oleo,Sim,8,352
2603,30.0,M,5648.0,Curitiba,cafe,Sim,6,570
2604,41.0,M,6915.0,Salvador,acucar,Sim,8,800
2605,31.0,M,7436.0,Curitiba,acucar,Sim,7,539
2606,24.0,M,5214.0,Rio,cafe,Sim,3,123
2607,21.0,F,1740.0,São Paulo,arroz,Sim,6,426
2608,53.0,F,5658.0,Salvador,oleo,Sim,3,216
2609,18.0,M,4208.0,São Paulo,oleo,Sim,9,405
2610,33.0,M,7277.0,Rio,feijao,Sim,6,504
2611,61.0,M,7000.0,São Paulo,acucar,Sim,9,369
2612,58.0,F,5047.0,Belo Horizonte,arroz,Sim,9,450
2613,,F,6343.0,Salvador,cafe,Não,6,132
2614,,F,5845.0,Rio,arroz,Sim,8,568
2615,,F,4427.0,Curitiba,arroz,Não,2,150
2616,55.0,,5661.0,Salvador,,Sim,3,180
2617,41.0,M,4814.0,Belo Horizonte,cafe,Sim,5,285
2618,58.0,M,5606.0,São Paulo,,Não,6,192
2619,40.0,F,6808.0,Salvador,cafe,Não,10,670
2620,31.0,F,7008.0,Curitiba,arroz,Sim,5,135
2621,49.0,M,6588.0,Curitiba,cafe,Sim,5,260
2622,19.0,,2660.0,São Paulo,oleo,Não,9,810
2623,34.0,M,4882.0,Curitiba,cafe,Sim,10,360
2624,62.0,,6755.0,Rio,acucar,Sim,10,770
2625,21.0,M,1403.0,Rio,feijao,Sim,5,285
2626,57.0,F,3122.0,Belo Horizonte,arroz,Sim,2,138
2627,28.0,M,6266.0,Belo Horizonte,arroz,Sim,7,539
2628,38.0,M,4222.0,Curitiba,arroz,Sim,2,186
2629,44.0,F,,São Paulo,oleo,Não,10,310
2630,,M,4187.0,São Paulo,arroz,Não,9,198
2631,26.0,M,7621.0,Belo Horizonte,arroz,Não,8,544
2632,30.0,F,3442.0,Rio,acucar,Sim,9,621
2633,64.0,M,7750.0,Curitiba,cafe,Sim,4,256
2634,,F,1323.0,Salvador,acucar,Não,10,360
2635,43.0,F,6761.0,São Paulo,arroz,Não,8,480
2636,,M,6579.0,São Paulo,feijao,Não,4,164
2637,54.0,F,3243.0,Curitiba,feijao,Não,2,140
2638,32.0,F,4086.0,Rio,acucar,Sim,6,282
2639,63.0,M,4775.0,Rio,feijao,Sim,5,245
2640,57.0,M,7202.0,São Paulo,feijao,Sim,6,492
2641,56.0,M,,Rio,arroz,Sim,9,405
2642,21.0,F,,Belo Horizonte,cafe,Sim,1,81
2643,43.0,M,2748.0,Rio,cafe,Sim,8,688
2644,22.0,F,3327.0,Belo Horizonte,cafe,Sim,10,620
2645,61.0,F,7240.0,São Paulo,feijao,Não,10,440
2646,36.0,M,5017.0,Rio,oleo,Sim,2,82
2647,39.0,M,3359.0,Salvador,acucar,Sim,6,186
2648,35.0,M,7820.0,São Paulo,arroz,Não,9,225
2649,32.0,M,4559.0,Belo Horizonte,cafe,Sim,9,522
2650,58.0,F,3331.0,Belo Horizonte,acucar,Não,10,910
2651,29.0,,6585.0,São Paulo,arroz,Não,5,335
2652,21.0,,6848.0,São Paulo,,Sim,3,135
2653,49.0,F,,Salvador,acucar,Sim,7,518
2654,43.0,F,7171.0,Salvador,cafe,Sim,4,204
2655,60.0,F,3128.0,São Paulo,feijao,Sim,5,470
2656,33.0,,5830.0,Rio,feijao,Não,5,240
2657,55.0,M,3456.0,Belo Horizonte,feijao,Não,8,664
2658,51.0,F,1564.0,Rio,arroz,Não,7,567
2659,,M,2318.0,Rio,cafe,Sim,4,228
2660,55.0,F,7045.0,Curitiba,cafe,Não,2,98
2661,34.0,M,4654.0,Rio,arroz,Não,10,520
2662,64.0,F,,Curitiba,arroz,Não,5,355
2663,35.0,M,4217.0,Rio,oleo,Sim,8,248
2664,35.0,F,7129.0,São Paulo,arroz,Sim,3,219
2665,34.0,M,,São Paulo,cafe,Sim,4,172
2666,60.0,M,,Salvador,arroz,Não,6,456
2667,28.0,F,3430.0,Curitiba,,Sim,8,512
2668,63.0,M,3079.0,Salvador,arroz,Sim,7,147
2669,32.0,F,6954.0,Salvador,oleo,Não,3,261
2670,45.0,M,5654.0,São Paulo,oleo,Não,9,819
2671,32.0,M,3864.0,Salvador,oleo,Sim,3,276
2672,33.0,M,3946.0,Curitiba,oleo,Sim,9,882
2673,57.0,F,4651.0,Salvador,oleo,Não,6,432
2674,32.0,,5545.0,Belo Horizonte,arroz,Sim,8,392
2675,25.0,M,3360.0,Curitiba,acucar,Não,7,448
2676,49.0,F,,Belo Horizonte,cafe,Sim,1,96
2677,54.0,F,6356.0,Salvador,oleo,Sim,6,198
2678,20.0,M,4904.0,Rio,feijao,Não,3,138
2679,49.0,F,2032.0,Salvador,arroz,Sim,2,114
2680,23.0,M,5021.0,Rio,oleo,Sim,9,819
2681,34.0,F,3253.0,Salvador,oleo,Sim,8,160
2682,34.0,M,2453.0,Curitiba,oleo,Sim,4,104
2683,42.0,F,4100.0,Rio,oleo,Sim,10,940
2684,18.0,M,5826.0,Rio,cafe,Sim,4,208
2685,32.0,M,2124.0,Salvador,oleo,Sim,7,154
2686,54.0,F,1914.0,Rio,cafe,Sim,9,414
2687,44.0,F,1666.0,Salvador,arroz,Não,10,360
2688,,,2705.0,Rio,cafe,Não,8,800
2689,,,4639.0,Salvador,feijao,Sim,4,208
2690,56.0,M,6373.0,Salvador,cafe,Sim,6,516
2691,36.0,M,6658.0,São Paulo,oleo,Sim,5,215
2692,19.0,M,7877.0,São Paulo,oleo,Sim,7,336
2693,41.0,F,5102.0,Salvador,acucar,Sim,3,207
2694,56.0,M,2944.0,Rio,cafe,Sim,2,132
2695,47.0,M,6280.0,São Paulo,feijao,Sim,8,648
2696,19.0,F,6472.0,Curitiba,arroz,Sim,7,224
2697,50.0,M,5076.0,Rio,feijao,Não,5,390
2698,61.0,F,5980.0,Rio,feijao,Sim,5,270
2699,34.0,M,,Curitiba,acucar,Sim,7,238
2700,32.0,F,5373.0,São Paulo,oleo,Sim,6,282
2701,54.0,M,4675.0,Belo Horizonte,feijao,Sim,2,82
2702,37.0,M,1799.0,Curitiba,cafe,Sim,8,280
2703,63.0,M,,Curitiba,cafe,Sim,9,252
2704,32.0,F,2543.0,Curitiba,arroz,Sim,3,189
2705,54.0,F,6600.0,Salvador,oleo,Sim,4,104
2706,32.0,M,6320.0,Curitiba,feijao,Não,2,138
2707,,F,1630.0,Curitiba,,Não,2,94
2708,38.0,,7678.0,Belo Horizonte,acucar,Sim,6,540
2709,31.0,M,,Curitiba,feijao,Sim,1,23
2710,32.0,F,4467.0,Curitiba,cafe,Sim,10,760
2711,46.0,M,3587.0,Belo Horizonte,oleo,Não,10,970
2712,,F,1718.0,Belo Horizonte,acucar,Sim,2,196
2713,,F,7910.0,Belo Horizonte,oleo,Sim,1,87
2714,50.0,F,7542.0,São Paulo,arroz,Não,2,196
2715,58.0,F,2601.0,Curitiba,acucar,Não,1,89
2716,30.0,M,7453.0,São Paulo,feijao,Sim,1,44
2717,34.0,M,3103.0,São Paulo,oleo,Não,10,450
2718,30.0,M,1403.0,Rio,arroz,Não,4,308
2719,32.0,,3668.0,São Paulo,feijao,Sim,4,264
2720,40.0,M,5397.0,São Paulo,acucar,Sim,5,140
2721,26.0,F,,Salvador,acucar,Sim,8,528
2722,39.0,M,7863.0,Curitiba,arroz,Não,10,730
2723,,F,6928.0,Curitiba,acucar,Sim,10,240
2724,51.0,F,7815.0,Salvador,feijao,Não,10,530
2725,28.0,F,2872.0,Salvador,cafe,Não,4,248
2726,,M,6958.0,Salvador,oleo,Sim,10,220
2727,,F,3499.0,Belo Horizonte,oleo,Não,5,255
2728,53.0,M,4477.0,Curitiba,feijao,Não,9,702
2729,43.0,F,1729.0,Curitiba,arroz,Sim,8,752
2730,22.0,F,,Curitiba,,Não,5,305
2731,59.0,F,7108.0,Curitiba,,Não,2,128
2732,59.0,M,2144.0,Belo Horizonte,acucar,Sim,1,96
2733,56.0,M,5602.0,Belo Horizonte,feijao,Sim,1,57
2734,19.0,F,3573.0,Belo Horizonte,arroz,Não,2,84
2735,42.0,F,5391.0,Rio,cafe,Não,3,138
2736,56.0,F,4037.0,Salvador,feijao,Não,5,335
2737,34.0,F,7998.0,Rio,cafe,Sim,3,66
2738,42.0,,2344.0,Salvador,cafe,Sim,10,510
2739,61.0,M,3521.0,Salvador,cafe,Sim,4,144
2740,25.0,F,5933.0,São Paulo,feijao,Sim,6,546
2741,62.0,F,3506.0,Rio,cafe,Não,2,40
2742,59.0,M,5985.0,Belo Horizonte,feijao,Não,5,115
2743,38.0,F,1214.0,São Paulo,acucar,Sim,9,675
2744,25.0,F,2393.0,Belo Horizonte,,Sim,7,364
2745,32.0,F,4800.0,Salvador,oleo,Não,5,275
2746,59.0,M,6645.0,Belo Horizonte,oleo,Não,9,630
2747,18.0,M,3440.0,Salvador,acucar,Sim,9,252
2748,34.0,M,7198.0,Salvador,cafe,Sim,3,186
2749,38.0,,3669.0,São Paulo,,Não,3,222
2750,43.0,M,7547.0,Belo Horizonte,,Sim,5,150
2751,38.0,F,4444.0,Rio,oleo,Não,6,498
2752,41.0,M,1749.0,Rio,oleo,Sim,4,276
2753,20.0,F,2171.0,Salvador,cafe,Sim,9,684
2754,45.0,M,2796.0,Salvador,arroz,Não,3,147
2755,31.0,M,4666.0,Rio,cafe,Sim,10,400
2756,,F,5846.0,São Paulo,cafe,Sim,6,474
2757,55.0,M,2205.0,Belo Horizonte,acucar,Não,9,288
2758,18.0,,6192.0,Belo Horizonte,arroz,Sim,9,792
2759,44.0,M,3829.0,Curitiba,cafe,Sim,8,800
2760,47.0,F,7612.0,Curitiba,oleo,Não,4,304
2761,50.0,F,7224.0,Salvador,arroz,Sim,8,768
2762,56.0,M,7974.0,São Paulo,feijao,Não,9,432
2763,42.0,M,3871.0,São Paulo,arroz,Sim,3,192
2764,59.0,F,5379.0,São Paulo,acucar,Não,1,56
2765,25.0,F,4551.0,Rio,acucar,Não,2,60
2766,56.0,,,Curitiba,cafe,Não,6,384
2767,33.0,M,6601.0,Rio,feijao,Não,10,610
2768,50.0,M,5921.0,Rio,acucar,Não,4,116
2769,22.0,F,5345.0,Rio,cafe,Sim,8,656
2770,23.0,F,7347.0,Rio,feijao,Não,3,231
2771,51.0,M,1813.0,Belo Horizonte,oleo,Sim,10,920
2772,,F,6445.0,Salvador,feijao,Sim,4,348
2773,45.0,F,7545.0,São Paulo,feijao,Sim,1,79
2774,36.0,M,7481.0,Belo Horizonte,acucar,Sim,3,135
2775,61.0,F,6841.0,Salvador,cafe,Sim,2,44
2776,34.0,M,4033.0,São Paulo,arroz,Sim,3,72
2777,51.0,M,7293.0,Rio,acucar,Não,7,490
2778,43.0,M,5615.0,Salvador,oleo,Sim,6,408
2779,36.0,F,5379.0,Salvador,arroz,Sim,3,174
2780,38.0,,4232.0,Rio,,Sim,2,96
2781,60.0,M,2735.0,Curitiba,feijao,Não,6,216
2782,59.0,M,,Belo Horizonte,cafe,Sim,2,158
2783,23.0,F,5308.0,São Paulo,cafe,Sim,2,96
2784,36.0,M,2198.0,Belo Horizonte,feijao,Não,6,336
2785,21.0,M,6609.0,São Paulo,oleo,Sim,1,84
2786,39.0,F,,São Paulo,acucar,Não,1,26
2787,26.0,,,Belo Horizonte,feijao,Não,1,32
2788,64.0,F,4552.0,Belo Horizonte,,Sim,7,658
2789,50.0,F,1628.0,Belo Horizonte,arroz,Não,4,192
2790,47.0,M,4293.0,Rio,arroz,Não,9,657
2791,37.0,M,7304.0,Salvador,acucar,Sim,10,860
2792,59.0,F,4602.0,Salvador,acucar,Sim,3,213
2793,20.0,M,5413.0,Belo Horizonte,oleo,Não,3,222
2794,38.0,,,Rio,feijao,Sim,5,300
2795,30.0,M,2828.0,Belo Horizonte,oleo,Não,10,850
2796,53.0,F,,Rio,arroz,Não,1,73
2797,20.0,M,6658.0,Salvador,arroz,Sim,2,76
2798,,F,6215.0,São Paulo,oleo,Não,10,560
2799,64.0,F,2473.0,Belo Horizonte,feijao,Não,3,285
2800,39.0,M,4536.0,Curitiba,acucar,Não,2,146
2801,60.0,M,5079.0,São Paulo,feijao,Sim,5,240
2802,27.0,M,6530.0,São Paulo,acucar,Não,4,80
2803,48.0,F,3289.0,Salvador,arroz,Sim,4,400
2804,65.0,F,5646.0,Belo Horizonte,acucar,Sim,9,603
2805,19.0,M,4079.0,Curitiba,feijao,Não,7,273
2806,26.0,M,2681.0,Rio,cafe,Sim,4,172
2807,65.0,F,3469.0,Rio,cafe,Sim,9,639
2808,52.0,F,5291.0,São Paulo,acucar,Não,8,608
2809,57.0,F,4165.0,Salvador,feijao,Não,8,208
2810,45.0,M,4286.0,Belo Horizonte,cafe,Não,1,28
2811,51.0,F,1599.0,Salvador,acucar,Sim,5,245
2812,,F,1661.0,Rio,acucar,Não,2,152
2813,26.0,F,7000.0,Belo Horizonte,arroz,Sim,2,108
2814,51.0,M,4518.0,São Paulo,oleo,Não,2,70
2815,58.0,F,,Salvador,arroz,Não,3,204
2816,32.0,M,,Salvador,oleo,Sim,8,760
2817,59.0,M,3553.0,São Paulo,acucar,Não,4,252
2818,54.0,F,6321.0,Belo Horizonte,,Sim,6,348
2819,29.0,F,2604.0,São Paulo,arroz,Não,1,57
2820,,M,6312.0,Curitiba,feijao,Sim,3,75
2821,40.0,M,5078.0,São Paulo,arroz,Sim,3,255
2822,25.0,F,2343.0,Belo Horizonte,feijao,Sim,2,178
2823,40.0,M,7350.0,Rio,cafe,Sim,8,456
2824,,M,6716.0,Curitiba,acucar,Sim,8,768
2825,63.0,M,7537.0,Salvador,feijao,Sim,10,870
2826,52.0,F,5209.0,Rio,cafe,Não,2,172
2827,56.0,F,1850.0,Salvador,oleo,Sim,1,31
2828,36.0,F,2356.0,Curitiba,cafe,Não,7,161
2829,18.0,F,4900.0,Curitiba,arroz,Não,8,352
2830,37.0,F,4205.0,Curitiba,cafe,Sim,5,140
2831,18.0,M,6759.0,Curitiba,cafe,Sim,9,819
2832,31.0,M,2331.0,Curitiba,cafe,Não,7,623
2833,,M,4227.0,Rio,acucar,Sim,9,306
2834,61.0,F,7195.0,Salvador,oleo,Sim,1,100
2835,57.0,F,6419.0,Rio,oleo,Sim,10,370
2836,40.0,M,5765.0,São Paulo,oleo,Sim,10,750
2837,35.0,F,7120.0,Curitiba,acucar,Sim,2,156
2838,,M,,Curitiba,feijao,Sim,7,378
2839,52.0,F,1974.0,Belo Horizonte,cafe,Não,7,483
2840,37.0,M,5340.0,Salvador,arroz,Sim,3,117
2841,59.0,F,1467.0,São Paulo,,Sim,3,120
2842,37.0,M,7518.0,Rio,acucar,Sim,5,445
2843,58.0,F,3554.0,São Paulo,cafe,Não,3,102
2844,36.0,F,7318.0,Belo Horizonte,oleo,Sim,9,711
2845,44.0,M,6901.0,Salvador,oleo,Sim,10,380
2846,44.0,,5405.0,Curitiba,cafe,Sim,8,704
2847,52.0,F,7833.0,São Paulo,cafe,Sim,6,258
2848,50.0,M,7686.0,Rio,acucar,Sim,8,536
2849,19.0,F,5472.0,Curitiba,,Sim,4,316
2850,28.0,M,4644.0,Belo Horizonte,cafe,Sim,3,141
2851,49.0,M,5196.0,Salvador,acucar,Não,2,146
2852,34.0,F,2003.0,São Paulo,feijao,Sim,5,340
2853,22.0,M,7310.0,Rio,cafe,Sim,5,400
2854,58.0,F,7723.0,São Paulo,arroz,Não,4,180
2855,46.0,F,5103.0,Curitiba,,Não,6,324
2856,19.0,F,7491.0,Curitiba,oleo,Não,2,54
2857,58.0,M,4336.0,Rio,cafe,Sim,9,873
2858,61.0,M,3150.0,São Paulo,acucar,Sim,1,35
2859,30.0,M,1907.0,Belo Horizonte,feijao,Não,10,380
2860,44.0,F,7164.0,Rio,,Sim,7,259
2861,23.0,M,3105.0,Salvador,oleo,Não,4,136
2862,63.0,F,5064.0,Belo Horizonte,arroz,Sim,5,380
2863,64.0,M,4318.0,Curitiba,cafe,Sim,4,252
2864,41.0,M,1532.0,Salvador,arroz,Sim,6,126
2865,35.0,M,3334.0,Salvador,feijao,Sim,1,100
2866,24.0,F,7141.0,Salvador,acucar,Sim,10,940
2867,40.0,M,,Rio,cafe,Sim,9,306
2868,,F,,Curitiba,,Sim,10,880
2869,38.0,F,4122.0,Belo Horizonte,acucar,Não,1,57
2870,20.0,F,,Belo Horizonte,feijao,Não,9,459
2871,28.0,M,4312.0,Belo Horizonte,cafe,Sim,7,203
2872,51.0,F,7168.0,Belo Horizonte,arroz,Não,7,420
2873,52.0,M,4111.0,Curitiba,arroz,Não,10,210
2874,51.0,M,4442.0,Belo Horizonte,arroz,Sim,5,390
2875,42.0,,,Curitiba,,Sim,10,310
2876,44.0,F,,Salvador,feijao,Sim,7,266
2877,34.0,M,5933.0,Salvador,oleo,Sim,2,122
2878,28.0,F,6635.0,Salvador,acucar,Sim,4,196
2879,58.0,M,4884.0,Curitiba,,Sim,8,288
2880,18.0,F,3300.0,Curitiba,oleo,Sim,3,87
2881,28.0,M,7684.0,Salvador,acucar,Sim,2,118
2882,61.0,M,7573.0,Rio,feijao,Não,2,104
2883,,F,7818.0,Belo Horizonte,feijao,Não,6,342
2884,,M,2987.0,Rio,cafe,Não,3,105
2885,24.0,M,5800.0,Rio,acucar,Não,8,296
2886,32.0,M,7163.0,Rio,cafe,Sim,1,83
2887,28.0,F,4753.0,São Paulo,feijao,Sim,10,690
2888,28.0,F,7393.0,São Paulo,oleo,Sim,4,268
2889,47.0,M,5546.0,Belo Horizonte,arroz,Não,8,712
2890,47.0,M,2953.0,Belo Horizonte,arroz,Não,6,558
2891,65.0,M,5426.0,Rio,,Sim,2,80
2892,34.0,M,4439.0,Salvador,,Sim,1,63
2893,30.0,M,5903.0,Belo Horizonte,arroz,Sim,2,134
2894,65.0,M,5590.0,São Paulo,feijao,Não,7,392
2895,31.0,F,3268.0,São Paulo,acucar,Sim,8,752
2896,65.0,F,,Salvador,acucar,Não,2,152
2897,20.0,,,São Paulo,cafe,Não,4,128
2898,64.0,F,6065.0,Rio,feijao,Sim,1,60
2899,46.0,,4768.0,Salvador,acucar,Sim,9,666
2900,38.0,M,1516.0,Curitiba,oleo,Sim,1,26
2901,,M,1202.0,Belo Horizonte,oleo,Sim,10,220
2902,44.0,M,1272.0,Belo Horizonte,acucar,Sim,7,630
2903,45.0,M,,Rio,acucar,Sim,8,640
2904,40.0,F,3427.0,Rio,acucar,Sim,9,441
2905,43.0,M,7271.0,São Paulo,oleo,Sim,5,220
2906,42.0,M,,Belo Horizonte,feijao,Sim,7,154
2907,49.0,M,5655.0,Rio,,Sim,3,228
2908,27.0,F,2592.0,Curitiba,oleo,Não,6,396
2909,38.0,M,2780.0,Salvador,feijao,Sim,3,294
2910,,M,4974.0,Salvador,arroz,Não,10,880
2911,52.0,M,7682.0,São Paulo,cafe,Sim,5,205
2912,36.0,M,,Belo Horizonte,arroz,Não,1,80
2913,46.0,F,2739.0,São Paulo,cafe,Sim,8,192
2914,32.0,M,2905.0,Curitiba,acucar,Não,6,558
2915,44.0,F,6810.0,São Paulo,feijao,Sim,4,288
2916,54.0,M,3264.0,São Paulo,feijao,Sim,2,94
2917,,F,1792.0,Rio,oleo,Sim,9,828
2918,31.0,M,6530.0,Rio,oleo,Sim,10,880
2919,18.0,F,1661.0,São Paulo,feijao,Sim,7,196
2920,64.0,,1417.0,São Paulo,cafe,Sim,4,108
2921,39.0,,5538.0,São Paulo,feijao,Não,2,122
2922,65.0,F,7316.0,Rio,cafe,Não,1,30
2923,,M,7281.0,Belo Horizonte,,Não,7,623
2924,22.0,M,3735.0,São Paulo,arroz,Sim,1,28
2925,58.0,F,5639.0,Rio,oleo,Sim,9,450
2926,58.0,F,4571.0,Curitiba,acucar,Sim,4,180
2927,48.0,M,6776.0,Curitiba,oleo,Não,7,371
2928,57.0,F,3565.0,Rio,acucar,Sim,6,210
2929,47.0,F,,São Paulo,feijao,Sim,3,294
2930,62.0,F,3452.0,Curitiba,arroz,Não,8,248
2931,25.0,F,3511.0,Belo Horizonte,feijao,Sim,1,79
2932,58.0,F,4893.0,São Paulo,oleo,Sim,5,490
2933,57.0,F,2894.0,Belo Horizonte,,Sim,2,192
2934,40.0,,7615.0,São Paulo,feijao,Sim,2,58
2935,41.0,M,5610.0,Rio,acucar,Não,7,532
2936,29.0,F,3525.0,Rio,cafe,Sim,4,256
2937,49.0,M,3741.0,Belo Horizonte,oleo,Não,9,495
2938,28.0,F,4000.0,Rio,,Não,9,342
2939,25.0,M,4376.0,Belo Horizonte,arroz,Não,7,644
2940,24.0,F,7711.0,São Paulo,arroz,Não,7,154
2941,28.0,F,7556.0,São Paulo,arroz,Sim,3,198
2942,53.0,M,3659.0,Rio,cafe,Não,8,480
2943,36.0,F,3708.0,São Paulo,feijao,Não,2,112
2944,45.0,,7083.0,Curitiba,feijao,Sim,2,114
2945,25.0,F,4941.0,Rio,acucar,Sim,9,351
2946,60.0,,6381.0,Rio,oleo,Sim,9,756
2947,23.0,F,7450.0,Belo Horizonte,cafe,Sim,10,460
2948,26.0,F,3207.0,Curitiba,acucar,Sim,2,76
2949,,M,2359.0,Rio,acucar,Não,2,96
2950,,F,5451.0,Curitiba,arroz,Sim,5,225
2951,57.0,M,1562.0,São Paulo,acucar,Sim,9,828
2952,51.0,M,1443.0,Curitiba,feijao,Não,2,184
2953,36.0,F,7690.0,Rio,cafe,Sim,9,639
2954,55.0,F,3166.0,Rio,feijao,Não,4,184
2955,,M,7808.0,Salvador,cafe,Sim,8,800
2956,19.0,M,2521.0,Belo Horizonte,cafe,Sim,6,426
2957,,M,1965.0,São Paulo,oleo,Sim,8,272
2958,41.0,F,5437.0,Curitiba,cafe,Sim,5,460
2959,58.0,M,1548.0,Salvador,,Não,1,28
2960,48.0,F,7846.0,Belo Horizonte,acucar,Sim,6,258
2961,37.0,,6167.0,Rio,oleo,Sim,3,216
2962,23.0,M,1936.0,Rio,acucar,Não,2,66
2963,18.0,M,3947.0,Belo Horizonte,oleo,Sim,7,175
2964,,M,4371.0,Salvador,,Não,5,460
2965,,F,4921.0,Belo Horizonte,acucar,Sim,3,141
2966,30.0,M,1846.0,Belo Horizonte,arroz,Não,7,168
2967,18.0,M,3377.0,Belo Horizonte,feijao,Não,6,240
2968,,F,7276.0,Salvador,cafe,Sim,3,75
2969,49.0,M,6392.0,São Paulo,cafe,Não,1,58
2970,44.0,,,São Paulo,arroz,Sim,7,350
2971,26.0,F,6311.0,Rio,feijao,Sim,5,160
2972,32.0,M,1219.0,Belo Horizonte,oleo,Sim,8,576
2973,30.0,F,1533.0,Salvador,,Não,2,42
2974,,M,4648.0,Salvador,cafe,Sim,4,192
2975,33.0,F,2492.0,Curitiba,arroz,Não,5,250
2976,52.0,M,7691.0,Rio,oleo,Sim,10,490
2977,51.0,M,7301.0,Belo Horizonte,acucar,Não,5,465
2978,57.0,,1370.0,Rio,oleo,Não,7,623
2979,,M,4256.0,Belo Horizonte,acucar,Não,2,96
2980,37.0,M,4253.0,São Paulo,acucar,Sim,8,720
2981,62.0,M,6171.0,São Paulo,acucar,Sim,9,702
2982,,F,6102.0,Rio,cafe,Sim,3,180
2983,26.0,M,,Belo Horizonte,feijao,Não,7,560
2984,61.0,F,6658.0,Curitiba,arroz,Sim,1,47
2985,30.0,F,6254.0,Belo Horizonte,oleo,Sim,4,252
2986,26.0,M,6114.0,Salvador,feijao,Sim,5,430
2987,54.0,F,3574.0,Curitiba,arroz,Sim,6,276
2988,63.0,F,7055.0,São Paulo,acucar,Sim,5,290
2989,31.0,F,2873.0,Rio,cafe,Não,1,36
2990,24.0,F,7846.0,Salvador,oleo,Não,3,165
2991,35.0,M,1475.0,Salvador,arroz,Sim,3,231
2992,52.0,F,1414.0,São Paulo,acucar,Sim,2,108
2993,61.0,,1398.0,Rio,arroz,Sim,5,130
2994,19.0,M,4714.0,São Paulo,acucar,Não,1,95
2995,23.0,,4943.0,Rio,oleo,Não,10,200
2996,31.0,M,3227.0,São Paulo,cafe,Sim,8,600
2997,51.0,,5657.0,São Paulo,feijao,Não,7,420
2998,29.0,M,5046.0,Curitiba,cafe,Sim,1,42
2999,28.0,F,1931.0,Salvador,arroz,Sim,10,680
3000,48.0,M,3622.0,São Paulo,cafe,Sim,1,39
3001,50.0,M,,Rio,,Não,7,217
3002,52.0,,7847.0,Salvador,acucar,Sim,3,246
3003,64.0,M,5672.0,Salvador,feijao,Não,9,819
3004,56.0,F,,Rio,arroz,Sim,9,243
3005,64.0,F,3904.0,Rio,feijao,Sim,9,630
3006,65.0,,7009.0,São Paulo,cafe,Sim,7,287
3007,51.0,M,2203.0,São Paulo,acucar,Sim,1,39
3008,41.0,F,3919.0,Belo Horizonte,feijao,Sim,7,392
3009,44.0,M,4972.0,São Paulo,oleo,Sim,8,248
3010,45.0,F,,São Paulo,cafe,Sim,10,300
3011,,F,6353.0,São Paulo,arroz,Não,8,560
3012,51.0,F,1574.0,Salvador,feijao,Não,2,102
3013,27.0,M,7310.0,Rio,cafe,Sim,7,385
3014,30.0,F,4093.0,Belo Horizonte,feijao,Sim,6,438
3015,51.0,F,4990.0,Salvador,feijao,Sim,2,150
3016,41.0,F,5065.0,Curitiba,arroz,Sim,2,188
3017,57.0,M,4771.0,São Paulo,arroz,Sim,3,282
3018,62.0,,4359.0,Rio,arroz,Não,1,29
3019,,M,1361.0,Curitiba,acucar,Sim,5,455
3020,59.0,M,7848.0,Rio,oleo,Sim,6,528
3021,25.0,F,2720.0,Rio,cafe,Não,1,67
3022,33.0,F,6090.0,Rio,cafe,Sim,4,388
3023,59.0,M,7596.0,Belo Horizonte,feijao,Não,9,360
3024,,F,7820.0,Curitiba,arroz,Não,3,141
3025,35.0,M,,Salvador,feijao,Sim,6,600
3026,37.0,F,3938.0,São Paulo,arroz,Sim,9,297
3027,46.0,F,6031.0,Belo Horizonte,cafe,Não,1,50
3028,,F,1857.0,Salvador,oleo,Não,10,710
3029,48.0,M,1716.0,Belo Horizonte,,Não,8,728
3030,53.0,F,1957.0,Belo Horizonte,acucar,Não,10,580
3031,32.0,F,6714.0,Rio,arroz,Sim,1,49
3032,34.0,M,1598.0,Rio,cafe,Sim,8,264
3033,29.0,M,3552.0,Curitiba,oleo,Não,9,513
3034,47.0,F,3802.0,Curitiba,oleo,Sim,8,440
3035,,M,7435.0,Rio,feijao,Sim,1,66
3036,23.0,M,3562.0,Rio,oleo,Sim,2,146
3037,41.0,F,6949.0,São Paulo,arroz,Sim,9,810
3038,44.0,,5260.0,São Paulo,cafe,Sim,1,46
3039,41.0,F,,Rio,arroz,Não,5,310
3040,62.0,,6189.0,Rio,,Não,1,68
3041,62.0,M,2719.0,Belo Horizonte,feijao,Sim,7,322
3042,53.0,F,7040.0,São Paulo,arroz,Sim,8,224
3043,54.0,F,3236.0,Salvador,arroz,Não,8,632
3044,64.0,M,2981.0,São Paulo,cafe,Sim,7,560
3045,35.0,M,6873.0,São Paulo,cafe,Sim,9,666
3046,30.0,F,3073.0,São Paulo,,Sim,8,568
3047,65.0,M,3955.0,Curitiba,acucar,Não,3,225
3048,38.0,F,,Belo Horizonte,cafe,Não,4,216
3049,54.0,,3966.0,Belo Horizonte,arroz,Sim,4,304
3050,41.0,M,4738.0,São Paulo,cafe,Não,2,104
3051,45.0,M,6413.0,São Paulo,feijao,Sim,9,801
3052,21.0,F,6959.0,Rio,acucar,Sim,1,35
3053,64.0,F,4219.0,São Paulo,,Sim,6,258
3054,24.0,M,6886.0,Salvador,,Sim,10,850
3055,60.0,M,4740.0,São Paulo,acucar,Sim,7,504
3056,,M,7174.0,Rio,,Sim,7,560
3057,53.0,F,6905.0,Belo Horizonte,,Sim,7,406
3058,57.0,F,1731.0,São Paulo,acucar,Sim,8,768
3059,32.0,M,5729.0,Curitiba,cafe,Não,1,29
3060,53.0,F,1755.0,Curitiba,feijao,Não,7,455
3061,19.0,F,3606.0,Rio,arroz,Não,10,880
3062,,F,7086.0,Rio,arroz,Não,2,136
3063,21.0,M,1493.0,Salvador,feijao,Sim,9,603
3064,51.0,F,5246.0,Belo Horizonte,acucar,Sim,5,315
3065,48.0,F,7416.0,Rio,oleo,Não,3,135
3066,40.0,M,3008.0,São Paulo,arroz,Não,6,414
3067,19.0,F,5206.0,Rio,cafe,Não,5,470
3068,32.0,F,3308.0,São Paulo,acucar,Sim,5,215
3069,42.0,F,2907.0,Rio,acucar,Sim,4,152
3070,31.0,M,,São Paulo,,Não,10,340
3071,49.0,M,4779.0,São Paulo,,Sim,10,750
3072,,F,,São Paulo,acucar,Não,10,600
3073,22.0,M,2391.0,São Paulo,acucar,Sim,2,138
3074,26.0,M,3725.0,Salvador,oleo,Não,8,392
3075,62.0,M,7241.0,Curitiba,arroz,Não,8,480
3076,51.0,F,6096.0,Belo Horizonte,arroz,Sim,8,496
3077,48.0,F,5640.0,São Paulo,oleo,Não,1,80
3078,26.0,M,6149.0,Belo Horizonte,arroz,Sim,4,88
3079,53.0,F,5480.0,São Paulo,acucar,Sim,7,392
3080,35.0,M,5800.0,Curitiba,cafe,Sim,8,712
3081,,M,3206.0,Salvador,cafe,Não,3,117
3082,22.0,F,2870.0,Salvador,,Sim,6,420
3083,21.0,M,6922.0,São Paulo,,Sim,9,567
3084,26.0,M,7050.0,Rio,,Sim,4,380
3085,25.0,F,3752.0,São Paulo,acucar,Sim,9,351
3086,50.0,M,1500.0,Curitiba,,Não,2,162
3087,40.0,M,,São Paulo,oleo,Sim,1,72
3088,60.0,M,7986.0,São Paulo,cafe,Não,7,574
3089,56.0,F,6837.0,Salvador,oleo,Sim,9,216
3090,24.0,M,4215.0,São Paulo,arroz,Não,4,252
3091,20.0,M,2150.0,Belo Horizonte,,Não,1,49
3092,53.0,F,4478.0,Belo Horizonte,cafe,Sim,8,360
3093,33.0,F,6403.0,Curitiba,arroz,Sim,6,576
3094,41.0,,2781.0,São Paulo,oleo,Sim,2,66
3095,47.0,F,5817.0,Belo Horizonte,acucar,Não,3,156
3096,36.0,F,2294.0,Curitiba,arroz,Sim,9,792
3097,63.0,F,3561.0,São Paulo,acucar,Não,7,238
3098,32.0,F,7593.0,Salvador,arroz,Sim,1,22
3099,,F,6285.0,Curitiba,feijao,Não,6,264
3100,20.0,F,3403.0,Rio,cafe,Não,8,760
3101,27.0,M,7685.0,São Paulo,oleo,Não,1,56
3102,43.0,,6473.0,Salvador,arroz,Sim,7,343
3103,,M,5854.0,Salvador,oleo,Sim,9,873
3104,33.0,F,2522.0,Belo Horizonte,cafe,Não,1,94
3105,48.0,F,7497.0,São Paulo,oleo,Sim,10,660
3106,48.0,F,1325.0,Salvador,,Não,3,231
3107,54.0,M,3878.0,Rio,feijao,Não,8,616
3108,44.0,M,6166.0,Belo Horizonte,feijao,Não,2,194
3109,25.0,M,3805.0,Rio,arroz,Não,10,810
3110,,F,4904.0,Belo Horizonte,cafe,Sim,5,455
3111,39.0,M,7796.0,Curitiba,acucar,Sim,5,290
3112,60.0,M,1520.0,Rio,cafe,Não,6,438
3113,,F,3775.0,Belo Horizonte,feijao,Sim,2,96
3114,19.0,,3681.0,Salvador,feijao,Não,9,252
3115,58.0,F,6503.0,São Paulo,cafe,Sim,3,90
3116,,F,7766.0,Curitiba,acucar,Sim,4,200
3117,46.0,F,6030.0,São Paulo,oleo,Sim,1,50
3118,25.0,F,3477.0,Rio,feijao,Sim,2,200
3119,29.0,M,3265.0,Salvador,oleo,Não,7,511
3120,25.0,F,1722.0,Belo Horizonte,acucar,Sim,2,92
3121,59.0,F,,Curitiba,arroz,Não,6,432
3122,50.0,F,1942.0,Salvador,oleo,Não,6,234
3123,43.0,,2309.0,São Paulo,arroz,Não,6,282
3124,25.0,M,7360.0,Salvador,oleo,Sim,3,291
3125,,F,6660.0,São Paulo,feijao,Não,4,112
3126,53.0,M,7159.0,Rio,oleo,Sim,4,160
3127,,F,5475.0,Curitiba,arroz,Sim,9,504
3128,36.0,M,6115.0,Belo Horizonte,feijao,Não,6,126
3129,18.0,,6134.0,Curitiba,acucar,Sim,1,74
3130,,M,3530.0,São Paulo,feijao,Sim,3,147
3131,37.0,M,2928.0,Belo Horizonte,,Sim,2,132
3132,53.0,M,4766.0,Rio,feijao,Não,9,621
3133,,F,6551.0,Curitiba,arroz,Sim,4,128
3134,64.0,F,6641.0,São Paulo,feijao,Não,3,90
3135,,F,3374.0,Salvador,feijao,Não,3,198
3136,61.0,M,7771.0,Salvador,,Não,1,60
3137,53.0,M,7049.0,Rio,acucar,Não,3,243
3138,28.0,M,3160.0,Curitiba,arroz,Não,8,608
3139,50.0,F,7774.0,Rio,feijao,Não,7,273
3140,48.0,,4793.0,São Paulo,oleo,Sim,8,600
3141,,M,3470.0,Curitiba,cafe,Não,4,200
3142,45.0,,7471.0,Belo Horizonte,cafe,Sim,5,370
3143,31.0,M,3273.0,Salvador,acucar,Não,9,423
3144,60.0,M,1649.0,Rio,oleo,Sim,9,252
3145,55.0,,4190.0,Belo Horizonte,feijao,Não,8,744
3146,64.0,F,2648.0,Belo Horizonte,acucar,Não,3,189
3147,,M,3256.0,Rio,arroz,Sim,5,170
3148,39.0,F,2243.0,São Paulo,arroz,Não,10,900
3149,23.0,M,3026.0,Salvador,acucar,Não,4,172
3150,50.0,,3460.0,Curitiba,feijao,Sim,3,168
3151,,M,,Belo Horizonte,cafe,Não,8,360
3152,49.0,F,1325.0,Salvador,cafe,Sim,10,550
3153,54.0,M,4061.0,Belo Horizonte,acucar,Não,5,190
3154,27.0,,6857.0,Salvador,arroz,Sim,7,329
3155,48.0,,1968.0,São Paulo,oleo,Não,1,32
3156,41.0,F,6624.0,Curitiba,oleo,Sim,10,530
3157,35.0,M,2462.0,Salvador,arroz,Não,9,360
3158,29.0,M,4302.0,Salvador,arroz,Não,1,99
3159,24.0,M,7334.0,Rio,feijao,Sim,7,539
3160,46.0,M,3158.0,Salvador,,Não,2,118
3161,,F,1994.0,Belo Horizonte,cafe,Sim,3,99
3162,42.0,M,5192.0,Curitiba,arroz,Sim,1,82
3163,63.0,M,3110.0,Rio,feijao,Sim,6,138
3164,45.0,F,6458.0,Salvador,feijao,Não,7,301
3165,55.0,F,7977.0,Belo Horizonte,acucar,Sim,3,246
3166,24.0,F,7523.0,Curitiba,,Sim,10,500
3167,37.0,M,7284.0,São Paulo,acucar,Não,7,259
3168,18.0,M,6656.0,Rio,acucar,Sim,10,400
3169,48.0,M,,Rio,cafe,Sim,1,63
3170,26.0,,1302.0,Salvador,feijao,Sim,8,768
3171,52.0,F,2299.0,Curitiba,acucar,Sim,5,245
3172,65.0,M,6623.0,Rio,feijao,Sim,10,850
3173,48.0,F,6432.0,Belo Horizonte,acucar,Não,2,184
3174,,M,4207.0,Belo Horizonte,acucar,Não,5,335
3175,37.0,M,5304.0,São Paulo,,Não,1,62
3176,18.0,,3502.0,Belo Horizonte,oleo,Sim,6,126
3177,53.0,F,3305.0,São Paulo,cafe,Não,9,387
3178,41.0,M,5343.0,Rio,acucar,Não,4,188
3179,36.0,F,7257.0,Belo Horizonte,arroz,Não,3,207
3180,46.0,M,1628.0,São Paulo,acucar,Não,8,352
3181,33.0,,7632.0,São Paulo,arroz,Sim,9,693
3182,42.0,F,5501.0,São Paulo,oleo,Não,1,65
3183,26.0,F,7878.0,Curitiba,acucar,Sim,3,255
3184,50.0,F,7364.0,Belo Horizonte,oleo,Sim,6,162
3185,21.0,F,4244.0,Salvador,oleo,Sim,8,696
3186,20.0,F,1507.0,Rio,acucar,Não,6,276
3187,64.0,,5674.0,Salvador,acucar,Sim,8,280
3188,26.0,F,2472.0,São Paulo,arroz,Sim,10,690
3189,,M,4207.0,Rio,oleo,Sim,1,65
3190,27.0,F,4706.0,Rio,,Sim,2,188
3191,59.0,M,3014.0,Curitiba,,Sim,4,156
3192,30.0,M,2649.0,Rio,oleo,Não,2,186
3193,38.0,,6293.0,São Paulo,arroz,Sim,5,500
3194,51.0,M,2406.0,Curitiba,cafe,Não,7,301
3195,30.0,M,5039.0,Salvador,cafe,Sim,6,348
3196,36.0,M,4091.0,São Paulo,acucar,Não,7,679
3197,30.0,M,1241.0,Salvador,acucar,Sim,10,500
3198,,F,3402.0,Salvador,feijao,Sim,10,990
3199,61.0,M,6807.0,Belo Horizonte,arroz,Não,3,144
3200,,F,2124.0,São Paulo,arroz,Não,3,96
3201,,F,6843.0,Curitiba,,Não,6,600
3202,34.0,,1720.0,Curitiba,oleo,Sim,7,588
3203,45.0,M,1427.0,Curitiba,feijao,Sim,1,30
3204,56.0,F,4932.0,Rio,feijao,Não,3,285
3205,51.0,F,3831.0,Belo Horizonte,feijao,Não,6,480
3206,61.0,M,1674.0,São Paulo,feijao,Sim,10,720
3207,54.0,M,,Curitiba,,Sim,10,380
3208,22.0,M,3597.0,Curitiba,cafe,Sim,2,48
3209,52.0,F,5613.0,Salvador,cafe,Sim,9,414
3210,51.0,F,1299.0,São Paulo,cafe,Não,2,90
3211,60.0,F,6785.0,Salvador,,Sim,10,780
3212,,M,3554.0,Belo Horizonte,arroz,Sim,2,62
3213,51.0,M,5375.0,Curitiba,feijao,Não,2,98
3214,21.0,F,5426.0,Rio,cafe,Sim,10,510
3215,40.0,M,1760.0,Curitiba,acucar,Sim,9,378
3216,27.0,M,2657.0,Belo Horizonte,feijao,Sim,1,92
3217,44.0,,4996.0,São Paulo,arroz,Não,9,504
3218,56.0,F,6778.0,Salvador,oleo,Não,5,390
3219,63.0,F,1758.0,Rio,cafe,Sim,9,396
3220,29.0,M,7241.0,Salvador,feijao,Sim,7,602
3221,,F,7106.0,Rio,acucar,Sim,8,168
3222,45.0,M,5709.0,São Paulo,acucar,Sim,4,172
3223,47.0,M,1325.0,Belo Horizonte,acucar,Sim,3,96
3224,55.0,F,6631.0,Rio,feijao,Sim,3,297
3225,38.0,M,,Belo Horizonte,cafe,Não,9,612
3226,47.0,M,3794.0,Rio,arroz,Sim,8,624
3227,40.0,,7078.0,Salvador,oleo,Não,9,315
3228,21.0,,,São Paulo,,Sim,9,756
3229,24.0,,,Rio,arroz,Sim,7,168
3230,,F,2167.0,Rio,acucar,Não,4,104
3231,32.0,M,4742.0,Curitiba,arroz,Sim,6,492
3232,54.0,M,4466.0,São Paulo,acucar,Não,3,216
3233,55.0,F,,Salvador,arroz,Não,9,333
3234,30.0,M,3626.0,São Paulo,cafe,Sim,5,205
3235,46.0,F,7344.0,São Paulo,feijao,Não,7,658
3236,49.0,F,3289.0,Belo Horizonte,oleo,Sim,1,68
3237,,M,5779.0,Belo Horizonte,feijao,Não,1,29
3238,49.0,,7450.0,Belo Horizonte,acucar,Não,1,100
3239,46.0,F,5035.0,Rio,feijao,Não,2,112
3240,32.0,F,2836.0,Belo Horizonte,arroz,Sim,7,322
3241,52.0,F,4139.0,Belo Horizonte,cafe,Não,6,276
3242,52.0,F,7539.0,Rio,oleo,Sim,5,190
3243,41.0,M,4115.0,Rio,acucar,Sim,10,230
3244,24.0,M,3097.0,Curitiba,oleo,Não,6,546
3245,32.0,F,,Salvador,feijao,Não,9,900
3246,48.0,F,5074.0,São Paulo,feijao,Sim,3,189
3247,35.0,M,7984.0,Belo Horizonte,feijao,Sim,6,528
3248,23.0,M,2163.0,Rio,cafe,Não,8,664
3249,29.0,,3529.0,Curitiba,feijao,Sim,10,590
3250,48.0,F,5904.0,Curitiba,cafe,Sim,8,608
3251,44.0,M,7139.0,Rio,arroz,Sim,8,368
3252,60.0,M,2669.0,São Paulo,oleo,Sim,1,90
3253,49.0,M,7863.0,Belo Horizonte,acucar,Sim,10,720
3254,53.0,F,3932.0,São Paulo,oleo,Não,2,166
3255,49.0,M,7506.0,Rio,acucar,Sim,5,190
3256,51.0,M,6764.0,Salvador,arroz,Sim,9,468
3257,43.0,M,7773.0,São Paulo,feijao,Sim,2,150
3258,47.0,M,,Belo Horizonte,arroz,Sim,2,64
3259,39.0,,5683.0,São Paulo,feijao,Não,1,83
3260,,M,3680.0,Belo Horizonte,oleo,Sim,1,35
3261,24.0,M,4985.0,Salvador,oleo,Sim,3,81
3262,35.0,M,3854.0,Rio,oleo,Sim,2,108
3263,57.0,M,7247.0,Rio,arroz,Não,2,196
3264,62.0,F,,Belo Horizonte,oleo,Sim,3,231
3265,18.0,F,7943.0,Rio,oleo,Sim,7,658
3266,,M,5642.0,Belo Horizonte,arroz,Sim,9,261
3267,22.0,M,5789.0,São Paulo,arroz,Não,5,295
3268,25.0,F,6996.0,Curitiba,oleo,Não,4,376
3269,40.0,M,3234.0,Belo Horizonte,feijao,Sim,5,340
3270,44.0,F,2028.0,Rio,feijao,Sim,6,168
3271,65.0,,6773.0,Rio,cafe,Não,6,546
3272,,M,5730.0,São Paulo,arroz,Sim,10,370
3273,54.0,M,1881.0,Rio,feijao,Sim,6,192
3274,35.0,M,4540.0,Salvador,arroz,Sim,2,102
3275,55.0,M,7949.0,Curitiba,,Não,1,31
3276,47.0,M,,Belo Horizonte,oleo,Sim,6,198
3277,19.0,F,3961.0,Belo Horizonte,feijao,Sim,4,380
3278,23.0,M,5579.0,Rio,acucar,Sim,8,784
3279,51.0,,2176.0,Rio,oleo,Sim,2,162
3280,55.0,F,3102.0,Salvador,arroz,Sim,5,110
3281,30.0,F,3356.0,São Paulo,arroz,Não,9,522
3282,63.0,M,7014.0,São Paulo,acucar,Não,1,95
3283,39.0,M,5081.0,Salvador,arroz,Sim,5,335
3284,44.0,F,7723.0,Belo Horizonte,,Não,10,900
3285,60.0,F,3392.0,Rio,feijao,Sim,7,539
3286,42.0,F,,Salvador,cafe,Não,9,459
3287,50.0,,2032.0,São Paulo,arroz,Sim,4,80
3288,56.0,M,6218.0,Belo Horizonte,,Sim,10,510
3289,23.0,F,,São Paulo,oleo,Sim,3,246
3290,37.0,M,7899.0,São Paulo,cafe,Não,3,294
3291,56.0,F,4863.0,Curitiba,oleo,Sim,2,198
3292,,M,3243.0,Curitiba,cafe,Sim,3,201
3293,60.0,M,2798.0,Curitiba,feijao,Sim,8,288
3294,,M,,Belo Horizonte,,Sim,3,219
3295,28.0,M,3776.0,Rio,oleo,Não,2,146
3296,37.0,F,5360.0,Belo Horizonte,,Sim,10,800
3297,,F,4289.0,Curitiba,arroz,Sim,7,497
3298,,,,Salvador,oleo,Sim,6,276
3299,65.0,M,3480.0,Rio,acucar,Não,3,222
3300,,,3328.0,Belo Horizonte,arroz,Sim,4,160
3301,29.0,F,6158.0,Salvador,feijao,Não,3,201
3302,29.0,F,4153.0,São Paulo,cafe,Sim,1,31
3303,25.0,M,6873.0,Belo Horizonte,oleo,Sim,3,99
3304,35.0,F,2735.0,Rio,acucar,Sim,7,476
3305,,M,3867.0,São Paulo,feijao,Não,6,120
3306,47.0,M,4246.0,Salvador,feijao,Não,1,93
3307,65.0,,1264.0,Belo Horizonte,cafe,Sim,1,37
3308,58.0,M,2478.0,Curitiba,arroz,Não,8,248
3309,57.0,M,4470.0,São Paulo,arroz,Não,8,456
3310,41.0,M,,São Paulo,feijao,Não,7,294
3311,24.0,F,7526.0,Curitiba,arroz,Não,9,873
3312,27.0,M,6663.0,Rio,arroz,Sim,8,416
3313,47.0,F,3865.0,Rio,,Não,3,273
3314,38.0,F,7257.0,Belo Horizonte,feijao,Não,8,336
3315,34.0,M,2247.0,Belo Horizonte,arroz,Não,6,174
3316,20.0,M,5951.0,Curitiba,oleo,Sim,3,165
3317,23.0,F,3685.0,Rio,arroz,Sim,2,110
3318,59.0,M,7567.0,São Paulo,feijao,Sim,7,238
3319,24.0,M,4481.0,Rio,feijao,Sim,3,216
3320,35.0,F,4144.0,Salvador,feijao,Não,5,400
3321,65.0,M,4148.0,São Paulo,acucar,Sim,6,468
3322,55.0,,,Salvador,oleo,Sim,1,71
3323,45.0,,7483.0,Belo Horizonte,acucar,Sim,4,172
3324,20.0,M,5193.0,Rio,,Sim,9,558
3325,39.0,M,6632.0,Belo Horizonte,oleo,Sim,1,29
3326,56.0,F,7083.0,Curitiba,feijao,Sim,2,198
3327,35.0,,4535.0,Belo Horizonte,oleo,Não,10,330
3328,,F,4341.0,Belo Horizonte,acucar,Não,2,178
3329,56.0,M,6435.0,Belo Horizonte,cafe,Não,10,950
3330,42.0,F,,Salvador,acucar,Sim,4,340
3331,,M,4476.0,Salvador,arroz,Sim,9,873
3332,35.0,F,1308.0,Curitiba,cafe,Não,10,270
3333,30.0,M,,São Paulo,oleo,Sim,9,774
3334,20.0,F,2205.0,São Paulo,cafe,Não,9,522
3335,65.0,M,5396.0,São Paulo,acucar,Não,6,264
3336,19.0,,5950.0,Salvador,oleo,Não,2,136
3337,55.0,F,5517.0,Belo Horizonte,arroz,Não,8,552
3338,64.0,,7059.0,Belo Horizonte,feijao,Sim,4,224
3339,28.0,F,6284.0,Curitiba,arroz,Não,2,114
3340,20.0,F,2055.0,Belo Horizonte,acucar,Não,5,420
3341,29.0,M,7763.0,Rio,oleo,Sim,10,550
3342,28.0,,2833.0,Rio,acucar,Não,2,192
3343,65.0,,4168.0,Salvador,feijao,Não,3,240
3344,61.0,M,5291.0,Rio,arroz,Sim,4,216
3345,,M,1917.0,Salvador,,Sim,8,536
3346,46.0,F,3033.0,Rio,cafe,Sim,7,420
3347,39.0,F,,Rio,oleo,Não,6,366
3348,21.0,M,2006.0,Belo Horizonte,cafe,Sim,10,440
3349,53.0,F,7656.0,São Paulo,oleo,Não,10,360
3350,,F,5352.0,Salvador,cafe,Não,6,348
3351,22.0,F,3535.0,Belo Horizonte,feijao,Sim,4,400
3352,60.0,M,7877.0,Rio,cafe,Não,1,74
3353,52.0,F,2772.0,Curitiba,acucar,Sim,2,48
3354,44.0,M,3632.0,Belo Horizonte,,Sim,2,128
3355,45.0,M,5034.0,Curitiba,arroz,Sim,4,168
3356,46.0,M,3097.0,São Paulo,acucar,Não,4,264
3357,22.0,F,4525.0,Curitiba,acucar,Sim,10,340
3358,28.0,M,3599.0,Belo Horizonte,acucar,Sim,9,261
3359,48.0,M,6297.0,São Paulo,acucar,Não,7,665
3360,50.0,F,5848.0,Curitiba,feijao,Sim,3,204
3361,21.0,F,1562.0,Rio,arroz,Sim,8,640
3362,46.0,M,4557.0,Curitiba,acucar,Sim,5,500
3363,20.0,M,3072.0,Rio,feijao,Não,2,168
3364,20.0,,2027.0,São Paulo,feijao,Não,2,106
3365,40.0,F,2731.0,São Paulo,,Sim,9,279
3366,30.0,M,,Belo Horizonte,cafe,Sim,2,168
3367,42.0,F,6996.0,Rio,cafe,Sim,1,84
3368,51.0,M,6642.0,Belo Horizonte,acucar,Sim,8,384
3369,52.0,M,3147.0,Rio,,Não,8,608
3370,46.0,,3080.0,Salvador,acucar,Não,4,248
3371,43.0,M,1396.0,São Paulo,cafe,Não,7,483
3372,58.0,F,3479.0,Salvador,acucar,Sim,8,504
3373,36.0,F,4894.0,São Paulo,arroz,Sim,1,30
3374,40.0,M,3444.0,Rio,cafe,Não,2,106
3375,,M,1601.0,Curitiba,arroz,Não,7,567
3376,35.0,M,6761.0,Salvador,feijao,Sim,10,410
3377,64.0,M,6752.0,Belo Horizonte,arroz,Sim,2,196
3378,28.0,F,5744.0,São Paulo,acucar,Sim,3,294
3379,57.0,M,1540.0,Belo Horizonte,,Não,6,378
3380,24.0,,6223.0,São Paulo,cafe,Não,6,180
3381,,M,1463.0,Rio,feijao,Sim,4,400
3382,,F,5121.0,Salvador,acucar,Sim,10,290
3383,50.0,M,1382.0,São Paulo,acucar,Sim,6,504
3384,61.0,F,6392.0,Belo Horizonte,oleo,Não,10,430
3385,27.0,F,1397.0,Curitiba,arroz,Sim,2,108
3386,33.0,F,7543.0,Rio,cafe,Não,7,413
3387,28.0,M,3042.0,Salvador,arroz,Sim,1,46
3388,65.0,M,3069.0,Salvador,oleo,Sim,6,456
3389,62.0,F,3133.0,Belo Horizonte,oleo,Sim,2,96
3390,38.0,M,7253.0,Curitiba,arroz,Não,2,48
3391,65.0,M,3890.0,Salvador,oleo,Sim,1,57
3392,48.0,F,6389.0,Belo Horizonte,feijao,Não,1,60
3393,53.0,M,5444.0,São Paulo,oleo,Sim,2,102
3394,48.0,M,6262.0,Curitiba,feijao,Sim,9,765
3395,46.0,M,1696.0,Belo Horizonte,acucar,Não,2,98
3396,23.0,F,3569.0,Belo Horizonte,acucar,Não,9,279
3397,19.0,M,7053.0,Rio,feijao,Sim,8,760
3398,50.0,M,5275.0,Rio,arroz,Sim,3,285
3399,43.0,F,5067.0,São Paulo,acucar,Sim,1,68
3400,55.0,M,6896.0,Salvador,feijao,Não,8,160
3401,30.0,F,5476.0,Belo Horizonte,cafe,Não,7,693
3402,,M,3417.0,Rio,acucar,Sim,2,198
3403,18.0,F,6467.0,Curitiba,cafe,Não,8,480
3404,55.0,M,7037.0,São Paulo,arroz,Não,2,98
3405,32.0,M,4745.0,Curitiba,feijao,Sim,1,40
3406,24.0,F,4339.0,Salvador,feijao,Não,5,320
3407,49.0,F,4789.0,São Paulo,acucar,Sim,3,138
3408,42.0,M,7844.0,Belo Horizonte,cafe,Não,4,212
3409,58.0,F,4435.0,Salvador,arroz,Não,3,171
3410,,M,7519.0,São Paulo,oleo,Sim,6,318
3411,18.0,M,5057.0,Rio,acucar,Sim,9,792
3412,18.0,M,6368.0,São Paulo,,Sim,9,207
3413,31.0,M,2494.0,Curitiba,oleo,Não,7,469
3414,21.0,M,7971.0,Belo Horizonte,arroz,Não,10,970
3415,31.0,M,4218.0,Belo Horizonte,oleo,Não,10,850
3416,40.0,M,7494.0,São Paulo,acucar,Não,4,216
3417,28.0,F,5692.0,São Paulo,acucar,Não,8,792
3418,27.0,M,,São Paulo,,Sim,3,255
3419,64.0,F,2897.0,São Paulo,feijao,Não,3,147
3420,50.0,M,1333.0,São Paulo,oleo,Não,6,186
3421,41.0,F,3281.0,São Paulo,acucar,Não,3,111
3422,43.0,F,7663.0,São Paulo,arroz,Sim,3,219
3423,55.0,F,5516.0,São Paulo,cafe,Não,10,370
3424,60.0,F,4130.0,Rio,arroz,Não,4,228
3425,51.0,M,3335.0,Salvador,acucar,Sim,5,285
3426,55.0,F,3974.0,Rio,acucar,Não,6,138
3427,61.0,F,1469.0,Salvador,,Sim,3,66
3428,,M,2825.0,São Paulo,acucar,Não,2,128
3429,50.0,M,5712.0,São Paulo,acucar,Não,8,728
3430,28.0,M,,Salvador,cafe,Sim,2,48
3431,32.0,M,3285.0,Rio,acucar,Sim,10,540
3432,55.0,F,3751.0,Rio,feijao,Sim,3,153
3433,33.0,M,6369.0,Salvador,cafe,Sim,5,360
3434,30.0,M,6966.0,Salvador,arroz,Não,9,432
3435,29.0,F,3638.0,Curitiba,arroz,Não,9,675
3436,63.0,M,2604.0,São Paulo,oleo,Não,10,280
3437,50.0,M,4899.0,Salvador,acucar,Não,3,201
3438,37.0,M,1209.0,Salvador,feijao,Não,3,138
3439,23.0,F,3499.0,Rio,,Não,5,150
3440,44.0,M,5548.0,Curitiba,acucar,Sim,4,152
3441,47.0,F,6717.0,São Paulo,cafe,Sim,9,486
3442,33.0,F,7907.0,Belo Horizonte,arroz,Sim,3,123
3443,57.0,F,5259.0,São Paulo,feijao,Sim,3,123
3444,25.0,M,7687.0,Curitiba,arroz,Não,10,510
3445,36.0,M,3206.0,Curitiba,feijao,Sim,3,162
3446,53.0,M,2313.0,Salvador,oleo,Não,9,531
3447,25.0,F,2598.0,Curitiba,feijao,Não,6,204
3448,32.0,M,6802.0,Salvador,cafe,Não,1,82
3449,49.0,M,,São Paulo,,Sim,3,288
3450,33.0,F,5176.0,Belo Horizonte,cafe,Não,1,36
3451,24.0,F,,Salvador,oleo,Sim,2,42
3452,42.0,M,3069.0,Rio,cafe,Sim,10,820
3453,38.0,M,5668.0,Rio,acucar,Não,10,420
3454,34.0,F,1711.0,Rio,acucar,Sim,2,154
3455,36.0,F,7193.0,Rio,arroz,Sim,6,258
3456,48.0,,,Rio,feijao,Não,1,62
3457,,M,7821.0,Salvador,arroz,Não,4,204
3458,59.0,F,,São Paulo,arroz,Não,9,207
3459,26.0,F,2807.0,Salvador,arroz,Sim,9,234
3460,51.0,M,6742.0,Belo Horizonte,arroz,Não,10,570
3461,62.0,M,2037.0,Curitiba,feijao,Sim,1,87
3462,48.0,M,3329.0,Belo Horizonte,acucar,Sim,8,200
3463,46.0,F,7094.0,Salvador,arroz,Sim,8,584
3464,37.0,M,6809.0,Belo Horizonte,arroz,Sim,4,320
3465,48.0,M,1707.0,Salvador,arroz,Sim,10,490
3466,56.0,M,1673.0,Belo Horizonte,acucar,Sim,8,472
3467,52.0,F,5096.0,São Paulo,feijao,Não,4,108
3468,43.0,F,6474.0,São Paulo,arroz,Sim,8,760
3469,44.0,F,1862.0,Salvador,arroz,Não,6,180
3470,60.0,M,3952.0,São Paulo,feijao,Não,1,72
3471,19.0,M,6016.0,Belo Horizonte,feijao,Sim,8,608
3472,21.0,M,2000.0,Belo Horizonte,oleo,Não,10,490
3473,27.0,F,5201.0,Belo Horizonte,cafe,Não,4,216
3474,38.0,M,2829.0,Salvador,cafe,Não,6,444
3475,37.0,F,1253.0,Curitiba,,Sim,10,810
3476,28.0,F,4391.0,Rio,,Sim,6,234
3477,31.0,F,5406.0,Curitiba,oleo,Sim,6,294
3478,40.0,M,,Curitiba,oleo,Não,7,266
3479,51.0,M,4188.0,Belo Horizonte,oleo,Sim,2,158
3480,34.0,F,2171.0,Rio,acucar,Sim,1,21
3481,37.0,M,1573.0,Salvador,arroz,Sim,2,58
3482,44.0,M,2130.0,Belo Horizonte,,Não,10,580
3483,60.0,M,6527.0,Belo Horizonte,,Sim,4,204
3484,,M,7457.0,Rio,cafe,Não,1,56
3485,53.0,M,1964.0,Rio,oleo,Sim,6,390
3486,42.0,M,5314.0,Rio,,Não,5,320
3487,45.0,F,3647.0,São Paulo,oleo,Sim,8,432
3488,28.0,M,7102.0,Salvador,cafe,Não,8,728
3489,30.0,M,1822.0,Curitiba,arroz,Sim,10,780
3490,,,6755.0,Curitiba,oleo,Sim,8,272
3491,24.0,M,4922.0,Salvador,,Sim,1,46
3492,40.0,F,5011.0,São Paulo,cafe,Sim,4,144
3493,24.0,,,São Paulo,acucar,Sim,6,546
3494,62.0,F,5651.0,Belo Horizonte,feijao,Não,7,476
3495,62.0,M,,Rio,acucar,Não,2,200
3496,51.0,F,3368.0,Rio,arroz,Não,9,378
3497,26.0,M,3477.0,São Paulo,cafe,Sim,2,84
3498,54.0,M,,São Paulo,cafe,Sim,10,560
3499,45.0,M,3960.0,Rio,cafe,Sim,8,200
3500,,M,6590.0,Belo Horizonte,arroz,Não,1,25
3501,47.0,F,4724.0,Curitiba,arroz,Sim,3,300
3502,36.0,F,6725.0,Curitiba,feijao,Sim,2,182
3503,53.0,M,7138.0,São Paulo,,Sim,3,135
3504,56.0,F,1639.0,São Paulo,,Não,8,368
3505,59.0,M,4834.0,São Paulo,acucar,Não,5,305
3506,57.0,M,2845.0,Rio,feijao,Sim,4,104
3507,51.0,F,,Rio,oleo,Não,4,300
3508,37.0,F,7201.0,Rio,oleo,Não,10,890
3509,51.0,F,2874.0,São Paulo,acucar,Sim,7,231
3510,,M,4381.0,Curitiba,feijao,Sim,10,810
3511,34.0,M,4006.0,São Paulo,,Não,7,665
3512,49.0,,4227.0,Curitiba,acucar,Sim,2,162
3513,30.0,F,2740.0,São Paulo,acucar,Sim,8,752
3514,43.0,F,6806.0,Curitiba,cafe,Sim,4,276
3515,,F,,São Paulo,oleo,Sim,8,400
3516,21.0,F,5706.0,Belo Horizonte,cafe,Sim,1,99
3517,44.0,F,2018.0,Salvador,arroz,Sim,8,720
3518,51.0,F,2243.0,Curitiba,oleo,Sim,4,352
3519,56.0,F,1271.0,Belo Horizonte,arroz,Não,9,810
3520,33.0,M,6938.0,Salvador,feijao,Não,8,208
3521,19.0,F,5256.0,Belo Horizonte,cafe,Sim,1,99
3522,32.0,M,3997.0,Salvador,arroz,Sim,3,171
3523,63.0,F,4669.0,São Paulo,acucar,Sim,5,310
3524,24.0,,,Belo Horizonte,oleo,Sim,6,216
3525,21.0,M,3686.0,Belo Horizonte,acucar,Sim,10,340
3526,51.0,F,,Rio,arroz,Sim,7,546
3527,36.0,F,4036.0,Rio,arroz,Sim,5,485
3528,43.0,M,2457.0,Curitiba,oleo,Sim,6,576
3529,46.0,F,2235.0,Belo Horizonte,oleo,Não,1,60
3530,,,5955.0,Rio,arroz,Sim,5,375
3531,55.0,M,1997.0,Salvador,arroz,Sim,3,300
3532,27.0,M,5833.0,Curitiba,acucar,Não,9,495
3533,34.0,F,6104.0,Curitiba,,Sim,5,120
3534,62.0,M,6446.0,Belo Horizonte,oleo,Não,8,712
3535,39.0,F,,Rio,feijao,Sim,8,352
3536,21.0,M,5002.0,Belo Horizonte,cafe,Sim,1,26
3537,36.0,M,6052.0,Salvador,cafe,Não,8,656
3538,25.0,M,6117.0,Curitiba,,Sim,7,406
3539,57.0,F,2585.0,Curitiba,feijao,Sim,7,350
3540,18.0,M,5972.0,Rio,feijao,Sim,6,564
3541,65.0,,5616.0,Salvador,cafe,Sim,1,34
3542,55.0,F,4113.0,São Paulo,feijao,Não,7,413
3543,36.0,F,3571.0,Curitiba,oleo,Não,5,390
3544,20.0,M,1705.0,Rio,arroz,Não,5,490
3545,50.0,F,5413.0,Rio,arroz,Sim,6,504
3546,31.0,,5555.0,Salvador,acucar,Não,4,100
3547,51.0,M,5578.0,Belo Horizonte,,Não,8,728
3548,26.0,M,2717.0,Curitiba,,Sim,3,234
3549,,M,7016.0,Curitiba,acucar,Sim,8,600
3550,63.0,F,7153.0,Curitiba,oleo,Sim,5,210
3551,49.0,M,4482.0,Salvador,arroz,Não,5,355
3552,47.0,F,6364.0,São Paulo,oleo,Sim,9,306
3553,18.0,F,4945.0,Rio,oleo,Sim,8,560
3554,32.0,M,5385.0,São Paulo,feijao,Não,7,287
3555,43.0,F,6331.0,Rio,acucar,Não,3,162
3556,37.0,M,4091.0,Curitiba,acucar,Sim,5,415
3557,53.0,F,3075.0,Belo Horizonte,arroz,Sim,4,148
3558,18.0,F,,São Paulo,acucar,Não,4,232
3559,38.0,F,3495.0,São Paulo,oleo,Não,4,368
3560,53.0,M,3349.0,Belo Horizonte,cafe,Sim,8,632
3561,32.0,F,6501.0,Rio,cafe,Não,4,268
3562,21.0,F,3779.0,Curitiba,acucar,Sim,2,84
3563,24.0,M,1744.0,Rio,feijao,Sim,8,216
3564,34.0,F,2459.0,Belo Horizonte,cafe,Não,9,567
3565,60.0,F,2977.0,Salvador,acucar,Não,5,135
3566,25.0,M,5807.0,Curitiba,feijao,Não,4,392
3567,40.0,F,1369.0,Belo Horizonte,oleo,Não,3,195
3568,65.0,F,,São Paulo,acucar,Sim,10,660
3569,25.0,M,4168.0,São Paulo,oleo,Não,10,300
3570,40.0,M,2149.0,Rio,oleo,Não,8,752
3571,60.0,,2833.0,Belo Horizonte,cafe,Sim,4,388
3572,63.0,F,6005.0,Rio,arroz,Sim,3,84
3573,46.0,M,3004.0,Belo Horizonte,acucar,Sim,8,504
3574,52.0,F,2273.0,Belo Horizonte,cafe,Sim,1,33
3575,40.0,M,5263.0,Belo Horizonte,feijao,Sim,6,534
3576,43.0,M,6011.0,Rio,feijao,Não,2,110
3577,34.0,F,5213.0,São Paulo,acucar,Sim,1,100
3578,58.0,M,5705.0,Curitiba,,Sim,2,100
3579,57.0,M,6307.0,Belo Horizonte,arroz,Sim,6,582
3580,18.0,M,3138.0,São Paulo,,Sim,3,252
3581,43.0,F,7923.0,Belo Horizonte,cafe,Sim,2,198
3582,49.0,F,3539.0,Belo Horizonte,cafe,Não,4,92
3583,48.0,F,7652.0,Belo Horizonte,cafe,Sim,3,219
3584,62.0,M,5659.0,Belo Horizonte,oleo,Não,8,344
3585,55.0,M,2732.0,São Paulo,arroz,Sim,6,516
3586,51.0,F,4420.0,Rio,cafe,Sim,1,76
3587,40.0,F,6259.0,Rio,arroz,Sim,3,180
3588,57.0,,,Salvador,feijao,Não,3,297
3589,53.0,F,7779.0,Salvador,arroz,Sim,10,360
3590,29.0,M,6623.0,São Paulo,,Não,2,100
3591,,F,7585.0,Curitiba,acucar,Não,5,435
3592,21.0,M,5304.0,Belo Horizonte,oleo,Sim,8,704
3593,30.0,,6576.0,Salvador,cafe,Sim,4,372
3594,49.0,F,4801.0,Curitiba,,Sim,9,747
3595,30.0,F,2598.0,São Paulo,acucar,Não,6,174
3596,40.0,M,1745.0,Curitiba,acucar,Não,10,960
3597,,F,4080.0,Curitiba,arroz,Não,4,100
3598,55.0,F,4063.0,São Paulo,oleo,Sim,9,270
3599,55.0,F,5282.0,Belo Horizonte,oleo,Sim,9,333
3600,18.0,,7189.0,Salvador,oleo,Sim,3,222
3601,36.0,F,3268.0,São Paulo,cafe,Sim,10,450
3602,56.0,F,,Belo Horizonte,arroz,Sim,2,100
3603,28.0,M,2601.0,Curitiba,oleo,Não,1,73
3604,54.0,M,2439.0,Rio,oleo,Sim,7,525
3605,57.0,M,7007.0,São Paulo,arroz,Não,9,738
3606,33.0,F,2629.0,Salvador,feijao,Sim,1,22
3607,38.0,F,6376.0,Rio,oleo,Não,6,564
3608,29.0,F,3658.0,Salvador,acucar,Não,9,531
3609,53.0,M,4498.0,Salvador,acucar,Não,10,530
3610,25.0,F,4136.0,Curitiba,feijao,Sim,8,344
3611,,F,1679.0,Belo Horizonte,acucar,Sim,6,150
3612,28.0,F,5237.0,Curitiba,acucar,Não,9,369
3613,25.0,,3538.0,São Paulo,cafe,Sim,3,84
3614,60.0,F,1259.0,São Paulo,cafe,Não,2,198
3615,20.0,M,2409.0,Curitiba,,Sim,9,657
3616,21.0,F,3082.0,Belo Horizonte,cafe,Sim,3,126
3617,27.0,M,,São Paulo,arroz,Não,4,356
3618,56.0,M,6676.0,São Paulo,arroz,Sim,6,516
3619,,F,2995.0,Curitiba,arroz,Não,4,396
3620,56.0,F,,Belo Horizonte,oleo,Não,9,810
3621,61.0,M,2413.0,Rio,arroz,Sim,9,198
3622,61.0,F,6800.0,Salvador,arroz,Não,8,472
3623,48.0,M,6383.0,Curitiba,,Não,3,66
3624,59.0,M,5619.0,Rio,acucar,Sim,9,288
3625,24.0,,,Salvador,acucar,Não,1,35
3626,30.0,M,2828.0,Rio,feijao,Sim,4,84
3627,32.0,M,2688.0,São Paulo,cafe,Sim,7,231
3628,44.0,M,7997.0,Rio,feijao,Não,5,295
3629,32.0,,6036.0,Belo Horizonte,arroz,Não,1,96
3630,20.0,,5580.0,Belo Horizonte,oleo,Sim,3,102
3631,36.0,M,2398.0,Belo Horizonte,,Sim,5,130
3632,29.0,M,,Salvador,,Sim,8,384
3633,58.0,M,5457.0,São Paulo,feijao,Não,1,21
3634,36.0,M,7386.0,São Paulo,cafe,Sim,8,528
3635,49.0,M,1414.0,Curitiba,acucar,Não,8,528
3636,,F,6879.0,Rio,oleo,Não,2,148
3637,,,3220.0,São Paulo,acucar,Sim,1,70
3638,,F,3301.0,Curitiba,oleo,Sim,8,248
3639,,F,2789.0,São Paulo,acucar,Sim,1,52
3640,42.0,M,5504.0,São Paulo,feijao,Sim,10,890
3641,34.0,F,2295.0,Salvador,cafe,Sim,10,830
3642,63.0,F,7502.0,Rio,arroz,Não,6,480
3643,57.0,M,7032.0,Curitiba,oleo,Sim,2,122
3644,28.0,,6751.0,Curitiba,feijao,Sim,7,392
3645,54.0,,1785.0,Belo Horizonte,feijao,Sim,1,56
3646,31.0,,4031.0,São Paulo,arroz,Não,2,170
3647,65.0,F,2900.0,Curitiba,acucar,Sim,10,580
3648,58.0,F,5379.0,São Paulo,acucar,Não,3,291
3649,,M,7052.0,São Paulo,acucar,Sim,9,414
3650,38.0,M,5042.0,Rio,arroz,Sim,1,90
3651,46.0,F,3040.0,Belo Horizonte,feijao,Sim,3,219
3652,35.0,M,5039.0,Curitiba,acucar,Sim,10,210
3653,46.0,F,3388.0,Belo Horizonte,oleo,Sim,4,84
3654,,F,5422.0,Rio,arroz,Não,6,360
3655,35.0,M,5466.0,Belo Horizonte,feijao,Sim,1,76
3656,33.0,F,2106.0,Salvador,arroz,Sim,7,231
3657,36.0,M,1635.0,Belo Horizonte,arroz,Não,8,680
3658,58.0,M,5998.0,Belo Horizonte,feijao,Sim,8,592
3659,52.0,M,6188.0,Curitiba,oleo,Sim,4,236
3660,58.0,F,3203.0,Salvador,oleo,Sim,10,700
3661,,M,,Curitiba,oleo,Sim,9,846
3662,65.0,M,2435.0,Belo Horizonte,,Sim,4,116
3663,32.0,M,4059.0,Rio,,Não,10,810
3664,36.0,M,1545.0,Belo Horizonte,,Sim,10,900
3665,45.0,F,3891.0,Curitiba,cafe,Sim,1,86
3666,43.0,,1421.0,Rio,arroz,Sim,7,588
3667,32.0,F,5654.0,São Paulo,acucar,Não,4,128
3668,64.0,M,3347.0,Belo Horizonte,,Sim,10,880
3669,41.0,F,,Rio,acucar,Não,3,258
3670,27.0,M,7701.0,Curitiba,cafe,Sim,5,260
3671,,F,7729.0,Belo Horizonte,feijao,Sim,1,39
3672,42.0,F,7691.0,Salvador,cafe,Não,10,760
3673,32.0,,2135.0,Salvador,cafe,Sim,3,93
3674,60.0,F,3472.0,Salvador,oleo,Sim,6,372
3675,63.0,F,6637.0,Belo Horizonte,arroz,Sim,6,144
3676,39.0,M,7814.0,Rio,cafe,Não,6,246
3677,23.0,F,5828.0,Belo Horizonte,cafe,Sim,8,664
3678,61.0,F,4384.0,Salvador,cafe,Sim,6,204
3679,30.0,F,7703.0,Curitiba,arroz,Sim,9,378
3680,35.0,M,7475.0,Curitiba,oleo,Não,10,200
3681,42.0,M,1332.0,Curitiba,arroz,Sim,5,410
3682,20.0,M,4447.0,Salvador,,Sim,6,546
3683,55.0,F,,São Paulo,feijao,Sim,10,860
3684,59.0,,3161.0,Salvador,feijao,Sim,4,228
3685,30.0,F,7361.0,São Paulo,acucar,Não,4,324
3686,39.0,M,5424.0,Belo Horizonte,arroz,Sim,4,204
3687,51.0,F,4965.0,Salvador,acucar,Sim,6,180
3688,51.0,F,2153.0,São Paulo,acucar,Não,4,388
3689,62.0,M,6962.0,Rio,feijao,Sim,9,459
3690,31.0,M,2263.0,Belo Horizonte,,Sim,8,408
3691,45.0,M,5877.0,Salvador,cafe,Não,9,891
3692,46.0,F,5843.0,Curitiba,feijao,Não,10,300
3693,26.0,M,7910.0,Belo Horizonte,arroz,Não,5,280
3694,57.0,M,5313.0,Curitiba,arroz,Sim,4,192
3695,57.0,M,6364.0,Belo Horizonte,arroz,Não,4,160
3696,21.0,M,1588.0,Curitiba,oleo,Não,1,91
3697,34.0,F,,Belo Horizonte,feijao,Sim,9,684
3698,54.0,F,5041.0,Belo Horizonte,arroz,Não,2,168
3699,62.0,M,2913.0,Salvador,oleo,Sim,9,648
3700,52.0,F,3578.0,Salvador,arroz,Não,7,546
3701,29.0,M,1444.0,São Paulo,feijao,Não,8,504
3702,34.0,M,,São Paulo,,Sim,1,62
3703,18.0,F,2826.0,Rio,arroz,Sim,9,657
3704,48.0,F,,São Paulo,oleo,Sim,6,402
3705,57.0,F,7408.0,São Paulo,,Sim,8,480
3706,55.0,M,7208.0,Belo Horizonte,cafe,Não,7,280
3707,31.0,F,4913.0,Belo Horizonte,oleo,Sim,1,25
3708,60.0,M,2559.0,São Paulo,cafe,Não,1,46
3709,57.0,M,3624.0,Curitiba,feijao,Não,8,432
3710,19.0,F,6672.0,Salvador,arroz,Não,10,560
3711,53.0,,2883.0,Belo Horizonte,arroz,Sim,7,476
3712,65.0,F,4843.0,São Paulo,arroz,Não,3,78
3713,21.0,F,4343.0,Curitiba,cafe,Sim,5,235
3714,,M,4976.0,Salvador,oleo,Não,4,108
3715,46.0,M,5513.0,Rio,cafe,Sim,9,621
3716,52.0,F,,Rio,acucar,Sim,5,195
3717,55.0,F,6915.0,São Paulo,oleo,Sim,6,312
3718,60.0,F,4482.0,Belo Horizonte,oleo,Não,6,534
3719,52.0,,,Salvador,oleo,Não,8,608
3720,21.0,F,2374.0,Rio,acucar,Não,8,296
3721,44.0,F,7255.0,São Paulo,,Sim,6,168
3722,23.0,M,,Belo Horizonte,feijao,Não,8,304
3723,25.0,F,5470.0,Salvador,feijao,Sim,5,200
3724,39.0,F,3620.0,Curitiba,oleo,Não,7,630
3725,,M,7355.0,Salvador,cafe,Não,5,445
3726,54.0,M,7766.0,Curitiba,cafe,Sim,4,380
3727,21.0,F,6093.0,Rio,feijao,Não,1,58
3728,38.0,F,3444.0,Curitiba,feijao,Sim,5,325
3729,63.0,,4135.0,Rio,acucar,Não,9,315
3730,34.0,F,5452.0,Belo Horizonte,feijao,Não,6,402
3731,48.0,F,7597.0,Rio,feijao,Não,9,801
3732,23.0,F,4148.0,Salvador,arroz,Sim,4,148
3733,33.0,,2670.0,Salvador,feijao,Sim,5,470
3734,62.0,M,6190.0,Curitiba,feijao,Sim,1,27
3735,54.0,M,7960.0,São Paulo,,Sim,4,400
3736,57.0,F,1204.0,Belo Horizonte,acucar,Não,1,87
3737,26.0,M,6404.0,Rio,arroz,Sim,1,27
3738,35.0,M,7437.0,Rio,acucar,Sim,3,213
3739,21.0,,,São Paulo,,Sim,6,180
3740,57.0,,7549.0,Belo Horizonte,,Sim,10,940
3741,,M,1640.0,Rio,acucar,Não,10,930
3742,21.0,M,4067.0,Curitiba,feijao,Sim,6,306
3743,24.0,F,3141.0,Belo Horizonte,arroz,Sim,2,160
3744,,M,6020.0,Curitiba,arroz,Não,10,520
3745,51.0,F,1771.0,Belo Horizonte,oleo,Não,10,890
3746,53.0,F,,Rio,cafe,Não,10,620
3747,,M,3506.0,Belo Horizonte,oleo,Não,9,711
3748,62.0,M,,Curitiba,feijao,Sim,7,567
3749,57.0,F,3871.0,Belo Horizonte,cafe,Sim,9,675
3750,40.0,F,,São Paulo,arroz,Sim,2,172
3751,32.0,F,,São Paulo,acucar,Não,6,450
3752,34.0,,3281.0,Belo Horizonte,oleo,Sim,6,462
3753,35.0,M,4757.0,São Paulo,oleo,Sim,10,630
3754,25.0,M,2532.0,Belo Horizonte,oleo,Não,2,114
3755,52.0,F,4179.0,São Paulo,cafe,Sim,10,530
3756,,M,5071.0,Rio,cafe,Sim,10,570
3757,45.0,M,1267.0,Belo Horizonte,feijao,Não,9,531
3758,65.0,F,6616.0,Curitiba,,Sim,6,210
3759,65.0,F,,Belo Horizonte,acucar,Não,5,180
3760,38.0,F,4983.0,Salvador,feijao,Não,6,360
3761,62.0,,5317.0,Belo Horizonte,feijao,Sim,4,108
3762,35.0,M,5896.0,Curitiba,oleo,Sim,2,186
3763,51.0,M,4170.0,São Paulo,,Sim,1,65
3764,50.0,F,6272.0,São Paulo,oleo,Sim,6,372
3765,41.0,F,2596.0,Rio,cafe,Não,6,498
3766,43.0,F,7096.0,Rio,,Não,3,72
3767,53.0,M,3136.0,Salvador,arroz,Sim,7,651
3768,57.0,F,4443.0,Rio,cafe,Sim,4,384
3769,30.0,M,3230.0,Salvador,oleo,Não,8,496
3770,37.0,,,Salvador,arroz,Sim,9,486
3771,38.0,,3653.0,Salvador,cafe,Não,3,168
3772,58.0,M,4659.0,Belo Horizonte,feijao,Sim,4,212
3773,58.0,M,,Rio,,Sim,7,140
3774,45.0,M,6954.0,Curitiba,feijao,Sim,1,31
3775,38.0,M,2574.0,São Paulo,acucar,Sim,10,500
3776,36.0,F,,Belo Horizonte,oleo,Não,4,316
3777,59.0,M,6368.0,Rio,feijao,Não,1,27
3778,29.0,M,2440.0,Belo Horizonte,arroz,Não,7,231
3779,43.0,F,4554.0,Belo Horizonte,cafe,Sim,6,312
3780,18.0,F,3023.0,São Paulo,arroz,Não,10,550
3781,20.0,M,2509.0,Curitiba,oleo,Não,10,990
3782,55.0,F,1459.0,Belo Horizonte,arroz,Não,8,400
3783,,F,,São Paulo,cafe,Sim,10,890
3784,,M,7295.0,Curitiba,acucar,Não,1,35
3785,45.0,M,7019.0,Belo Horizonte,,Não,9,369
3786,44.0,F,5222.0,Rio,cafe,Sim,7,658
3787,49.0,F,6461.0,Curitiba,acucar,Sim,2,46
3788,27.0,M,7489.0,Rio,feijao,Não,1,49
3789,21.0,F,1340.0,São Paulo,cafe,Sim,3,261
3790,48.0,F,7859.0,São Paulo,cafe,Não,10,910
3791,47.0,,5489.0,Belo Horizonte,cafe,Não,6,564
3792,24.0,M,4850.0,São Paulo,cafe,Não,4,80
3793,59.0,F,7165.0,São Paulo,oleo,Não,6,336
3794,41.0,,7287.0,Salvador,oleo,Sim,2,48
3795,18.0,F,5285.0,São Paulo,cafe,Não,7,413
3796,40.0,M,,Salvador,arroz,Sim,7,602
3797,,M,,Curitiba,,Sim,9,207
3798,29.0,M,1859.0,Salvador,cafe,Sim,5,105
3799,63.0,M,1898.0,Salvador,feijao,Não,5,335
3800,27.0,M,6914.0,São Paulo,oleo,Sim,2,180
3801,,F,2269.0,Rio,cafe,Não,8,456
3802,49.0,F,7420.0,Rio,oleo,Não,4,372
3803,26.0,F,2529.0,Curitiba,,Sim,6,474
3804,40.0,M,7846.0,Rio,arroz,Sim,5,435
3805,38.0,F,,Rio,feijao,Sim,4,212
3806,20.0,M,6634.0,São Paulo,acucar,Sim,3,102
3807,,F,3166.0,Belo Horizonte,oleo,Não,9,495
3808,35.0,M,5218.0,São Paulo,cafe,Sim,4,152
3809,53.0,M,6387.0,Salvador,acucar,Sim,8,176
3810,48.0,F,,Rio,arroz,Não,1,68
3811,58.0,F,4432.0,Belo Horizonte,feijao,Não,5,295
3812,39.0,M,7262.0,Rio,feijao,Não,9,396
3813,45.0,,,Belo Horizonte,arroz,Sim,6,366
3814,35.0,F,7298.0,Belo Horizonte,feijao,Não,5,320
3815,57.0,M,2557.0,Rio,acucar,Sim,4,284
3816,49.0,M,5848.0,Belo Horizonte,arroz,Sim,10,500
3817,,M,3846.0,São Paulo,cafe,Sim,2,40
3818,62.0,M,5043.0,Curitiba,acucar,Sim,10,790
3819,52.0,M,3097.0,Curitiba,oleo,Não,8,640
3820,33.0,F,7695.0,Salvador,arroz,Sim,2,50
3821,31.0,M,6469.0,São Paulo,cafe,Não,2,88
3822,,M,4761.0,Curitiba,oleo,Sim,4,124
3823,41.0,F,5065.0,Salvador,acucar,Sim,7,539
3824,18.0,F,4777.0,Belo Horizonte,feijao,Não,3,102
3825,40.0,F,6482.0,Belo Horizonte,feijao,Não,8,200
3826,32.0,F,6110.0,Belo Horizonte,cafe,Sim,3,81
3827,39.0,,2388.0,Curitiba,,Não,2,94
3828,44.0,F,4021.0,Rio,arroz,Não,5,210
3829,57.0,F,3763.0,Curitiba,oleo,Sim,8,264
3830,41.0,M,5191.0,Curitiba,feijao,Sim,1,91
3831,56.0,F,7503.0,Curitiba,oleo,Não,6,138
3832,48.0,F,4917.0,Curitiba,oleo,Sim,3,279
3833,19.0,M,6706.0,Rio,arroz,Sim,2,68
3834,21.0,M,6404.0,Salvador,arroz,Não,8,552
3835,,F,2963.0,Rio,acucar,Não,6,318
3836,65.0,F,7999.0,Belo Horizonte,feijao,Sim,1,29
3837,52.0,M,1667.0,Curitiba,arroz,Não,7,280
3838,24.0,M,2721.0,Curitiba,cafe,Sim,9,450
3839,47.0,F,2888.0,Belo Horizonte,,Sim,7,392
3840,42.0,F,4865.0,Rio,cafe,Não,7,273
3841,24.0,F,5673.0,Salvador,arroz,Não,9,846
3842,55.0,M,3301.0,Belo Horizonte,arroz,Sim,8,384
3843,46.0,F,6105.0,Rio,acucar,Sim,5,265
3844,,F,6410.0,Belo Horizonte,oleo,Sim,1,50
3845,21.0,F,6706.0,Belo Horizonte,,Não,7,189
3846,,M,,São Paulo,acucar,Sim,2,188
3847,28.0,,6158.0,Rio,cafe,Não,8,632
3848,,M,7996.0,Rio,oleo,Não,8,704
3849,64.0,M,,Rio,,Não,1,32
3850,61.0,M,3846.0,Curitiba,acucar,Sim,10,360
3851,32.0,F,,Curitiba,feijao,Sim,1,93
3852,22.0,M,5294.0,Salvador,arroz,Sim,8,704
3853,,M,3076.0,Curitiba,arroz,Não,10,940
3854,51.0,M,2134.0,Rio,feijao,Sim,9,189
3855,53.0,M,3823.0,Curitiba,oleo,Sim,10,630
3856,63.0,F,3634.0,Belo Horizonte,cafe,Não,1,55
3857,22.0,M,4600.0,Salvador,acucar,Sim,7,700
3858,22.0,M,3600.0,Belo Horizonte,acucar,Não,8,320
3859,29.0,M,3759.0,Rio,,Não,7,406
3860,49.0,M,3562.0,Curitiba,feijao,Sim,4,264
3861,37.0,F,4555.0,São Paulo,cafe,Não,7,231
3862,41.0,M,6572.0,Salvador,arroz,Não,3,168
3863,34.0,,,Curitiba,,Não,5,360
3864,24.0,,1438.0,São Paulo,cafe,Sim,5,360
3865,44.0,,7737.0,Salvador,acucar,Não,8,480
3866,33.0,F,2098.0,São Paulo,acucar,Sim,1,56
3867,56.0,F,7352.0,Curitiba,oleo,Sim,7,476
3868,28.0,F,,Rio,acucar,Sim,1,99
3869,56.0,M,5649.0,São Paulo,arroz,Sim,9,360
3870,,M,3077.0,Curitiba,acucar,Sim,2,120
3871,19.0,F,3662.0,Curitiba,,Sim,2,102
3872,25.0,F,3104.0,São Paulo,acucar,Sim,2,100
3873,34.0,F,1617.0,Rio,,Não,9,234
3874,53.0,M,2979.0,Curitiba,arroz,Sim,1,84
3875,20.0,F,6812.0,Salvador,feijao,Sim,1,39
3876,52.0,M,6977.0,São Paulo,oleo,Sim,3,120
3877,57.0,F,1357.0,Rio,oleo,Não,4,396
3878,54.0,F,1760.0,Curitiba,acucar,Sim,4,172
3879,20.0,F,6434.0,São Paulo,acucar,Sim,1,100
3880,,F,5049.0,Rio,cafe,Sim,3,294
3881,58.0,F,7250.0,São Paulo,oleo,Sim,10,280
3882,51.0,,1832.0,Salvador,oleo,Não,7,350
3883,60.0,F,1870.0,Curitiba,arroz,Sim,2,180
3884,44.0,M,1365.0,Rio,feijao,Sim,5,265
3885,31.0,F,3994.0,Salvador,acucar,Não,6,288
3886,40.0,F,1590.0,São Paulo,oleo,Não,4,296
3887,60.0,M,,Belo Horizonte,acucar,Sim,3,84
3888,,F,4671.0,Belo Horizonte,acucar,Sim,7,546
3889,40.0,F,6623.0,Curitiba,cafe,Sim,6,588
3890,40.0,F,4122.0,Rio,acucar,Sim,10,310
3891,50.0,F,1437.0,Belo Horizonte,feijao,Sim,4,204
3892,55.0,F,6310.0,Rio,cafe,Sim,8,432
3893,50.0,,7794.0,São Paulo,oleo,Sim,4,264
3894,41.0,M,6264.0,São Paulo,feijao,Sim,8,456
3895,40.0,F,,Salvador,acucar,Sim,3,165
3896,40.0,F,1712.0,Salvador,,Não,9,864
3897,57.0,M,3039.0,Rio,feijao,Não,3,201
3898,46.0,F,4315.0,São Paulo,arroz,Não,4,380
3899,35.0,F,2715.0,Curitiba,feijao,Sim,1,40
3900,54.0,F,6896.0,Rio,feijao,Sim,6,498
3901,58.0,F,6114.0,Belo Horizonte,feijao,Sim,3,189
3902,41.0,F,7470.0,Rio,cafe,Sim,6,432
3903,,M,6875.0,Curitiba,cafe,Sim,6,450
3904,,M,7497.0,Rio,,Sim,3,288
3905,,,,Curitiba,arroz,Sim,4,116
3906,42.0,M,7456.0,Belo Horizonte,,Não,8,160
3907,36.0,,,Curitiba,cafe,Sim,8,328
3908,44.0,,1481.0,Belo Horizonte,,Não,5,350
3909,29.0,M,2960.0,Salvador,feijao,Sim,4,388
3910,54.0,F,5825.0,Rio,oleo,Sim,4,364
3911,46.0,M,4135.0,Salvador,arroz,Sim,4,160
3912,39.0,F,3561.0,Belo Horizonte,cafe,Não,3,63
3913,44.0,M,,São Paulo,,Não,7,693
3914,48.0,,5596.0,Salvador,arroz,Sim,3,282
3915,50.0,F,3243.0,Curitiba,acucar,Sim,7,532
3916,34.0,F,4259.0,Rio,cafe,Não,6,312
3917,39.0,F,6663.0,Curitiba,cafe,Sim,8,328
3918,36.0,F,6056.0,Salvador,acucar,Sim,1,84
3919,60.0,F,7909.0,Rio,acucar,Não,10,360
3920,32.0,F,,Rio,oleo,Não,2,106
3921,27.0,F,4386.0,Curitiba,acucar,Sim,6,324
3922,57.0,F,3587.0,Salvador,arroz,Não,6,426
3923,62.0,M,7516.0,Salvador,arroz,Sim,8,184
3924,25.0,F,2786.0,Curitiba,feijao,Não,3,282
3925,38.0,,5937.0,Curitiba,,Sim,4,256
3926,57.0,M,5008.0,Belo Horizonte,oleo,Não,9,360
3927,33.0,,5499.0,Salvador,arroz,Sim,2,78
3928,34.0,M,6638.0,Salvador,oleo,Sim,2,56
3929,19.0,,4353.0,Rio,arroz,Sim,6,564
3930,,F,,Rio,,Não,2,102
3931,47.0,M,4035.0,São Paulo,cafe,Não,8,400
3932,40.0,F,1547.0,Curitiba,arroz,Não,8,312
3933,25.0,M,6536.0,Curitiba,oleo,Não,10,660
3934,19.0,F,7916.0,Curitiba,arroz,Sim,5,430
3935,26.0,M,4205.0,Belo Horizonte,feijao,Sim,1,63
3936,22.0,F,2547.0,Belo Horizonte,arroz,Não,8,368
3937,54.0,F,,Curitiba,cafe,Sim,2,164
3938,59.0,,6951.0,Belo Horizonte,,Não,8,504
3939,24.0,M,1265.0,Curitiba,arroz,Não,7,266
3940,45.0,M,2652.0,São Paulo,acucar,Não,4,288
3941,44.0,M,2904.0,São Paulo,cafe,Sim,4,116
3942,29.0,F,6802.0,São Paulo,arroz,Sim,9,882
3943,24.0,M,7639.0,Salvador,,Sim,1,50
3944,,,2705.0,Rio,feijao,Sim,2,102
3945,62.0,F,,Rio,oleo,Não,6,360
3946,55.0,,7227.0,São Paulo,arroz,Sim,9,252
3947,,F,6411.0,Salvador,cafe,Sim,5,150
3948,24.0,,5908.0,São Paulo,feijao,Sim,4,200
3949,37.0,F,3440.0,Curitiba,oleo,Não,1,44
3950,60.0,F,1884.0,Salvador,arroz,Sim,4,260
3951,43.0,F,5962.0,São Paulo,cafe,Não,7,147
3952,52.0,F,1493.0,São Paulo,acucar,Sim,3,126
3953,45.0,M,5156.0,Salvador,,Sim,10,660
3954,21.0,M,6235.0,São Paulo,feijao,Não,8,640
3955,22.0,,4961.0,Belo Horizonte,feijao,Não,8,592
3956,60.0,F,2733.0,Salvador,cafe,Não,1,44
3957,,M,3704.0,São Paulo,feijao,Não,5,360
3958,42.0,M,4056.0,Salvador,,Não,7,476
3959,64.0,M,3284.0,Rio,oleo,Sim,1,93
3960,49.0,,1378.0,Belo Horizonte,acucar,Sim,10,690
3961,40.0,M,1354.0,Belo Horizonte,,Sim,6,432
3962,63.0,F,3483.0,Curitiba,arroz,Não,5,380
3963,19.0,F,6081.0,Salvador,acucar,Sim,8,632
3964,49.0,M,4881.0,Curitiba,arroz,Sim,8,512
3965,47.0,M,2119.0,Rio,feijao,Sim,6,354
3966,25.0,F,2774.0,Belo Horizonte,cafe,Sim,2,156
3967,65.0,M,6671.0,Curitiba,oleo,Sim,7,343
3968,61.0,M,4438.0,Belo Horizonte,,Não,9,180
3969,49.0,M,6243.0,Curitiba,feijao,Sim,2,112
3970,50.0,F,5780.0,São Paulo,oleo,Sim,10,890
3971,60.0,M,3736.0,Rio,acucar,Sim,3,132
3972,61.0,F,1271.0,Rio,acucar,Não,1,45
3973,41.0,M,1298.0,Rio,acucar,Sim,5,215
3974,60.0,F,5425.0,Rio,feijao,Não,9,801
3975,37.0,M,2099.0,Curitiba,feijao,Não,7,385
3976,41.0,M,,Belo Horizonte,arroz,Não,1,85
3977,39.0,F,,Rio,arroz,Não,5,205
3978,43.0,F,6621.0,Rio,oleo,Sim,6,144
3979,62.0,F,3895.0,Belo Horizonte,cafe,Sim,8,184
3980,58.0,M,7499.0,Rio,,Sim,9,657
3981,23.0,,7980.0,Salvador,arroz,Não,5,110
3982,52.0,M,3965.0,São Paulo,cafe,Não,1,80
3983,23.0,M,4093.0,Rio,arroz,Não,8,672
3984,46.0,M,1983.0,Belo Horizonte,cafe,Não,4,136
3985,38.0,M,5155.0,Curitiba,feijao,Não,1,57
3986,45.0,F,4460.0,Salvador,oleo,Sim,4,400
3987,25.0,M,4898.0,Rio,,Não,6,534
3988,26.0,F,3085.0,Rio,acucar,Sim,8,504
3989,47.0,M,1327.0,Curitiba,oleo,Sim,1,69
3990,55.0,M,4544.0,Rio,cafe,Sim,5,395
3991,57.0,F,,Rio,feijao,Sim,5,410
3992,55.0,F,3746.0,Salvador,acucar,Não,6,408
3993,21.0,F,5593.0,Belo Horizonte,arroz,Não,2,68
3994,25.0,M,7354.0,Rio,arroz,Não,8,336
3995,56.0,F,3575.0,Curitiba,oleo,Sim,2,136
3996,47.0,,7875.0,São Paulo,arroz,Sim,2,194
3997,,M,2542.0,São Paulo,feijao,Sim,8,632
3998,51.0,,2614.0,Rio,,Sim,10,840
3999,33.0,M,5236.0,Belo Horizonte,oleo,Não,3,255
4000,36.0,M,6011.0,Salvador,arroz,Não,9,486
4001,23.0,,1912.0,Curitiba,feijao,Sim,8,160
4002,29.0,M,6975.0,Salvador,oleo,Sim,9,900
4003,60.0,M,4036.0,Curitiba,feijao,Sim,8,448
4004,62.0,M,1246.0,Belo Horizonte,feijao,Não,8,216
4005,29.0,,5416.0,Curitiba,cafe,Sim,4,368
4006,55.0,M,6738.0,Curitiba,feijao,Sim,1,58
4007,48.0,F,2356.0,Rio,cafe,Não,9,747
4008,26.0,F,7530.0,São Paulo,,Sim,2,192
4009,65.0,M,1642.0,São Paulo,oleo,Sim,9,693
4010,34.0,F,2772.0,Curitiba,oleo,Não,8,488
4011,54.0,M,,São Paulo,acucar,Sim,8,760
4012,35.0,M,3521.0,Rio,feijao,Sim,1,77
4013,,F,5855.0,Belo Horizonte,,Sim,8,456
4014,60.0,F,1327.0,Salvador,cafe,Sim,4,172
4015,46.0,F,5658.0,Salvador,acucar,Não,10,760
4016,51.0,M,3594.0,Salvador,,Sim,9,315
4017,,M,5218.0,Curitiba,oleo,Sim,5,460
4018,39.0,M,6186.0,Salvador,oleo,Não,1,32
4019,20.0,F,4472.0,Belo Horizonte,feijao,Sim,6,318
4020,18.0,F,7878.0,Curitiba,acucar,Sim,6,582
4021,21.0,M,7829.0,Rio,acucar,Sim,10,260
4022,45.0,F,4597.0,Rio,,Sim,6,330
4023,45.0,,3376.0,Curitiba,arroz,Sim,2,62
4024,39.0,F,5984.0,Belo Horizonte,arroz,Sim,10,700
4025,57.0,M,3032.0,Salvador,cafe,Sim,10,240
4026,62.0,,7625.0,Salvador,arroz,Sim,4,368
4027,50.0,F,1804.0,Rio,cafe,Sim,6,318
4028,43.0,M,4743.0,São Paulo,oleo,Não,4,188
4029,26.0,M,5767.0,Rio,arroz,Não,7,434
4030,44.0,M,6212.0,Belo Horizonte,,Não,8,200
4031,58.0,M,3382.0,Curitiba,arroz,Não,8,776
4032,49.0,M,5356.0,Belo Horizonte,oleo,Não,10,540
4033,47.0,F,5267.0,Rio,arroz,Sim,6,186
4034,44.0,F,7298.0,Rio,oleo,Sim,6,216
4035,59.0,M,5044.0,Belo Horizonte,arroz,Sim,2,84
4036,57.0,F,,Salvador,oleo,Sim,10,810
4037,28.0,F,4424.0,Belo Horizonte,cafe,Sim,5,440
4038,37.0,,5721.0,Belo Horizonte,arroz,Não,7,189
4039,33.0,F,4234.0,Salvador,arroz,Não,5,500
4040,51.0,F,6750.0,São Paulo,cafe,Sim,4,200
4041,19.0,M,2437.0,Salvador,cafe,Sim,5,310
4042,39.0,M,1725.0,Salvador,acucar,Sim,8,264
4043,54.0,F,5779.0,Salvador,feijao,Não,4,368
4044,,M,3398.0,Rio,acucar,Sim,8,424
4045,18.0,M,7315.0,Rio,acucar,Não,2,200
4046,64.0,M,6058.0,Rio,feijao,Não,9,585
4047,56.0,M,4189.0,Curitiba,cafe,Não,3,120
4048,54.0,F,2154.0,Rio,cafe,Sim,10,520
4049,57.0,,,São Paulo,feijao,Sim,7,280
4050,21.0,F,5780.0,Salvador,acucar,Não,4,188
4051,26.0,F,4612.0,Belo Horizonte,,Sim,3,273
4052,24.0,F,2691.0,Salvador,feijao,Não,4,192
4053,49.0,F,2125.0,Belo Horizonte,acucar,Sim,7,651
4054,42.0,F,4402.0,Salvador,,Não,1,22
4055,35.0,,6760.0,São Paulo,,Não,8,688
4056,20.0,F,,Salvador,oleo,Sim,10,260
4057,21.0,M,7538.0,Belo Horizonte,feijao,Sim,1,80
4058,61.0,F,,São Paulo,cafe,Sim,4,228
4059,52.0,F,1484.0,Belo Horizonte,oleo,Sim,7,504
4060,46.0,,4642.0,Belo Horizonte,arroz,Sim,6,180
4061,61.0,F,2669.0,Curitiba,feijao,Sim,10,250
4062,,M,4768.0,Salvador,cafe,Sim,2,186
4063,60.0,M,3981.0,Salvador,oleo,Sim,8,616
4064,25.0,F,4541.0,Rio,oleo,Sim,2,46
4065,37.0,F,3649.0,Rio,,Não,7,385
4066,55.0,M,7459.0,Belo Horizonte,acucar,Não,10,1000
4067,37.0,M,4339.0,Belo Horizonte,cafe,Sim,1,58
4068,46.0,,3257.0,Belo Horizonte,cafe,Não,1,74
4069,49.0,F,4569.0,Salvador,cafe,Sim,6,354
4070,57.0,M,1829.0,Salvador,feijao,Sim,2,142
4071,60.0,M,1603.0,Salvador,feijao,Sim,9,594
4072,64.0,M,2838.0,Salvador,acucar,Sim,2,178
4073,63.0,F,2870.0,São Paulo,oleo,Sim,9,729
4074,51.0,F,2958.0,Curitiba,feijao,Não,5,380
4075,28.0,M,5371.0,Rio,feijao,Sim,10,550
4076,36.0,F,5498.0,São Paulo,oleo,Sim,5,255
4077,46.0,F,6721.0,Rio,acucar,Sim,3,219
4078,65.0,F,2623.0,Salvador,cafe,Sim,9,630
4079,,F,7557.0,São Paulo,feijao,Não,10,490
4080,37.0,F,1227.0,Salvador,acucar,Não,5,150
4081,43.0,,1468.0,São Paulo,oleo,Sim,10,830
4082,43.0,F,7416.0,São Paulo,arroz,Sim,8,728
4083,58.0,F,5540.0,São Paulo,oleo,Sim,9,594
4084,65.0,M,5300.0,Salvador,feijao,Sim,6,162
4085,59.0,M,4866.0,Rio,oleo,Sim,9,396
4086,47.0,F,5740.0,Rio,arroz,Não,2,46
4087,23.0,,,São Paulo,cafe,Sim,10,840
4088,55.0,M,2979.0,Belo Horizonte,feijao,Não,7,686
4089,30.0,M,4493.0,Curitiba,cafe,Sim,10,830
4090,63.0,M,1301.0,Curitiba,oleo,Sim,9,576
4091,51.0,M,4097.0,Curitiba,cafe,Sim,2,40
4092,38.0,,6838.0,São Paulo,,Não,6,162
4093,33.0,,,Rio,acucar,Sim,9,333
4094,29.0,,1471.0,São Paulo,feijao,Sim,10,570
4095,43.0,F,7263.0,São Paulo,,Sim,8,384
4096,65.0,,6179.0,Belo Horizonte,acucar,Sim,3,183
4097,39.0,F,,Curitiba,feijao,Não,7,497
4098,59.0,M,7455.0,Belo Horizonte,acucar,Sim,7,259
4099,57.0,F,3265.0,Rio,acucar,Sim,5,110
4100,44.0,,7198.0,Belo Horizonte,acucar,Não,2,134
4101,61.0,F,3425.0,Salvador,feijao,Sim,8,536
4102,35.0,M,2064.0,São Paulo,feijao,Sim,4,152
4103,23.0,M,1451.0,Curitiba,acucar,Sim,1,89
4104,33.0,M,3591.0,Rio,feijao,Sim,6,528
4105,45.0,M,7768.0,São Paulo,acucar,Sim,10,910
4106,47.0,M,7273.0,Salvador,cafe,Não,6,168
4107,44.0,F,6933.0,Salvador,cafe,Sim,10,450
4108,25.0,M,5696.0,Belo Horizonte,cafe,Não,7,301
4109,63.0,F,6741.0,Curitiba,arroz,Não,8,464
4110,47.0,F,2783.0,Rio,acucar,Sim,6,546
4111,61.0,M,7067.0,Belo Horizonte,,Não,1,98
4112,19.0,,7470.0,Rio,cafe,Sim,6,534
4113,24.0,,3692.0,Belo Horizonte,cafe,Sim,2,84
4114,33.0,,7699.0,Salvador,oleo,Sim,1,45
4115,47.0,M,4839.0,Belo Horizonte,arroz,Não,3,225
4116,24.0,F,3898.0,Salvador,oleo,Sim,7,154
4117,43.0,F,1708.0,Rio,cafe,Sim,8,288
4118,27.0,F,1846.0,Rio,arroz,Não,4,388
4119,18.0,M,5744.0,Salvador,oleo,Sim,5,495
4120,18.0,F,,Curitiba,arroz,Sim,5,235
4121,60.0,M,3054.0,Rio,cafe,Sim,5,240
4122,,M,6612.0,São Paulo,acucar,Sim,7,455
4123,31.0,M,4752.0,Salvador,cafe,Sim,2,160
4124,31.0,F,2196.0,São Paulo,arroz,Sim,8,480
4125,,F,,Salvador,feijao,Sim,5,195
4126,36.0,,6372.0,Curitiba,feijao,Não,9,792
4127,63.0,M,,Belo Horizonte,feijao,Não,10,890
4128,35.0,F,4970.0,Curitiba,acucar,Sim,9,243
4129,36.0,F,7185.0,Salvador,oleo,Sim,10,450
4130,45.0,M,6496.0,São Paulo,arroz,Sim,7,406
4131,39.0,F,2054.0,São Paulo,cafe,Não,5,190
4132,64.0,M,6940.0,São Paulo,oleo,Sim,6,198
4133,,M,5306.0,Curitiba,arroz,Não,3,129
4134,45.0,F,6400.0,Curitiba,oleo,Sim,8,168
4135,33.0,F,7890.0,Curitiba,cafe,Sim,10,480
4136,52.0,M,7723.0,Rio,oleo,Sim,3,276
4137,61.0,M,4652.0,Salvador,feijao,Sim,10,440
4138,26.0,M,4655.0,Belo Horizonte,arroz,Sim,6,360
4139,57.0,F,4236.0,Belo Horizonte,oleo,Sim,3,78
4140,20.0,F,6590.0,Salvador,oleo,Não,2,88
4141,61.0,M,6478.0,São Paulo,feijao,Sim,4,192
4142,,M,5836.0,Curitiba,,Sim,2,142
4143,26.0,M,3135.0,Rio,arroz,Sim,8,640
4144,45.0,F,6973.0,Belo Horizonte,acucar,Não,10,580
4145,56.0,F,6012.0,São Paulo,acucar,Sim,10,690
4146,,M,1926.0,São Paulo,arroz,Sim,5,195
4147,46.0,M,3245.0,Salvador,acucar,Sim,9,666
4148,28.0,M,,Salvador,acucar,Não,5,180
4149,36.0,M,5812.0,Salvador,oleo,Sim,9,873
4150,32.0,M,2540.0,Rio,acucar,Sim,4,364
4151,54.0,M,6667.0,Belo Horizonte,arroz,Não,5,345
4152,22.0,M,6066.0,São Paulo,oleo,Não,7,672
4153,,,6447.0,São Paulo,acucar,Sim,10,230
4154,37.0,M,1591.0,Rio,feijao,Sim,4,340
4155,35.0,F,4586.0,São Paulo,oleo,Não,8,160
4156,56.0,F,3723.0,Belo Horizonte,oleo,Não,6,306
4157,28.0,F,7401.0,Belo Horizonte,oleo,Não,3,231
4158,46.0,M,4022.0,Salvador,arroz,Sim,9,315
4159,36.0,,2345.0,Belo Horizonte,feijao,Não,3,165
4160,46.0,F,1943.0,São Paulo,oleo,Sim,10,930
4161,40.0,M,4488.0,Rio,arroz,Sim,3,291
4162,52.0,F,4428.0,São Paulo,feijao,Não,3,150
4163,57.0,F,7026.0,São Paulo,acucar,Não,2,184
4164,19.0,,6801.0,Belo Horizonte,arroz,Sim,2,94
4165,28.0,F,1584.0,Belo Horizonte,oleo,Sim,10,330
4166,20.0,M,6857.0,Belo Horizonte,acucar,Sim,2,114
4167,40.0,F,5749.0,Curitiba,acucar,Não,9,333
4168,41.0,M,5562.0,Salvador,oleo,Sim,10,200
4169,39.0,M,3098.0,Belo Horizonte,acucar,Sim,2,70
4170,,M,6290.0,Belo Horizonte,arroz,Não,2,126
4171,55.0,F,1300.0,Rio,oleo,Não,4,348
4172,36.0,F,6153.0,Curitiba,acucar,Não,4,80
4173,64.0,F,5211.0,Salvador,arroz,Sim,5,220
4174,47.0,,6986.0,Salvador,arroz,Sim,9,414
4175,35.0,M,3539.0,Belo Horizonte,,Sim,7,616
4176,20.0,M,6094.0,Rio,arroz,Não,3,279
4177,43.0,F,3761.0,Belo Horizonte,cafe,Sim,7,301
4178,41.0,M,7320.0,Salvador,feijao,Não,8,712
4179,59.0,F,3628.0,São Paulo,,Sim,2,92
4180,45.0,,3720.0,Salvador,acucar,Não,10,880
4181,35.0,F,5303.0,Salvador,arroz,Não,10,720
4182,21.0,F,4175.0,Salvador,,Sim,5,330
4183,18.0,F,4304.0,Rio,cafe,Sim,2,138
4184,59.0,,3898.0,Salvador,oleo,Sim,4,400
4185,32.0,F,3870.0,Belo Horizonte,cafe,Sim,5,340
4186,52.0,F,3756.0,Rio,cafe,Sim,8,264
4187,29.0,M,5227.0,São Paulo,acucar,Sim,10,300
4188,49.0,F,5439.0,São Paulo,acucar,Sim,8,544
4189,48.0,F,,Curitiba,acucar,Sim,10,440
4190,62.0,,3862.0,Curitiba,arroz,Sim,3,69
4191,61.0,F,4110.0,Salvador,oleo,Sim,3,243
4192,43.0,F,2403.0,Rio,cafe,Não,9,504
4193,35.0,F,2281.0,Belo Horizonte,acucar,Não,10,260
4194,52.0,M,1965.0,Salvador,oleo,Sim,5,450
4195,30.0,F,3631.0,Belo Horizonte,arroz,Sim,7,168
4196,46.0,F,7833.0,Belo Horizonte,feijao,Não,4,188
4197,32.0,M,4262.0,Belo Horizonte,arroz,Sim,3,72
4198,30.0,F,1667.0,São Paulo,cafe,Sim,6,432
4199,65.0,F,7338.0,Rio,oleo,Sim,7,406
4200,20.0,M,2202.0,Salvador,arroz,Sim,6,414
4201,49.0,F,,Salvador,feijao,Não,5,355
4202,31.0,,7136.0,Salvador,acucar,Sim,2,42
4203,43.0,F,4663.0,São Paulo,,Não,4,188
4204,44.0,F,6139.0,São Paulo,cafe,Sim,9,612
4205,53.0,M,6158.0,São Paulo,arroz,Não,8,800
4206,38.0,F,3963.0,Belo Horizonte,acucar,Sim,4,160
4207,35.0,M,5170.0,Salvador,feijao,Sim,3,93
4208,41.0,F,2170.0,São Paulo,cafe,Sim,1,88
4209,35.0,M,5270.0,Salvador,arroz,Sim,9,648
4210,25.0,F,3429.0,Belo Horizonte,,Não,1,84
4211,34.0,F,6974.0,São Paulo,,Sim,1,89
4212,43.0,F,2484.0,Belo Horizonte,oleo,Sim,8,512
4213,54.0,F,4072.0,Curitiba,cafe,Não,5,465
4214,28.0,M,7947.0,Curitiba,arroz,Sim,5,215
4215,25.0,M,6878.0,Belo Horizonte,feijao,Sim,1,47
4216,47.0,M,1273.0,Curitiba,,Sim,2,44
4217,29.0,M,2543.0,Salvador,,Sim,3,240
4218,33.0,M,2090.0,Salvador,feijao,Sim,1,27
4219,28.0,F,,Belo Horizonte,cafe,Não,1,86
4220,29.0,M,3132.0,Salvador,,Sim,9,486
4221,37.0,M,2345.0,São Paulo,arroz,Não,10,980
4222,25.0,F,5906.0,Rio,feijao,Não,10,920
4223,26.0,F,4812.0,Curitiba,cafe,Não,8,480
4224,23.0,M,2724.0,Belo Horizonte,feijao,Sim,8,792
4225,24.0,M,2452.0,Curitiba,arroz,Não,7,665
4226,40.0,M,7314.0,São Paulo,arroz,Sim,8,192
4227,60.0,F,6845.0,Curitiba,,Não,4,144
4228,24.0,F,2847.0,Salvador,oleo,Sim,9,216
4229,42.0,F,2777.0,Rio,acucar,Sim,10,820
4230,25.0,F,6451.0,Curitiba,cafe,Sim,2,76
4231,54.0,F,7271.0,Belo Horizonte,cafe,Sim,5,270
4232,29.0,M,,Salvador,acucar,Sim,4,232
4233,35.0,,6793.0,São Paulo,feijao,Não,6,480
4234,48.0,F,3891.0,Belo Horizonte,feijao,Sim,1,92
4235,48.0,F,3914.0,Belo Horizonte,feijao,Não,8,288
4236,24.0,M,6266.0,Rio,oleo,Não,8,328
4237,63.0,M,1953.0,São Paulo,arroz,Não,4,264
4238,36.0,F,,São Paulo,cafe,Sim,5,455
4239,52.0,,6402.0,Salvador,feijao,Não,1,61
4240,54.0,M,2064.0,Curitiba,arroz,Sim,1,80
4241,23.0,F,5988.0,Curitiba,arroz,Não,2,182
4242,19.0,M,2426.0,São Paulo,acucar,Sim,1,64
4243,47.0,F,6236.0,São Paulo,arroz,Não,4,388
4244,37.0,M,3745.0,Rio,oleo,Sim,6,228
4245,26.0,F,3002.0,São Paulo,cafe,Não,10,630
4246,56.0,F,3861.0,Belo Horizonte,arroz,Sim,2,172
4247,50.0,,2321.0,São Paulo,oleo,Sim,5,315
4248,50.0,M,6428.0,Belo Horizonte,oleo,Sim,4,388
4249,43.0,M,6921.0,São Paulo,feijao,Sim,10,950
4250,24.0,F,4935.0,Rio,cafe,Sim,8,280
4251,31.0,F,4876.0,Belo Horizonte,cafe,Sim,4,116
4252,44.0,F,7977.0,Belo Horizonte,feijao,Não,10,990
4253,41.0,M,1463.0,Salvador,cafe,Sim,3,258
4254,25.0,M,7178.0,São Paulo,oleo,Sim,10,200
4255,,F,4720.0,Rio,oleo,Não,4,296
4256,38.0,F,4706.0,Salvador,feijao,Não,1,75
4257,19.0,M,3956.0,São Paulo,oleo,Sim,7,385
4258,52.0,F,2817.0,Belo Horizonte,oleo,Sim,1,83
4259,,F,1327.0,São Paulo,acucar,Sim,2,58
4260,34.0,,4163.0,Rio,acucar,Sim,2,136
4261,35.0,F,6895.0,Curitiba,arroz,Sim,9,693
4262,23.0,F,1810.0,Salvador,arroz,Sim,6,306
4263,62.0,,6106.0,Salvador,acucar,Não,7,154
4264,53.0,M,5840.0,Belo Horizonte,feijao,Sim,1,36
4265,36.0,F,5328.0,Belo Horizonte,acucar,Sim,7,224
4266,29.0,F,5028.0,Curitiba,feijao,Não,6,600
4267,58.0,M,,Curitiba,feijao,Sim,1,57
4268,21.0,M,3632.0,Belo Horizonte,feijao,Não,9,855
4269,,F,7529.0,Belo Horizonte,feijao,Sim,5,155
4270,35.0,M,6950.0,Rio,acucar,Não,8,712
4271,65.0,F,2089.0,Curitiba,feijao,Não,6,450
4272,42.0,F,5294.0,São Paulo,cafe,Não,5,360
4273,63.0,,5975.0,Rio,feijao,Sim,7,539
4274,46.0,M,6904.0,Rio,acucar,Sim,6,246
4275,25.0,M,1591.0,Rio,arroz,Sim,10,360
4276,48.0,M,1524.0,Curitiba,oleo,Não,6,258
4277,44.0,F,4896.0,Curitiba,,Não,8,312
4278,22.0,M,6468.0,Salvador,,Não,4,288
4279,,M,6491.0,Salvador,oleo,Sim,4,172
4280,39.0,F,1977.0,São Paulo,cafe,Sim,8,496
4281,31.0,M,2885.0,Salvador,,Não,7,245
4282,25.0,,3033.0,Salvador,feijao,Não,9,675
4283,60.0,M,1236.0,São Paulo,oleo,Não,3,81
4284,49.0,M,3302.0,São Paulo,arroz,Não,2,194
4285,26.0,F,2022.0,Belo Horizonte,feijao,Não,1,88
4286,31.0,M,6690.0,Belo Horizonte,cafe,Sim,1,52
4287,18.0,F,4694.0,Belo Horizonte,,Sim,5,405
4288,40.0,F,7236.0,Salvador,cafe,Sim,3,213
4289,56.0,F,4484.0,Rio,arroz,Sim,9,306
4290,37.0,F,2066.0,Salvador,acucar,Não,5,195
4291,24.0,M,1845.0,Belo Horizonte,cafe,Sim,2,192
4292,20.0,,5037.0,Belo Horizonte,acucar,Sim,5,445
4293,47.0,M,5500.0,São Paulo,acucar,Sim,9,234
4294,53.0,F,1489.0,Curitiba,cafe,Não,7,672
4295,22.0,F,5981.0,Curitiba,cafe,Sim,3,153
4296,58.0,M,,Belo Horizonte,arroz,Sim,1,33
4297,43.0,F,4584.0,São Paulo,oleo,Sim,2,162
4298,30.0,M,1401.0,Curitiba,acucar,Sim,8,256
4299,18.0,M,2052.0,Rio,arroz,Sim,7,224
4300,25.0,M,5041.0,São Paulo,acucar,Sim,4,260
4301,32.0,F,,Belo Horizonte,acucar,Sim,5,180
4302,53.0,F,3732.0,Belo Horizonte,cafe,Sim,9,540
4303,55.0,M,6211.0,Salvador,,Sim,8,640
4304,37.0,,6240.0,São Paulo,,Sim,2,166
4305,45.0,M,6307.0,Rio,arroz,Sim,1,28
4306,38.0,M,7713.0,Salvador,oleo,Não,4,248
4307,30.0,F,4662.0,Belo Horizonte,arroz,Não,7,322
4308,22.0,M,6047.0,Curitiba,oleo,Não,3,141
4309,59.0,F,4141.0,Belo Horizonte,,Sim,6,372
4310,19.0,F,3433.0,Salvador,arroz,Sim,9,180
4311,,M,7875.0,São Paulo,,Sim,8,464
4312,34.0,M,1590.0,Curitiba,feijao,Sim,8,656
4313,53.0,M,6252.0,Salvador,feijao,Sim,9,765
4314,57.0,M,3470.0,Curitiba,arroz,Sim,7,539
4315,,,,Curitiba,feijao,Sim,8,728
4316,30.0,M,5540.0,São Paulo,feijao,Sim,1,81
4317,43.0,,1791.0,São Paulo,feijao,Sim,4,296
4318,63.0,M,7020.0,Curitiba,acucar,Sim,8,424
4319,44.0,F,1652.0,São Paulo,feijao,Não,1,61
4320,31.0,F,5691.0,São Paulo,oleo,Sim,5,405
4321,50.0,M,2014.0,Rio,acucar,Sim,5,470
4322,18.0,M,3917.0,São Paulo,,Sim,8,184
4323,,M,1565.0,Curitiba,acucar,Sim,7,441
4324,,F,6114.0,São Paulo,oleo,Não,10,500
4325,47.0,F,2210.0,São Paulo,oleo,Não,2,176
4326,50.0,F,6433.0,Belo Horizonte,acucar,Sim,7,602
4327,24.0,M,1778.0,Belo Horizonte,acucar,Sim,2,180
4328,22.0,F,2792.0,Salvador,acucar,Sim,10,950
4329,63.0,M,2255.0,Curitiba,oleo,Sim,7,231
4330,20.0,M,7374.0,Rio,arroz,Sim,4,164
4331,,F,4101.0,São Paulo,oleo,Não,4,264
4332,,M,4309.0,Belo Horizonte,oleo,Não,6,366
4333,36.0,F,5658.0,Salvador,feijao,Sim,10,380
4334,25.0,F,,Curitiba,,Sim,2,94
4335,46.0,F,6380.0,Salvador,cafe,Sim,3,300
4336,56.0,M,5937.0,São Paulo,oleo,Sim,1,58
4337,49.0,F,,Belo Horizonte,,Não,2,64
4338,45.0,F,2931.0,Belo Horizonte,feijao,Não,5,305
4339,20.0,M,7304.0,Belo Horizonte,,Não,10,310
4340,65.0,,6550.0,São Paulo,,Não,2,196
4341,25.0,F,6257.0,Belo Horizonte,oleo,Não,1,33
4342,18.0,F,6899.0,Curitiba,arroz,Sim,1,71
4343,41.0,F,4173.0,Salvador,cafe,Não,7,406
4344,51.0,M,6119.0,Salvador,feijao,Sim,7,420
4345,65.0,M,2475.0,São Paulo,acucar,Não,5,145
4346,52.0,M,7776.0,Salvador,oleo,Não,1,28
4347,22.0,M,5652.0,Belo Horizonte,acucar,Não,9,567
4348,57.0,F,5343.0,Rio,acucar,Não,3,138
4349,41.0,M,6482.0,Salvador,oleo,Sim,8,312
4350,25.0,F,6354.0,Belo Horizonte,cafe,Sim,4,372
4351,29.0,F,2867.0,Curitiba,feijao,Não,2,82
4352,34.0,F,4479.0,Curitiba,feijao,Sim,10,470
4353,49.0,M,2914.0,Salvador,feijao,Sim,8,256
4354,54.0,F,7460.0,Curitiba,,Não,10,880
4355,45.0,F,3580.0,Salvador,acucar,Sim,1,58
4356,57.0,F,4686.0,Curitiba,arroz,Sim,9,639
4357,41.0,F,4427.0,São Paulo,feijao,Sim,8,696
4358,18.0,M,,Rio,oleo,Sim,2,140
4359,37.0,M,2777.0,São Paulo,oleo,Sim,7,441
4360,25.0,,4965.0,Salvador,arroz,Sim,2,92
4361,62.0,M,4786.0,São Paulo,oleo,Sim,1,54
4362,28.0,F,7127.0,São Paulo,,Não,8,256
4363,,M,7576.0,Curitiba,,Sim,4,204
4364,,M,2548.0,Rio,,Sim,1,22
4365,22.0,,1901.0,Curitiba,acucar,Sim,5,395
4366,57.0,M,7791.0,Rio,oleo,Sim,1,41
4367,60.0,F,3271.0,Curitiba,feijao,Não,7,560
4368,52.0,F,5216.0,Salvador,feijao,Sim,6,330
4369,58.0,F,2776.0,Salvador,cafe,Sim,7,161
4370,39.0,M,3028.0,Belo Horizonte,feijao,Sim,1,80
4371,56.0,M,7131.0,Curitiba,,Não,6,318
4372,26.0,F,2118.0,São Paulo,feijao,Sim,7,210
4373,36.0,F,6014.0,São Paulo,cafe,Sim,3,141
4374,47.0,F,2911.0,Salvador,cafe,Não,9,198
4375,43.0,F,4870.0,Rio,arroz,Sim,5,305
4376,29.0,M,,Curitiba,oleo,Não,8,784
4377,61.0,,4526.0,Rio,cafe,Não,5,405
4378,64.0,F,6018.0,Rio,,Sim,8,632
4379,64.0,F,6185.0,Curitiba,cafe,Não,4,300
4380,31.0,M,1222.0,Belo Horizonte,acucar,Sim,8,504
4381,36.0,,3958.0,Belo Horizonte,feijao,Sim,10,460
4382,37.0,,3207.0,Belo Horizonte,oleo,Sim,6,504
4383,36.0,M,4181.0,Belo Horizonte,oleo,Não,3,141
4384,30.0,,6236.0,Salvador,feijao,Não,9,675
4385,33.0,M,5940.0,Curitiba,,Sim,6,318
4386,49.0,M,3296.0,Rio,feijao,Sim,8,176
4387,43.0,F,7516.0,Curitiba,arroz,Não,1,95
4388,48.0,M,,Salvador,feijao,Sim,7,175
4389,37.0,M,7596.0,Rio,cafe,Não,5,265
4390,37.0,M,6490.0,Rio,oleo,Sim,1,96
4391,47.0,F,3545.0,Curitiba,arroz,Não,9,423
4392,45.0,F,6359.0,Curitiba,arroz,Sim,10,210
4393,60.0,M,6861.0,Curitiba,oleo,Sim,6,270
4394,63.0,F,2049.0,Belo Horizonte,oleo,Sim,7,637
4395,39.0,F,2000.0,Salvador,feijao,Sim,10,420
4396,55.0,M,4685.0,São Paulo,arroz,Sim,8,240
4397,49.0,M,7351.0,Belo Horizonte,feijao,Não,3,174
4398,39.0,,1765.0,Belo Horizonte,arroz,Sim,4,152
4399,21.0,F,6998.0,Curitiba,feijao,Sim,1,59
4400,29.0,F,3811.0,Rio,feijao,Sim,3,195
4401,50.0,F,5905.0,Belo Horizonte,feijao,Não,5,165
4402,63.0,F,5524.0,Belo Horizonte,,Não,7,672
4403,35.0,F,4822.0,Rio,acucar,Não,4,136
4404,54.0,M,5646.0,Salvador,feijao,Não,9,225
4405,50.0,F,7301.0,São Paulo,feijao,Não,1,54
4406,40.0,M,,Rio,acucar,Não,2,80
4407,40.0,F,4783.0,Salvador,oleo,Não,4,188
4408,63.0,F,7340.0,Curitiba,cafe,Sim,10,370
4409,62.0,F,4253.0,Rio,feijao,Não,6,144
4410,65.0,M,1719.0,Belo Horizonte,arroz,Não,2,68
4411,,M,,Rio,cafe,Sim,6,258
4412,,F,,Rio,oleo,Sim,8,664
4413,59.0,M,5097.0,Salvador,acucar,Sim,1,49
4414,21.0,M,4075.0,Rio,cafe,Sim,9,765
4415,22.0,M,6732.0,Salvador,acucar,Sim,9,198
4416,26.0,,6094.0,Rio,feijao,Não,8,728
4417,36.0,,3251.0,Belo Horizonte,,Não,4,80
4418,41.0,F,4947.0,Belo Horizonte,acucar,Sim,3,153
4419,,F,7709.0,Belo Horizonte,acucar,Não,6,564
4420,32.0,M,6950.0,Curitiba,arroz,Não,8,784
4421,43.0,F,6102.0,Curitiba,cafe,Não,5,210
4422,36.0,M,4548.0,Curitiba,acucar,Não,6,600
4423,52.0,M,3941.0,São Paulo,arroz,Sim,9,450
4424,37.0,F,2326.0,São Paulo,arroz,Não,9,279
4425,27.0,F,7333.0,Salvador,oleo,Sim,3,225
4426,21.0,M,,Curitiba,acucar,Não,7,693
4427,18.0,F,3881.0,São Paulo,acucar,Sim,5,355
4428,23.0,F,2165.0,São Paulo,arroz,Não,9,495
4429,54.0,F,7444.0,Rio,oleo,Não,9,369
4430,28.0,F,6269.0,Rio,,Sim,4,164
4431,41.0,M,7898.0,Salvador,oleo,Sim,2,132
4432,56.0,F,7562.0,Rio,,Sim,8,664
4433,,,3155.0,São Paulo,acucar,Não,1,43
4434,52.0,F,2074.0,Curitiba,oleo,Sim,8,736
4435,36.0,M,6442.0,Salvador,acucar,Sim,7,553
4436,20.0,M,3951.0,São Paulo,oleo,Sim,1,50
4437,41.0,M,6531.0,Belo Horizonte,,Sim,4,120
4438,,M,6952.0,Curitiba,cafe,Sim,7,406
4439,63.0,F,1842.0,São Paulo,arroz,Sim,8,416
4440,53.0,,2508.0,Belo Horizonte,arroz,Não,1,48
4441,65.0,M,3962.0,São Paulo,,Não,3,60
4442,24.0,F,5225.0,Rio,acucar,Sim,9,441
4443,41.0,F,1329.0,Curitiba,oleo,Sim,7,252
4444,,M,2708.0,Rio,cafe,Sim,1,26
4445,25.0,M,2192.0,Salvador,oleo,Sim,4,336
4446,,F,3083.0,Rio,,Sim,8,592
4447,18.0,F,6460.0,Salvador,cafe,Sim,5,285
4448,61.0,F,5672.0,Rio,arroz,Não,1,43
4449,34.0,,,São Paulo,acucar,Não,4,356
4450,23.0,,6879.0,Salvador,,Sim,9,234
4451,44.0,F,2505.0,Rio,oleo,Sim,2,156
4452,,F,7570.0,Belo Horizonte,feijao,Sim,10,570
4453,43.0,F,7889.0,São Paulo,acucar,Sim,4,300
4454,32.0,M,6319.0,Belo Horizonte,,Sim,1,39
4455,,F,6719.0,São Paulo,oleo,Não,3,162
4456,61.0,F,1977.0,São Paulo,acucar,Sim,9,540
4457,57.0,F,1330.0,Rio,cafe,Sim,8,336
4458,64.0,F,6679.0,Salvador,oleo,Não,9,540
4459,58.0,M,6984.0,São Paulo,arroz,Não,7,560
4460,20.0,F,5006.0,Curitiba,,Sim,8,648
4461,43.0,M,6844.0,Curitiba,feijao,Sim,9,198
4462,25.0,F,,Curitiba,cafe,Sim,7,161
4463,41.0,M,5987.0,São Paulo,acucar,Não,1,25
4464,58.0,,,São Paulo,acucar,Sim,7,672
4465,20.0,,1974.0,São Paulo,feijao,Sim,7,504
4466,34.0,,1764.0,Belo Horizonte,feijao,Sim,9,855
4467,47.0,F,6121.0,São Paulo,acucar,Não,3,78
4468,35.0,M,,Rio,acucar,Sim,3,216
4469,54.0,M,,Salvador,feijao,Não,2,168
4470,26.0,M,2946.0,Rio,acucar,Sim,4,376
4471,40.0,F,1428.0,Belo Horizonte,arroz,Não,9,567
4472,21.0,F,3278.0,Rio,arroz,Não,5,265
4473,55.0,F,1248.0,Curitiba,feijao,Não,10,560
4474,53.0,M,,Salvador,cafe,Sim,1,21
4475,39.0,M,7466.0,Curitiba,cafe,Não,6,384
4476,22.0,,1563.0,Curitiba,acucar,Sim,5,280
4477,34.0,F,7844.0,Rio,cafe,Não,8,456
4478,42.0,F,3910.0,Belo Horizonte,cafe,Sim,2,160
4479,41.0,F,6746.0,Curitiba,cafe,Sim,4,184
4480,47.0,,6472.0,Curitiba,acucar,Sim,3,252
4481,63.0,M,7468.0,Salvador,acucar,Sim,8,288
4482,18.0,M,4480.0,São Paulo,acucar,Sim,7,574
4483,,M,3666.0,São Paulo,arroz,Sim,10,820
4484,,M,3643.0,Salvador,feijao,Não,9,783
4485,41.0,M,3271.0,Rio,oleo,Sim,7,182
4486,45.0,F,,Rio,arroz,Não,10,330
4487,41.0,M,,São Paulo,cafe,Sim,1,99
4488,18.0,M,5752.0,Curitiba,oleo,Sim,10,330
4489,62.0,F,4852.0,Salvador,oleo,Não,9,738
4490,50.0,F,4622.0,Belo Horizonte,arroz,Sim,5,155
4491,59.0,,4901.0,Belo Horizonte,acucar,Não,4,392
4492,18.0,M,4060.0,Belo Horizonte,oleo,Sim,2,134
4493,37.0,F,2625.0,Curitiba,feijao,Sim,8,648
4494,59.0,M,,São Paulo,acucar,Sim,10,640
4495,41.0,M,7855.0,Rio,feijao,Sim,5,440
4496,43.0,F,6251.0,Salvador,feijao,Sim,8,280
4497,52.0,M,3274.0,São Paulo,arroz,Não,8,320
4498,28.0,F,3590.0,Salvador,cafe,Não,2,150
4499,53.0,M,7019.0,Rio,cafe,Não,5,200
4500,59.0,M,,São Paulo,cafe,Não,6,498
4501,63.0,M,,Curitiba,arroz,Sim,4,188
4502,19.0,M,3237.0,Belo Horizonte,arroz,Sim,10,710
4503,19.0,M,,Salvador,acucar,Sim,10,690
4504,57.0,F,2469.0,São Paulo,feijao,Sim,4,324
4505,,,7662.0,Rio,acucar,Não,5,495
4506,40.0,F,2912.0,São Paulo,acucar,Não,6,384
4507,65.0,M,2969.0,São Paulo,feijao,Não,1,35
4508,43.0,F,2926.0,Salvador,cafe,Não,9,558
4509,21.0,,4484.0,Curitiba,feijao,Sim,9,819
4510,30.0,M,1588.0,Salvador,oleo,Não,3,93
4511,65.0,M,2053.0,Salvador,acucar,Não,7,525
4512,30.0,M,7738.0,Curitiba,arroz,Não,7,182
4513,42.0,F,3297.0,Salvador,feijao,Sim,5,130
4514,62.0,F,5314.0,Curitiba,feijao,Não,4,228
4515,49.0,M,3433.0,São Paulo,oleo,Não,4,280
4516,57.0,F,4240.0,Rio,,Não,7,224
4517,62.0,M,7446.0,Curitiba,acucar,Não,10,250
4518,62.0,M,,Salvador,oleo,Sim,2,200
4519,55.0,F,5144.0,Belo Horizonte,feijao,Sim,6,156
4520,57.0,,4393.0,Curitiba,oleo,Sim,10,340
4521,65.0,M,1486.0,São Paulo,arroz,Não,10,800
4522,40.0,F,4742.0,Salvador,arroz,Sim,2,172
4523,42.0,M,6808.0,Salvador,acucar,Não,6,348
4524,23.0,M,2382.0,Curitiba,acucar,Sim,9,243
4525,33.0,,6479.0,Salvador,cafe,Sim,7,588
4526,42.0,F,2479.0,São Paulo,,Sim,2,88
4527,37.0,F,,Curitiba,arroz,Não,3,117
4528,37.0,M,7178.0,São Paulo,oleo,Sim,10,890
4529,26.0,F,,Curitiba,cafe,Sim,7,231
4530,50.0,M,,Belo Horizonte,,Sim,9,549
4531,45.0,M,6248.0,Rio,arroz,Sim,1,30
4532,30.0,M,7555.0,São Paulo,feijao,Sim,9,684
4533,39.0,F,5449.0,Salvador,feijao,Sim,1,72
4534,,M,4094.0,Rio,cafe,Sim,2,190
4535,62.0,M,4560.0,São Paulo,arroz,Sim,4,284
4536,53.0,M,7502.0,Salvador,oleo,Não,3,63
4537,24.0,F,1458.0,Salvador,feijao,Não,7,350
4538,51.0,F,5879.0,Curitiba,acucar,Sim,3,297
4539,27.0,M,4432.0,Rio,feijao,Não,8,648
4540,65.0,F,2715.0,São Paulo,feijao,Não,3,135
4541,57.0,F,3350.0,São Paulo,feijao,Sim,2,80
4542,31.0,M,7482.0,Curitiba,oleo,Sim,6,402
4543,52.0,F,6211.0,Belo Horizonte,cafe,Sim,9,693
4544,31.0,M,2718.0,Salvador,oleo,Não,4,344
4545,60.0,M,5459.0,Belo Horizonte,cafe,Não,8,696
4546,31.0,M,6719.0,Salvador,cafe,Sim,1,24
4547,31.0,F,5339.0,São Paulo,,Não,10,330
4548,37.0,M,4907.0,Curitiba,cafe,Sim,8,544
4549,42.0,M,4814.0,Salvador,cafe,Sim,10,410
4550,43.0,F,1999.0,Belo Horizonte,acucar,Não,10,920
4551,36.0,M,1755.0,Salvador,acucar,Não,10,790
4552,41.0,F,4319.0,São Paulo,,Sim,7,301
4553,52.0,M,6056.0,Salvador,acucar,Não,9,441
4554,55.0,,1961.0,São Paulo,,Sim,9,369
4555,47.0,M,,Belo Horizonte,acucar,Sim,7,448
4556,41.0,F,2728.0,Curitiba,feijao,Sim,7,427
4557,63.0,,3837.0,São Paulo,feijao,Sim,9,900
4558,63.0,M,,São Paulo,oleo,Não,4,100
4559,39.0,F,,Rio,oleo,Sim,10,330
4560,48.0,F,1806.0,Rio,arroz,Sim,1,57
4561,62.0,M,2520.0,Curitiba,,Não,4,224
4562,44.0,F,4915.0,Rio,acucar,Sim,2,124
4563,24.0,F,3769.0,Rio,oleo,Sim,7,672
4564,37.0,F,2337.0,Belo Horizonte,,Sim,5,300
4565,28.0,F,,Salvador,cafe,Não,3,201
4566,60.0,F,2074.0,Belo Horizonte,acucar,Não,6,564
4567,49.0,,,Rio,cafe,Não,6,498
4568,42.0,M,1670.0,Curitiba,oleo,Não,2,46
4569,61.0,F,6611.0,Curitiba,oleo,Sim,4,312
4570,50.0,M,7184.0,Salvador,feijao,Não,10,550
4571,19.0,M,,Rio,oleo,Sim,7,315
4572,22.0,M,3322.0,Rio,acucar,Não,10,360
4573,54.0,F,6517.0,São Paulo,arroz,Sim,10,240
4574,30.0,F,3281.0,Salvador,oleo,Não,1,28
4575,32.0,M,7675.0,Rio,oleo,Sim,4,396
4576,23.0,M,3881.0,São Paulo,acucar,Sim,4,260
4577,20.0,F,7530.0,Rio,cafe,Sim,10,650
4578,25.0,M,7540.0,São Paulo,feijao,Não,6,438
4579,18.0,F,6929.0,Belo Horizonte,cafe,Não,3,78
4580,57.0,M,3781.0,Salvador,arroz,Sim,3,75
4581,40.0,F,7342.0,Belo Horizonte,oleo,Sim,10,720
4582,44.0,,2315.0,Salvador,cafe,Sim,5,150
4583,41.0,M,1513.0,Salvador,acucar,Sim,9,333
4584,61.0,,5409.0,Salvador,feijao,Sim,5,130
4585,42.0,M,1746.0,Belo Horizonte,acucar,Não,1,73
4586,61.0,,5421.0,Salvador,oleo,Não,4,244
4587,57.0,M,7618.0,Curitiba,cafe,Sim,7,399
4588,60.0,F,7925.0,Rio,cafe,Sim,6,450
4589,65.0,M,3234.0,Salvador,arroz,Não,6,204
4590,28.0,F,6738.0,Rio,,Sim,7,420
4591,23.0,M,7228.0,São Paulo,arroz,Não,6,264
4592,29.0,F,7827.0,Curitiba,feijao,Sim,3,84
4593,28.0,F,4150.0,São Paulo,cafe,Não,1,62
4594,49.0,M,2417.0,São Paulo,acucar,Não,3,276
4595,34.0,M,,Salvador,arroz,Não,6,156
4596,,F,,Salvador,cafe,Sim,10,890
4597,21.0,M,3808.0,São Paulo,arroz,Sim,2,128
4598,26.0,F,5278.0,São Paulo,,Não,9,459
4599,54.0,M,7243.0,São Paulo,acucar,Não,1,86
4600,65.0,,6672.0,Rio,oleo,Sim,3,117
4601,31.0,,1999.0,Curitiba,acucar,Não,2,150
4602,27.0,M,7975.0,Belo Horizonte,cafe,Não,10,720
4603,19.0,F,1414.0,Salvador,feijao,Sim,4,136
4604,20.0,F,6024.0,Salvador,cafe,Sim,1,97
4605,,F,2562.0,Belo Horizonte,arroz,Sim,3,66
4606,22.0,M,7053.0,Rio,arroz,Sim,8,496
4607,49.0,F,3042.0,São Paulo,oleo,Sim,3,156
4608,18.0,M,3474.0,São Paulo,feijao,Sim,6,174
4609,38.0,F,7095.0,Salvador,acucar,Não,10,660
4610,43.0,F,1225.0,Curitiba,acucar,Não,9,738
4611,53.0,F,,Rio,feijao,Sim,5,295
4612,23.0,F,5552.0,São Paulo,cafe,Não,7,581
4613,20.0,,2288.0,Belo Horizonte,arroz,Sim,2,152
4614,36.0,,5551.0,Salvador,feijao,Não,3,222
4615,39.0,F,3776.0,Belo Horizonte,cafe,Sim,4,372
4616,,M,2340.0,Salvador,cafe,Não,7,336
4617,,,6634.0,São Paulo,acucar,Sim,5,375
4618,62.0,M,2676.0,Salvador,acucar,Sim,4,132
4619,63.0,M,3273.0,Rio,feijao,Sim,3,282
4620,59.0,M,6465.0,Rio,arroz,Sim,9,747
4621,34.0,M,1526.0,Salvador,feijao,Não,2,110
4622,26.0,F,6356.0,Rio,arroz,Não,1,87
4623,26.0,M,5406.0,Belo Horizonte,arroz,Sim,5,440
4624,62.0,M,7131.0,Belo Horizonte,cafe,Sim,1,58
4625,31.0,F,4198.0,Belo Horizonte,cafe,Sim,10,600
4626,46.0,M,5968.0,Rio,arroz,Não,9,549
4627,24.0,M,3947.0,São Paulo,oleo,Sim,1,71
4628,48.0,M,2969.0,Curitiba,arroz,Sim,4,176
4629,41.0,M,4378.0,Curitiba,cafe,Sim,8,360
4630,,F,6066.0,São Paulo,oleo,Não,2,82
4631,35.0,F,4401.0,Salvador,,Sim,2,110
4632,57.0,F,4877.0,São Paulo,arroz,Não,10,1000
4633,22.0,F,2631.0,São Paulo,arroz,Sim,4,80
4634,58.0,F,5936.0,São Paulo,cafe,Não,4,220
4635,26.0,,6034.0,São Paulo,oleo,Sim,10,300
4636,41.0,M,5761.0,Belo Horizonte,oleo,Não,8,520
4637,61.0,,7049.0,Salvador,,Sim,7,455
4638,33.0,M,4006.0,Belo Horizonte,cafe,Sim,5,230
4639,18.0,F,1939.0,Rio,feijao,Sim,2,94
4640,53.0,M,3443.0,Curitiba,cafe,Não,9,711
4641,23.0,M,1324.0,Belo Horizonte,arroz,Sim,9,837
4642,24.0,M,3894.0,Salvador,feijao,Não,7,490
4643,42.0,M,4253.0,Salvador,feijao,Não,7,427
4644,55.0,M,5018.0,São Paulo,arroz,Sim,7,630
4645,20.0,F,4796.0,Salvador,cafe,Não,4,212
4646,65.0,F,7442.0,São Paulo,acucar,Sim,4,208
4647,32.0,M,1483.0,Curitiba,cafe,Não,8,536
4648,33.0,F,5128.0,São Paulo,oleo,Não,7,371
4649,44.0,F,7726.0,São Paulo,acucar,Sim,4,300
4650,30.0,M,2469.0,Rio,oleo,Sim,7,245
4651,27.0,M,6742.0,Curitiba,acucar,Sim,2,110
4652,55.0,M,,São Paulo,oleo,Não,5,215
4653,60.0,M,7445.0,São Paulo,oleo,Não,6,594
4654,45.0,F,4171.0,Rio,,Não,4,224
4655,47.0,,4614.0,Salvador,cafe,Não,2,156
4656,63.0,F,2859.0,Salvador,cafe,Sim,8,600
4657,52.0,M,1894.0,Curitiba,arroz,Não,7,161
4658,19.0,M,,São Paulo,oleo,Não,6,246
4659,20.0,M,6308.0,Belo Horizonte,oleo,Sim,1,88
4660,43.0,F,1932.0,Salvador,cafe,Sim,6,204
4661,54.0,,2502.0,São Paulo,cafe,Não,3,255
4662,53.0,F,,São Paulo,arroz,Sim,7,595
4663,32.0,M,,Rio,arroz,Não,4,316
4664,36.0,M,2319.0,São Paulo,acucar,Não,5,495
4665,,F,2958.0,São Paulo,feijao,Sim,2,112
4666,54.0,F,6300.0,São Paulo,,Sim,6,252
4667,64.0,F,6224.0,Salvador,cafe,Sim,6,546
4668,,M,6221.0,Salvador,feijao,Não,10,570
4669,52.0,M,6939.0,Rio,cafe,Sim,7,539
4670,34.0,M,5317.0,Belo Horizonte,oleo,Não,10,450
4671,40.0,F,7656.0,Curitiba,cafe,Não,5,480
4672,61.0,F,2975.0,Salvador,oleo,Sim,4,312
4673,33.0,M,6169.0,São Paulo,cafe,Sim,6,540
4674,37.0,F,5737.0,Rio,cafe,Sim,4,292
4675,36.0,M,4842.0,Curitiba,oleo,Não,9,630
4676,36.0,F,2463.0,Curitiba,arroz,Não,3,156
4677,28.0,,6348.0,Rio,arroz,Não,5,125
4678,,M,4090.0,Salvador,oleo,Sim,8,432
4679,25.0,M,,Curitiba,oleo,Não,9,657
4680,36.0,F,,Curitiba,arroz,Não,7,217
4681,39.0,M,5888.0,Rio,oleo,Não,5,360
4682,19.0,F,1734.0,São Paulo,,Sim,6,132
4683,20.0,M,5696.0,Curitiba,cafe,Não,8,688
4684,50.0,F,6549.0,Curitiba,oleo,Sim,5,140
4685,,M,3356.0,Curitiba,feijao,Sim,7,462
4686,57.0,F,5032.0,Salvador,acucar,Sim,4,292
4687,63.0,M,2477.0,Salvador,acucar,Não,3,267
4688,62.0,F,2687.0,São Paulo,oleo,Sim,9,657
4689,54.0,M,3455.0,Belo Horizonte,acucar,Sim,2,76
4690,58.0,M,1793.0,Curitiba,feijao,Não,7,700
4691,36.0,M,,Belo Horizonte,feijao,Sim,2,146
4692,,,,São Paulo,arroz,Não,4,400
4693,26.0,M,6316.0,São Paulo,cafe,Não,3,291
4694,28.0,F,,Curitiba,feijao,Sim,9,540
4695,40.0,F,5238.0,Belo Horizonte,acucar,Sim,4,164
4696,37.0,M,4300.0,Belo Horizonte,cafe,Não,8,624
4697,34.0,F,4311.0,Curitiba,oleo,Sim,8,464
4698,24.0,M,6807.0,Belo Horizonte,cafe,Sim,1,30
4699,23.0,F,7483.0,São Paulo,acucar,Não,2,50
4700,35.0,F,7765.0,Belo Horizonte,cafe,Não,10,630
4701,42.0,M,4837.0,São Paulo,arroz,Não,1,81
4702,52.0,M,5233.0,São Paulo,cafe,Sim,1,25
4703,56.0,F,6405.0,Belo Horizonte,feijao,Não,2,44
4704,29.0,F,4579.0,São Paulo,feijao,Não,2,100
4705,45.0,F,1274.0,São Paulo,oleo,Sim,1,38
4706,65.0,M,5593.0,Belo Horizonte,arroz,Não,6,396
4707,55.0,F,4117.0,Rio,feijao,Sim,2,146
4708,43.0,M,4669.0,Curitiba,cafe,Não,7,308
4709,30.0,M,4505.0,Belo Horizonte,acucar,Sim,9,621
4710,41.0,M,4733.0,Salvador,oleo,Não,5,160
4711,61.0,F,7712.0,Salvador,arroz,Sim,1,26
4712,,F,2374.0,Belo Horizonte,feijao,Sim,9,864
4713,37.0,F,6633.0,Salvador,feijao,Não,1,33
4714,25.0,F,7555.0,Curitiba,feijao,Não,2,134
4715,36.0,M,,Rio,oleo,Sim,2,94
4716,,F,4068.0,Belo Horizonte,acucar,Não,6,378
4717,20.0,F,,Rio,arroz,Não,7,623
4718,29.0,M,4331.0,Curitiba,cafe,Não,1,76
4719,41.0,F,3355.0,Curitiba,arroz,Sim,1,31
4720,18.0,F,4872.0,Rio,oleo,Sim,8,344
4721,48.0,,1567.0,Salvador,arroz,Não,8,328
4722,44.0,F,3120.0,São Paulo,cafe,Não,6,240
4723,43.0,F,6512.0,São Paulo,oleo,Não,8,632
4724,52.0,,,Rio,oleo,Sim,9,414
4725,30.0,M,6402.0,Curitiba,cafe,Sim,8,288
4726,35.0,F,5972.0,Belo Horizonte,acucar,Sim,3,273
4727,55.0,F,6512.0,Belo Horizonte,acucar,Sim,6,576
4728,54.0,F,,Curitiba,,Sim,6,378
4729,46.0,M,5100.0,Salvador,,Sim,2,160
4730,48.0,F,7181.0,Salvador,acucar,Sim,5,250
4731,61.0,M,3298.0,São Paulo,oleo,Sim,2,58
4732,22.0,F,2921.0,Rio,oleo,Sim,9,324
4733,33.0,M,5838.0,Curitiba,arroz,Sim,2,80
4734,,M,7762.0,São Paulo,feijao,Sim,2,138
4735,36.0,M,3557.0,Rio,cafe,Sim,5,435
4736,60.0,F,4492.0,Salvador,feijao,Sim,5,310
4737,63.0,M,4834.0,Rio,,Sim,6,372
4738,45.0,F,2800.0,Salvador,oleo,Sim,10,420
4739,36.0,M,6161.0,São Paulo,arroz,Sim,2,64
4740,19.0,M,5605.0,Curitiba,cafe,Sim,1,84
4741,53.0,M,7507.0,São Paulo,feijao,Sim,8,696
4742,58.0,M,3043.0,Belo Horizonte,cafe,Não,3,189
4743,49.0,M,,São Paulo,,Sim,2,172
4744,33.0,,7840.0,Rio,acucar,Sim,2,102
4745,29.0,M,2248.0,Belo Horizonte,oleo,Sim,5,135
4746,39.0,,2395.0,Rio,arroz,Sim,4,248
4747,22.0,F,2977.0,Salvador,,Sim,5,155
4748,51.0,,3182.0,Curitiba,arroz,Não,2,192
4749,18.0,F,3934.0,São Paulo,feijao,Não,1,77
4750,48.0,F,3188.0,Rio,feijao,Não,10,1000
4751,25.0,M,5788.0,São Paulo,oleo,Sim,5,310
4752,39.0,F,,Rio,acucar,Não,10,340
4753,52.0,M,,Rio,arroz,Sim,2,126
4754,37.0,F,5199.0,Rio,feijao,Sim,8,296
4755,19.0,F,6341.0,Salvador,acucar,Não,1,55
4756,43.0,F,7884.0,Rio,feijao,Não,5,220
4757,,M,6721.0,Salvador,cafe,Sim,10,610
4758,18.0,M,7595.0,Rio,acucar,Sim,7,672
4759,60.0,M,5285.0,Rio,arroz,Sim,3,162
4760,54.0,F,5304.0,São Paulo,feijao,Sim,5,185
4761,47.0,,4288.0,São Paulo,feijao,Sim,3,186
4762,20.0,F,5298.0,São Paulo,oleo,Não,10,490
4763,38.0,,1978.0,Curitiba,oleo,Sim,2,40
4764,,M,7066.0,Belo Horizonte,acucar,Sim,1,35
4765,46.0,F,7908.0,São Paulo,arroz,Sim,5,260
4766,57.0,M,2736.0,São Paulo,oleo,Não,7,399
4767,26.0,F,2315.0,Belo Horizonte,arroz,Não,4,308
4768,50.0,F,1524.0,São Paulo,,Sim,2,144
4769,35.0,M,6200.0,Salvador,cafe,Não,2,130
4770,,M,,Curitiba,,Não,8,336
4771,38.0,F,5340.0,Salvador,acucar,Sim,8,800
4772,50.0,F,3927.0,Rio,arroz,Não,2,142
4773,45.0,F,2516.0,Rio,oleo,Não,7,294
4774,55.0,F,7018.0,Rio,arroz,Sim,7,224
4775,43.0,M,1964.0,Salvador,cafe,Não,3,192
4776,29.0,M,7429.0,Salvador,oleo,Sim,8,536
4777,59.0,F,2488.0,Salvador,feijao,Sim,7,700
4778,44.0,M,4805.0,Salvador,oleo,Sim,6,558
4779,63.0,F,3050.0,São Paulo,,Sim,4,284
4780,53.0,F,2202.0,Salvador,cafe,Não,5,190
4781,64.0,M,6102.0,Rio,arroz,Sim,3,138
4782,22.0,M,7592.0,Belo Horizonte,feijao,Não,1,24
4783,54.0,M,1521.0,Rio,feijao,Sim,8,688
4784,54.0,F,7167.0,Salvador,acucar,Não,4,260
4785,31.0,M,3756.0,Curitiba,oleo,Sim,1,36
4786,44.0,M,7427.0,Curitiba,cafe,Sim,5,155
4787,63.0,F,1363.0,Rio,arroz,Não,5,230
4788,63.0,M,6773.0,Rio,oleo,Não,8,280
4789,33.0,F,3540.0,Curitiba,arroz,Sim,3,117
4790,47.0,F,,São Paulo,arroz,Não,10,680
4791,24.0,M,4714.0,Belo Horizonte,oleo,Sim,5,135
4792,42.0,M,5308.0,Belo Horizonte,acucar,Não,6,324
4793,39.0,M,2627.0,Salvador,acucar,Sim,4,92
4794,,,4293.0,Belo Horizonte,acucar,Sim,2,164
4795,34.0,F,2468.0,Rio,cafe,Sim,10,200
4796,33.0,F,3371.0,São Paulo,feijao,Sim,4,180
4797,57.0,F,7848.0,São Paulo,arroz,Não,5,250
4798,61.0,F,3048.0,Rio,feijao,Não,10,240
4799,28.0,M,1945.0,Belo Horizonte,,Sim,10,510
4800,,F,7787.0,Curitiba,oleo,Sim,4,340
4801,,,2008.0,Salvador,arroz,Sim,1,97
4802,54.0,F,3627.0,Curitiba,feijao,Não,3,72
4803,35.0,F,4134.0,Curitiba,arroz,Sim,6,210
4804,56.0,M,7552.0,Belo Horizonte,oleo,Sim,9,900
4805,25.0,M,3612.0,Salvador,arroz,Sim,3,285
4806,25.0,M,6776.0,Belo Horizonte,feijao,Não,3,165
4807,64.0,F,7593.0,São Paulo,oleo,Não,5,300
4808,45.0,M,6415.0,Curitiba,arroz,Sim,3,297
4809,62.0,M,6869.0,Rio,feijao,Sim,8,200
4810,63.0,F,7818.0,São Paulo,feijao,Sim,4,356
4811,40.0,,6586.0,São Paulo,feijao,Não,2,42
4812,41.0,F,,Salvador,cafe,Não,4,368
4813,40.0,M,7646.0,São Paulo,acucar,Sim,6,270
4814,28.0,F,5717.0,Rio,oleo,Não,2,72
4815,40.0,M,5670.0,São Paulo,,Não,1,67
4816,26.0,M,,Curitiba,arroz,Sim,3,192
4817,64.0,F,6596.0,Salvador,oleo,Não,3,270
4818,,M,4814.0,São Paulo,acucar,Sim,3,180
4819,26.0,M,5165.0,São Paulo,oleo,Não,9,558
4820,49.0,F,4989.0,São Paulo,,Não,1,46
4821,56.0,F,4255.0,Belo Horizonte,cafe,Sim,2,152
4822,40.0,M,5509.0,Curitiba,arroz,Não,3,159
4823,,M,6370.0,Curitiba,arroz,Não,8,728
4824,53.0,F,1726.0,Rio,acucar,Não,8,776
4825,37.0,M,,Curitiba,arroz,Não,5,380
4826,63.0,F,7139.0,Salvador,feijao,Não,8,656
4827,32.0,F,,Belo Horizonte,acucar,Sim,9,207
4828,27.0,F,,Belo Horizonte,acucar,Sim,5,490
4829,36.0,F,7639.0,Rio,cafe,Sim,8,360
4830,43.0,M,4169.0,Curitiba,arroz,Não,9,225
4831,27.0,M,5304.0,Curitiba,cafe,Sim,1,92
4832,60.0,F,7521.0,Rio,feijao,Sim,8,256
4833,20.0,M,7008.0,São Paulo,acucar,Não,9,207
4834,47.0,M,1461.0,Belo Horizonte,acucar,Não,1,70
4835,36.0,M,1810.0,Curitiba,oleo,Sim,10,550
4836,45.0,M,1572.0,Salvador,oleo,Não,10,930
4837,45.0,,7657.0,Belo Horizonte,oleo,Sim,6,462
4838,37.0,F,4859.0,Curitiba,,Sim,1,81
4839,33.0,M,4357.0,Salvador,acucar,Não,6,288
4840,27.0,M,1771.0,São Paulo,oleo,Não,4,160
4841,,M,7912.0,Curitiba,oleo,Sim,9,828
4842,33.0,F,7043.0,Curitiba,acucar,Sim,8,632
4843,,F,,Rio,acucar,Sim,9,189
4844,51.0,M,3318.0,Rio,arroz,Sim,8,576
4845,46.0,M,6669.0,Curitiba,arroz,Sim,1,77
4846,40.0,,7115.0,Curitiba,acucar,Sim,10,670
4847,50.0,M,3354.0,Salvador,cafe,Sim,2,46
4848,44.0,,7775.0,Curitiba,,Não,10,540
4849,57.0,F,2605.0,Rio,arroz,Não,4,164
4850,,M,4268.0,Belo Horizonte,oleo,Não,5,180
4851,42.0,M,7148.0,Rio,arroz,Sim,3,108
4852,61.0,F,7805.0,Belo Horizonte,feijao,Sim,9,495
4853,36.0,,7231.0,São Paulo,arroz,Sim,6,240
4854,23.0,F,6546.0,Belo Horizonte,cafe,Sim,7,609
4855,51.0,M,5593.0,Curitiba,acucar,Sim,10,400
4856,64.0,F,1637.0,Belo Horizonte,cafe,Sim,6,414
4857,65.0,F,7924.0,Salvador,arroz,Sim,1,64
4858,,M,6365.0,Rio,feijao,Sim,6,486
4859,19.0,M,2291.0,Curitiba,oleo,Sim,4,260
4860,40.0,M,4915.0,São Paulo,,Sim,1,57
4861,19.0,F,1281.0,Curitiba,arroz,Não,4,392
4862,24.0,M,3191.0,Curitiba,,Sim,6,396
4863,32.0,M,6830.0,Belo Horizonte,acucar,Sim,3,180
4864,25.0,F,5954.0,São Paulo,cafe,Sim,4,176
4865,42.0,F,3146.0,Rio,acucar,Sim,7,294
4866,61.0,M,6833.0,Salvador,arroz,Sim,9,630
4867,18.0,F,3799.0,Salvador,cafe,Sim,2,94
4868,,M,5619.0,Rio,acucar,Sim,2,142
4869,35.0,M,4071.0,Salvador,feijao,Não,2,40
4870,50.0,M,,Rio,oleo,Sim,1,80
4871,19.0,M,1577.0,Salvador,feijao,Sim,9,594
4872,44.0,F,2417.0,Curitiba,arroz,Sim,8,208
4873,55.0,F,4704.0,São Paulo,acucar,Não,2,48
4874,65.0,F,5009.0,Belo Horizonte,oleo,Sim,1,33
4875,43.0,M,6554.0,São Paulo,oleo,Sim,7,231
4876,47.0,F,5990.0,Salvador,arroz,Sim,1,49
4877,47.0,M,5330.0,Rio,feijao,Sim,6,462
4878,46.0,M,7487.0,Curitiba,cafe,Sim,1,55
4879,25.0,M,1999.0,Curitiba,feijao,Não,7,693
4880,,M,,Rio,cafe,Sim,1,54
4881,18.0,M,6581.0,Salvador,acucar,Sim,9,900
4882,19.0,F,5075.0,São Paulo,,Não,8,392
4883,39.0,M,,Salvador,arroz,Sim,3,102
4884,50.0,M,5894.0,Salvador,acucar,Não,1,32
4885,29.0,F,3305.0,Salvador,arroz,Sim,8,352
4886,34.0,F,4791.0,São Paulo,cafe,Sim,7,434
4887,55.0,M,7562.0,São Paulo,oleo,Não,9,333
4888,58.0,M,5176.0,Rio,oleo,Sim,10,340
4889,19.0,F,,Salvador,,Sim,7,658
4890,29.0,F,5365.0,São Paulo,,Sim,3,207
4891,60.0,M,4140.0,Rio,arroz,Sim,8,464
4892,35.0,F,6855.0,São Paulo,feijao,Não,3,261
4893,51.0,M,2890.0,Rio,,Sim,1,87
4894,21.0,,,Salvador,oleo,Não,3,159
4895,39.0,M,4805.0,Curitiba,acucar,Sim,7,651
4896,51.0,M,,Salvador,,Sim,10,510
4897,29.0,M,5180.0,São Paulo,arroz,Sim,4,96
4898,59.0,M,3814.0,Belo Horizonte,feijao,Não,7,651
4899,,M,5027.0,Salvador,acucar,Sim,7,210
4900,33.0,F,2481.0,São Paulo,arroz,Não,4,204
4901,,M,6553.0,Belo Horizonte,oleo,Não,5,230
4902,33.0,F,5548.0,Belo Horizonte,arroz,Sim,6,210
4903,,F,2106.0,Belo Horizonte,feijao,Não,7,161
4904,56.0,M,,Rio,oleo,Sim,10,700
4905,56.0,F,4909.0,São Paulo,cafe,Não,8,616
4906,27.0,M,2908.0,São Paulo,,Sim,7,672
4907,54.0,F,5303.0,Belo Horizonte,arroz,Não,2,88
4908,,F,3616.0,Belo Horizonte,oleo,Sim,10,470
4909,52.0,M,3084.0,São Paulo,cafe,Sim,10,960
4910,18.0,F,,São Paulo,acucar,Não,2,188
4911,,M,7415.0,Curitiba,acucar,Não,5,475
4912,31.0,F,5134.0,Rio,cafe,Não,10,850
4913,,M,4715.0,Curitiba,feijao,Sim,10,760
4914,28.0,M,3427.0,Rio,oleo,Não,10,600
4915,35.0,F,1925.0,Rio,arroz,Sim,9,405
4916,21.0,M,3806.0,Curitiba,arroz,Sim,6,186
4917,56.0,M,2845.0,Curitiba,arroz,Sim,3,213
4918,53.0,F,3569.0,Belo Horizonte,feijao,Sim,10,930
4919,57.0,M,6012.0,São Paulo,cafe,Não,10,530
4920,58.0,F,4206.0,Curitiba,arroz,Sim,4,372
4921,58.0,F,5074.0,São Paulo,oleo,Sim,9,441
4922,20.0,,4421.0,Salvador,feijao,Sim,4,380
4923,35.0,,1206.0,São Paulo,feijao,Não,8,744
4924,28.0,F,3813.0,Curitiba,acucar,Não,10,570
4925,65.0,F,2018.0,São Paulo,feijao,Não,8,736
4926,53.0,M,5160.0,Belo Horizonte,oleo,Sim,6,276
4927,52.0,M,,São Paulo,arroz,Sim,5,180
4928,55.0,M,1265.0,Rio,arroz,Sim,4,80
4929,43.0,M,1651.0,Curitiba,,Não,10,310
4930,38.0,F,7690.0,Rio,oleo,Sim,4,368
4931,45.0,M,6678.0,Belo Horizonte,feijao,Sim,4,328
4932,59.0,F,6383.0,Belo Horizonte,acucar,Sim,6,414
4933,18.0,F,3475.0,Salvador,,Sim,9,495
4934,55.0,M,2742.0,Curitiba,cafe,Sim,9,540
4935,,F,3867.0,Curitiba,oleo,Não,4,312
4936,27.0,,4210.0,Rio,acucar,Sim,2,168
4937,,M,2526.0,São Paulo,feijao,Sim,10,240
4938,40.0,F,2078.0,Belo Horizonte,arroz,Não,1,98
4939,25.0,F,6693.0,Salvador,arroz,Sim,5,335
4940,58.0,,4502.0,Belo Horizonte,feijao,Sim,9,666
4941,64.0,F,5289.0,Belo Horizonte,cafe,Sim,5,360
4942,43.0,M,3718.0,Salvador,acucar,Sim,3,207
4943,28.0,F,3483.0,São Paulo,,Sim,5,160
4944,65.0,M,7266.0,Salvador,acucar,Sim,3,99
4945,51.0,M,4527.0,Belo Horizonte,,Não,4,380
4946,60.0,M,1535.0,Curitiba,arroz,Sim,6,456
4947,26.0,M,6901.0,São Paulo,acucar,Sim,9,216
4948,,M,7582.0,Salvador,arroz,Sim,3,123
4949,51.0,F,6165.0,Curitiba,arroz,Sim,10,570
4950,52.0,F,2713.0,Salvador,arroz,Sim,3,87
4951,29.0,M,3047.0,Rio,arroz,Não,10,200
4952,54.0,F,5416.0,Salvador,arroz,Não,5,305
4953,18.0,F,1205.0,São Paulo,arroz,Não,7,378
4954,47.0,F,4343.0,Curitiba,feijao,Sim,1,21
4955,,F,,Belo Horizonte,acucar,Sim,2,98
4956,32.0,M,7303.0,São Paulo,arroz,Sim,2,76
4957,51.0,F,2933.0,Rio,cafe,Não,3,198
4958,25.0,M,3703.0,São Paulo,,Sim,5,120
4959,65.0,F,7388.0,Curitiba,,Não,8,616
4960,43.0,,1302.0,Belo Horizonte,cafe,Não,6,534
4961,18.0,M,3108.0,Salvador,arroz,Não,4,284
4962,,M,3201.0,Rio,feijao,Não,8,480
4963,53.0,F,3862.0,Curitiba,,Sim,6,522
4964,30.0,F,5840.0,São Paulo,cafe,Sim,4,244
4965,51.0,F,2772.0,Rio,oleo,Sim,6,210
4966,,F,5166.0,Rio,,Sim,2,194
4967,57.0,F,6729.0,Salvador,acucar,Não,4,292
4968,39.0,F,,São Paulo,,Não,5,375
4969,42.0,,6601.0,Belo Horizonte,,Sim,9,720
4970,52.0,F,4643.0,São Paulo,oleo,Sim,2,116
4971,62.0,F,,Rio,feijao,Não,9,756
4972,38.0,M,4954.0,Salvador,oleo,Sim,4,216
4973,31.0,M,7335.0,Belo Horizonte,oleo,Sim,2,196
4974,20.0,F,4041.0,Rio,feijao,Não,10,680
4975,19.0,M,6248.0,Belo Horizonte,cafe,Não,1,77
4976,,F,6143.0,Rio,acucar,Sim,4,252
4977,37.0,,5836.0,Salvador,acucar,Sim,1,72
4978,27.0,M,2098.0,Rio,arroz,Sim,9,729
4979,40.0,F,5436.0,Salvador,feijao,Não,4,260
4980,35.0,F,7317.0,Curitiba,oleo,Sim,8,264
4981,24.0,M,7783.0,Curitiba,arroz,Sim,10,640
4982,48.0,M,2985.0,Curitiba,acucar,Não,4,400
4983,32.0,M,3942.0,Curitiba,acucar,Não,5,445
4984,65.0,M,5924.0,Curitiba,acucar,Sim,8,792
4985,20.0,F,5880.0,Curitiba,acucar,Sim,3,210
4986,27.0,F,1924.0,São Paulo,acucar,Não,5,330
4987,52.0,M,2496.0,São Paulo,arroz,Sim,6,408
4988,34.0,,1926.0,Salvador,cafe,Não,6,492
4989,42.0,F,6313.0,Salvador,,Sim,6,582
4990,45.0,,6266.0,Rio,cafe,Não,4,380
4991,53.0,F,7396.0,Salvador,cafe,Sim,1,36
4992,51.0,,2640.0,Belo Horizonte,feijao,Não,4,284
4993,58.0,M,5552.0,Rio,arroz,Não,2,66
4994,45.0,F,5684.0,Belo Horizonte,cafe,Sim,2,104
4995,65.0,M,7156.0,Salvador,oleo,Sim,3,192
4996,,M,7197.0,Salvador,acucar,Não,9,765
4997,37.0,F,,Belo Horizonte,feijao,Não,3,225
4998,53.0,M,2573.0,Curitiba,acucar,Sim,7,322
4999,26.0,,1560.0,Belo Horizonte,oleo,Sim,8,536
5000,20.0,M,,Rio,oleo,Sim,7,679
5001,,M,2663.0,Curitiba,arroz,Sim,6,174
5002,59.0,,6717.0,Rio,cafe,Sim,7,336
5003,24.0,F,4590.0,São Paulo,feijao,Não,8,576
5004,64.0,F,,Rio,arroz,Sim,9,531
5005,54.0,M,4941.0,Curitiba,cafe,Sim,3,141
5006,50.0,F,6493.0,Belo Horizonte,arroz,Não,9,531
5007,50.0,M,4209.0,Rio,feijao,Sim,7,686
5008,28.0,M,4365.0,Curitiba,oleo,Não,7,483
5009,33.0,F,1725.0,Curitiba,arroz,Sim,2,100
5010,55.0,,7124.0,São Paulo,oleo,Sim,4,136
5011,,M,,Curitiba,arroz,Sim,4,284
5012,65.0,F,1871.0,São Paulo,acucar,Sim,10,890
5013,64.0,F,1361.0,Curitiba,oleo,Não,10,690
5014,42.0,M,3404.0,Salvador,cafe,Não,7,686
5015,21.0,F,6048.0,Salvador,arroz,Não,6,282
5016,50.0,M,2763.0,Belo Horizonte,acucar,Sim,5,490
5017,34.0,M,7319.0,Rio,oleo,Sim,5,135
5018,27.0,F,4116.0,Curitiba,oleo,Sim,6,282
5019,46.0,M,1510.0,Belo Horizonte,oleo,Sim,5,490
5020,31.0,F,3470.0,Belo Horizonte,acucar,Não,5,475
5021,30.0,M,,Salvador,cafe,Não,5,380
5022,,M,3976.0,Belo Horizonte,acucar,Sim,6,432
5023,58.0,M,7000.0,Curitiba,oleo,Não,10,920
5024,38.0,F,7117.0,Salvador,cafe,Não,9,621
5025,25.0,M,3067.0,Salvador,,Sim,4,140
5026,55.0,M,,São Paulo,arroz,Não,2,126
5027,25.0,F,3934.0,Belo Horizonte,cafe,Não,3,279
5028,30.0,F,7190.0,São Paulo,feijao,Sim,2,42
5029,34.0,M,1421.0,São Paulo,,Sim,2,90
5030,63.0,M,1406.0,Rio,feijao,Não,4,96
5031,39.0,M,3544.0,Rio,oleo,Sim,1,31
5032,59.0,F,1212.0,Belo Horizonte,oleo,Sim,3,180
5033,,F,4126.0,Belo Horizonte,arroz,Não,7,588
5034,38.0,M,7944.0,São Paulo,,Sim,6,594
5035,50.0,M,7082.0,Salvador,oleo,Sim,9,567
5036,25.0,M,5926.0,Belo Horizonte,acucar,Não,4,216
5037,20.0,F,3789.0,Salvador,acucar,Não,2,158
5038,23.0,F,1496.0,São Paulo,cafe,Não,3,279
5039,59.0,F,6985.0,Salvador,acucar,Sim,3,207
5040,30.0,F,2223.0,Belo Horizonte,arroz,Sim,10,920
5041,41.0,M,,Salvador,feijao,Sim,1,23
5042,54.0,,4919.0,Salvador,feijao,Não,6,600
5043,51.0,F,7353.0,Belo Horizonte,acucar,Não,3,240
5044,52.0,F,6943.0,São Paulo,arroz,Não,2,188
5045,56.0,F,2000.0,Belo Horizonte,acucar,Não,5,220
5046,18.0,M,1783.0,São Paulo,arroz,Sim,2,110
5047,32.0,F,2414.0,Salvador,cafe,Não,5,120
5048,29.0,F,7585.0,Rio,cafe,Sim,8,472
5049,45.0,M,2221.0,Curitiba,oleo,Não,3,207
5050,41.0,F,2511.0,Salvador,feijao,Sim,5,290
5051,21.0,M,,Curitiba,acucar,Não,9,702
5052,47.0,M,6905.0,São Paulo,acucar,Sim,10,660
5053,,F,2015.0,São Paulo,feijao,Não,6,366
5054,47.0,M,7433.0,Rio,,Sim,9,360
5055,,M,,São Paulo,acucar,Sim,1,82
5056,42.0,F,2259.0,Salvador,acucar,Sim,2,84
5057,18.0,F,,Belo Horizonte,oleo,Sim,3,174
5058,34.0,M,4244.0,Belo Horizonte,,Sim,2,88
5059,48.0,M,,Rio,cafe,Sim,7,511
5060,59.0,,1702.0,Belo Horizonte,feijao,Sim,1,63
5061,53.0,F,3968.0,Salvador,oleo,Sim,6,522
5062,29.0,,4647.0,Rio,acucar,Sim,5,310
5063,,M,2871.0,Belo Horizonte,,Não,2,178
5064,50.0,F,7760.0,Belo Horizonte,feijao,Não,10,630
5065,53.0,M,4335.0,Salvador,feijao,Não,4,240
5066,29.0,M,6780.0,Rio,arroz,Sim,6,300
5067,50.0,M,1541.0,Rio,oleo,Não,6,600
5068,43.0,M,3310.0,Curitiba,oleo,Sim,2,146
5069,36.0,F,3921.0,Rio,arroz,Não,6,120
5070,26.0,,6395.0,Curitiba,arroz,Sim,5,165
5071,60.0,M,6849.0,Rio,feijao,Não,4,372
5072,29.0,M,1578.0,São Paulo,,Sim,9,810
5073,22.0,M,,Belo Horizonte,oleo,Não,6,294
5074,45.0,F,7545.0,São Paulo,acucar,Não,9,351
5075,28.0,F,,Curitiba,,Não,5,205
5076,29.0,M,2044.0,Curitiba,arroz,Não,1,30
5077,28.0,M,2626.0,Curitiba,cafe,Não,9,180
5078,22.0,,2835.0,São Paulo,feijao,Sim,1,53
5079,63.0,M,4168.0,Salvador,oleo,Não,5,435
5080,57.0,,4748.0,Rio,feijao,Não,4,272
5081,28.0,M,5044.0,São Paulo,cafe,Sim,1,60
5082,25.0,M,6647.0,São Paulo,feijao,Sim,2,114
5083,23.0,F,2471.0,Curitiba,acucar,Não,9,315
5084,60.0,M,2069.0,Rio,,Sim,3,198
5085,,F,2872.0,Curitiba,,Sim,9,882
5086,58.0,F,6628.0,Rio,feijao,Sim,2,148
5087,28.0,F,5380.0,Belo Horizonte,acucar,Não,3,246
5088,23.0,F,,Belo Horizonte,arroz,Não,3,183
5089,21.0,,,São Paulo,arroz,Sim,1,91
5090,28.0,F,2641.0,Salvador,oleo,Sim,8,272
5091,31.0,M,7666.0,Belo Horizonte,arroz,Não,1,99
5092,59.0,F,7579.0,Belo Horizonte,feijao,Sim,4,324
5093,48.0,F,3230.0,São Paulo,cafe,Sim,1,45
5094,45.0,M,5855.0,Salvador,arroz,Não,6,438
5095,30.0,F,5890.0,São Paulo,feijao,Não,10,720
5096,61.0,F,7649.0,Rio,arroz,Sim,5,300
5097,20.0,M,5801.0,Belo Horizonte,cafe,Não,8,712
5098,49.0,M,6788.0,Belo Horizonte,arroz,Sim,3,219
5099,,M,7829.0,Curitiba,,Sim,9,216
5100,31.0,M,5397.0,Rio,cafe,Não,8,440
5101,23.0,F,7998.0,Salvador,acucar,Não,9,738
5102,55.0,M,3682.0,Salvador,feijao,Sim,2,102
5103,50.0,M,6123.0,Curitiba,,Sim,8,704
5104,43.0,F,5884.0,Salvador,,Sim,1,21
5105,27.0,F,7588.0,Belo Horizonte,cafe,Sim,2,102
5106,,,5751.0,Salvador,oleo,Não,5,160
5107,65.0,F,,Rio,,Sim,5,450
5108,24.0,F,,Salvador,feijao,Sim,6,432
5109,46.0,F,2488.0,Rio,,Sim,10,270
5110,21.0,M,5950.0,Belo Horizonte,arroz,Não,4,384
5111,56.0,M,1801.0,Rio,,Sim,10,880
5112,43.0,F,6964.0,Belo Horizonte,oleo,Sim,6,234
5113,31.0,F,4547.0,Curitiba,arroz,Não,1,26
5114,47.0,M,5321.0,Belo Horizonte,oleo,Não,8,376
5115,28.0,F,1395.0,Salvador,cafe,Não,8,800
5116,65.0,,6248.0,São Paulo,oleo,Não,2,78
5117,,F,4559.0,São Paulo,oleo,Não,7,637
5118,59.0,M,,Belo Horizonte,feijao,Sim,2,114
5119,24.0,F,3887.0,Rio,feijao,Não,4,264
5120,37.0,M,7512.0,Curitiba,acucar,Sim,6,132
5121,24.0,M,5371.0,Curitiba,arroz,Sim,5,235
5122,24.0,F,4146.0,Curitiba,,Sim,10,930
5123,54.0,M,6977.0,Rio,,Sim,6,510
5124,59.0,,2545.0,Belo Horizonte,arroz,Sim,2,182
5125,39.0,F,5309.0,Curitiba,arroz,Não,9,432
5126,,F,4116.0,São Paulo,cafe,Não,5,100
5127,49.0,M,2701.0,Salvador,acucar,Sim,10,370
5128,51.0,F,1714.0,São Paulo,arroz,Sim,6,156
5129,22.0,F,6770.0,Salvador,arroz,Sim,9,297
5130,18.0,M,7651.0,Belo Horizonte,feijao,Sim,2,78
5131,46.0,,6435.0,Belo Horizonte,cafe,Sim,4,360
5132,46.0,F,,Rio,,Sim,5,450
5133,63.0,F,2816.0,São Paulo,arroz,Não,7,483
5134,23.0,M,7184.0,Belo Horizonte,cafe,Não,3,81
5135,50.0,M,7143.0,São Paulo,feijao,Sim,9,558
5136,58.0,M,2782.0,Rio,,Não,7,217
5137,48.0,F,5888.0,São Paulo,cafe,Não,6,246
5138,58.0,M,5887.0,Belo Horizonte,feijao,Não,5,400
5139,28.0,F,3984.0,São Paulo,arroz,Não,3,198
5140,20.0,F,,Curitiba,acucar,Não,2,110
5141,,F,4818.0,São Paulo,arroz,Não,4,264
5142,49.0,F,6082.0,Rio,arroz,Não,4,272
5143,,F,3071.0,Salvador,feijao,Sim,10,210
5144,,F,6048.0,Rio,oleo,Sim,9,423
5145,34.0,M,5948.0,São Paulo,cafe,Não,9,288
5146,61.0,,1491.0,Curitiba,cafe,Sim,7,693
5147,57.0,F,3968.0,Curitiba,oleo,Sim,2,114
5148,40.0,F,2765.0,Salvador,arroz,Não,10,770
5149,62.0,F,1741.0,Curitiba,cafe,Sim,3,93
5150,,M,5448.0,São Paulo,,Sim,7,679
5151,21.0,F,3019.0,Rio,acucar,Não,5,360
5152,58.0,M,5748.0,São Paulo,,Não,4,332
5153,54.0,F,1855.0,Belo Horizonte,acucar,Não,3,186
5154,33.0,M,1935.0,São Paulo,oleo,Não,7,609
5155,61.0,F,2183.0,São Paulo,cafe,Sim,1,100
5156,41.0,M,2837.0,Rio,arroz,Não,6,246
5157,32.0,,5535.0,Curitiba,acucar,Não,3,150
5158,18.0,F,1760.0,Belo Horizonte,arroz,Não,5,485
5159,41.0,M,1756.0,Curitiba,feijao,Sim,10,250
5160,20.0,F,4751.0,São Paulo,arroz,Não,6,204
5161,,M,3504.0,Curitiba,cafe,Sim,7,469
5162,59.0,F,,Rio,acucar,Não,5,215
5163,19.0,,2313.0,Belo Horizonte,,Não,3,75
5164,33.0,M,4998.0,Salvador,acucar,Não,10,980
5165,,F,,Rio,arroz,Não,3,180
5166,23.0,M,7227.0,Rio,oleo,Sim,1,98
5167,49.0,M,7478.0,Rio,arroz,Não,8,160
5168,26.0,M,3093.0,Salvador,oleo,Não,6,258
5169,62.0,,2250.0,Rio,arroz,Não,4,136
5170,36.0,F,4063.0,Belo Horizonte,feijao,Não,7,455
5171,23.0,M,5003.0,Curitiba,acucar,Não,7,217
5172,27.0,F,4687.0,Curitiba,oleo,Não,1,43
5173,34.0,M,3805.0,São Paulo,acucar,Sim,1,20
5174,64.0,F,2352.0,Belo Horizonte,arroz,Não,3,294
5175,65.0,,5979.0,Belo Horizonte,arroz,Sim,5,440
5176,39.0,,5221.0,Curitiba,acucar,Sim,6,492
5177,65.0,F,5731.0,Rio,acucar,Sim,1,34
5178,,F,4842.0,Curitiba,feijao,Não,6,126
5179,27.0,F,1485.0,Rio,arroz,Sim,10,220
5180,24.0,M,2793.0,Belo Horizonte,arroz,Não,4,184
5181,30.0,M,3655.0,Salvador,acucar,Sim,4,252
5182,28.0,F,6807.0,Belo Horizonte,oleo,Não,9,324
5183,21.0,F,3794.0,Belo Horizonte,oleo,Sim,1,40
5184,29.0,M,,Salvador,arroz,Não,1,36
5185,54.0,F,6246.0,Curitiba,oleo,Sim,8,504
5186,25.0,F,2553.0,Rio,cafe,Não,8,496
5187,61.0,M,4206.0,Curitiba,oleo,Sim,8,472
5188,53.0,F,,São Paulo,cafe,Sim,3,114
5189,35.0,M,1708.0,Belo Horizonte,feijao,Não,1,73
5190,20.0,M,3146.0,Salvador,oleo,Sim,3,273
5191,30.0,M,5269.0,Curitiba,,Sim,4,124
5192,,M,7853.0,Rio,arroz,Sim,9,783
5193,57.0,M,7585.0,Rio,feijao,Não,6,564
5194,50.0,F,5693.0,Curitiba,oleo,Não,8,424
5195,56.0,F,5742.0,Salvador,cafe,Não,9,522
5196,54.0,F,5581.0,Rio,oleo,Não,1,91
5197,64.0,F,5081.0,Belo Horizonte,acucar,Sim,7,231
5198,56.0,F,,Rio,arroz,Sim,4,204
5199,31.0,F,7846.0,Rio,acucar,Não,8,528
5200,49.0,F,4072.0,Salvador,,Não,8,640
5201,46.0,M,2268.0,Belo Horizonte,arroz,Sim,4,180
5202,27.0,F,6656.0,Salvador,oleo,Sim,9,855
5203,61.0,,7961.0,São Paulo,cafe,Sim,8,224
5204,45.0,F,6572.0,Salvador,feijao,Não,6,306
5205,19.0,,1556.0,Rio,arroz,Não,3,102
5206,,F,7797.0,Curitiba,oleo,Não,2,182
5207,32.0,M,3437.0,Rio,feijao,Não,2,70
5208,63.0,M,5544.0,São Paulo,cafe,Sim,10,750
5209,30.0,M,2313.0,Belo Horizonte,arroz,Não,9,738
5210,54.0,M,3232.0,São Paulo,,Sim,8,264
5211,54.0,M,,São Paulo,arroz,Não,6,288
5212,60.0,M,6734.0,Belo Horizonte,feijao,Sim,10,450
5213,57.0,M,7661.0,Curitiba,feijao,Sim,7,252
5214,25.0,,3308.0,Curitiba,feijao,Sim,6,552
5215,23.0,F,5764.0,Salvador,,Sim,5,220
5216,,F,5901.0,Curitiba,acucar,Sim,1,70
5217,27.0,M,,São Paulo,cafe,Sim,5,125
5218,34.0,F,7976.0,Salvador,oleo,Não,5,365
5219,39.0,F,1826.0,Belo Horizonte,cafe,Sim,7,532
5220,21.0,F,4737.0,Rio,oleo,Sim,4,248
5221,21.0,F,2160.0,Curitiba,arroz,Sim,8,272
5222,31.0,F,6165.0,Rio,,Sim,1,29
5223,48.0,M,3429.0,Salvador,arroz,Não,10,640
5224,20.0,F,5577.0,Rio,acucar,Sim,9,639
5225,63.0,F,6678.0,Belo Horizonte,arroz,Não,2,66
5226,42.0,F,7662.0,Curitiba,arroz,Não,3,72
5227,34.0,F,4402.0,Rio,oleo,Não,5,100
5228,30.0,M,7833.0,São Paulo,arroz,Não,7,532
5229,27.0,F,7670.0,Belo Horizonte,oleo,Sim,2,72
5230,20.0,,1662.0,Belo Horizonte,acucar,Sim,4,296
5231,54.0,M,5767.0,Curitiba,acucar,Não,4,88
5232,,M,3086.0,Rio,arroz,Sim,3,273
5233,59.0,M,2239.0,Salvador,oleo,Não,5,465
5234,48.0,M,6317.0,Rio,oleo,Sim,8,488
5235,40.0,M,3032.0,Rio,feijao,Sim,5,435
5236,40.0,M,5552.0,Belo Horizonte,feijao,Sim,2,122
5237,30.0,F,3382.0,Rio,,Não,8,688
5238,56.0,,3929.0,São Paulo,cafe,Não,4,176
5239,40.0,M,,Salvador,feijao,Não,4,216
5240,41.0,M,4731.0,Curitiba,arroz,Não,10,780
5241,64.0,M,2624.0,Salvador,oleo,Sim,2,190
5242,36.0,M,5626.0,Belo Horizonte,arroz,Sim,1,82
5243,47.0,F,4848.0,Curitiba,,Sim,5,345
5244,56.0,,1660.0,São Paulo,cafe,Sim,2,80
5245,32.0,,2985.0,Salvador,,Não,10,910
5246,,F,5247.0,Belo Horizonte,cafe,Não,5,135
5247,37.0,M,6260.0,Belo Horizonte,oleo,Sim,10,240
5248,31.0,F,3860.0,Curitiba,cafe,Não,2,84
5249,56.0,M,4562.0,Rio,arroz,Sim,10,950
5250,63.0,F,2871.0,Belo Horizonte,arroz,Sim,1,81
5251,46.0,F,2393.0,Rio,oleo,Sim,7,700
5252,59.0,M,7055.0,Salvador,feijao,Sim,1,41
5253,61.0,F,5027.0,Rio,,Não,2,62
5254,,F,7262.0,Curitiba,cafe,Sim,8,304
5255,64.0,F,5524.0,Curitiba,acucar,Sim,9,774
5256,21.0,M,4225.0,Belo Horizonte,acucar,Não,7,574
5257,35.0,F,5454.0,Belo Horizonte,oleo,Não,3,225
5258,36.0,M,,Rio,arroz,Sim,8,360
5259,64.0,F,5119.0,Rio,acucar,Não,8,248
5260,65.0,F,7387.0,Salvador,cafe,Sim,4,232
5261,59.0,M,3739.0,Curitiba,oleo,Sim,10,520
5262,53.0,M,6043.0,Salvador,arroz,Sim,3,180
5263,19.0,M,3915.0,Curitiba,acucar,Sim,1,90
5264,24.0,F,6532.0,Salvador,arroz,Sim,9,792
5265,,M,6527.0,Belo Horizonte,acucar,Não,6,282
5266,65.0,M,2275.0,São Paulo,arroz,Sim,6,210
5267,36.0,F,1856.0,Belo Horizonte,acucar,Sim,10,910
5268,34.0,F,1885.0,São Paulo,,Sim,7,238
5269,52.0,M,7247.0,Curitiba,acucar,Não,8,288
5270,46.0,M,1643.0,São Paulo,arroz,Sim,4,80
5271,39.0,M,7648.0,Rio,feijao,Não,9,585
5272,51.0,M,1897.0,São Paulo,oleo,Não,5,360
5273,54.0,M,6718.0,São Paulo,acucar,Sim,5,265
5274,55.0,F,,São Paulo,acucar,Sim,8,704
5275,64.0,M,7812.0,São Paulo,arroz,Sim,10,530
5276,18.0,F,3791.0,Salvador,feijao,Sim,4,376
5277,48.0,M,3030.0,Curitiba,feijao,Sim,9,783
5278,25.0,M,3314.0,São Paulo,oleo,Sim,10,880
5279,61.0,M,,São Paulo,feijao,Não,8,512
5280,18.0,M,5381.0,Rio,acucar,Sim,6,378
5281,,,2046.0,São Paulo,arroz,Sim,10,770
5282,59.0,F,,Belo Horizonte,cafe,Sim,2,94
5283,34.0,F,4976.0,Curitiba,cafe,Não,5,160
5284,59.0,F,7574.0,Belo Horizonte,cafe,Sim,6,378
5285,,F,7541.0,São Paulo,cafe,Sim,1,67
5286,39.0,,1553.0,Salvador,,Sim,6,186
5287,64.0,F,5153.0,Curitiba,arroz,Não,8,688
5288,60.0,M,2659.0,Rio,,Não,10,290
5289,21.0,,6706.0,São Paulo,feijao,Sim,9,306
5290,43.0,,5195.0,São Paulo,feijao,Sim,8,672
5291,,M,2232.0,Salvador,cafe,Sim,7,700
5292,45.0,F,7896.0,São Paulo,cafe,Sim,1,98
5293,47.0,F,6541.0,Rio,feijao,Sim,8,632
5294,50.0,M,,Rio,feijao,Sim,9,477
5295,,,4314.0,Belo Horizonte,feijao,Não,6,294
5296,20.0,F,7842.0,Curitiba,feijao,Sim,5,415
5297,54.0,F,2789.0,Curitiba,acucar,Sim,2,110
5298,64.0,M,3462.0,Belo Horizonte,cafe,Sim,1,84
5299,24.0,,5295.0,Salvador,,Não,2,84
5300,28.0,F,7122.0,Curitiba,feijao,Não,10,240
5301,39.0,F,6990.0,Salvador,arroz,Não,1,75
5302,40.0,M,3386.0,Belo Horizonte,acucar,Não,3,84
5303,49.0,F,5943.0,Belo Horizonte,arroz,Sim,9,864
5304,36.0,M,6877.0,Rio,cafe,Sim,7,168
5305,21.0,F,1953.0,Curitiba,,Não,9,810
5306,22.0,F,1270.0,Salvador,oleo,Não,2,56
5307,,F,7163.0,Rio,arroz,Sim,9,297
5308,,M,5037.0,Salvador,acucar,Não,9,900
5309,48.0,,6558.0,Belo Horizonte,feijao,Sim,9,747
5310,57.0,M,,Belo Horizonte,acucar,Sim,4,236
5311,63.0,M,2726.0,Salvador,oleo,Sim,4,120
5312,60.0,F,2405.0,Belo Horizonte,cafe,Sim,4,276
5313,33.0,M,3250.0,São Paulo,,Não,1,34
5314,28.0,F,4499.0,Rio,acucar,Não,8,744
5315,30.0,F,1745.0,Belo Horizonte,acucar,Sim,4,320
5316,30.0,M,6336.0,São Paulo,acucar,Não,5,420
5317,46.0,F,1837.0,Belo Horizonte,oleo,Sim,9,504
5318,51.0,M,5158.0,Curitiba,acucar,Sim,9,468
5319,32.0,,3641.0,São Paulo,feijao,Sim,3,267
5320,36.0,,2210.0,São Paulo,feijao,Sim,9,612
5321,19.0,M,1201.0,Belo Horizonte,,Sim,3,174
5322,46.0,M,,São Paulo,cafe,Sim,5,340
5323,42.0,F,,Rio,,Não,3,279
5324,43.0,,5263.0,Salvador,,Sim,3,69
5325,,F,2965.0,São Paulo,feijao,Não,8,616
5326,62.0,M,,Belo Horizonte,feijao,Não,4,288
5327,45.0,F,4671.0,Belo Horizonte,,Sim,2,164
5328,30.0,M,1790.0,Salvador,cafe,Sim,2,146
5329,55.0,M,5803.0,São Paulo,cafe,Sim,3,219
5330,52.0,M,7332.0,Belo Horizonte,acucar,Sim,6,330
5331,40.0,F,4116.0,Belo Horizonte,oleo,Sim,2,50
5332,49.0,,1872.0,Rio,oleo,Não,2,174
5333,58.0,F,2743.0,Belo Horizonte,feijao,Sim,9,558
5334,46.0,M,3721.0,Rio,oleo,Sim,1,83
5335,53.0,F,4520.0,São Paulo,cafe,Não,1,69
5336,43.0,M,2803.0,São Paulo,acucar,Sim,1,32
5337,24.0,F,5857.0,Belo Horizonte,feijao,Sim,1,91
5338,63.0,,7795.0,Rio,arroz,Sim,3,294
5339,39.0,F,2541.0,Belo Horizonte,cafe,Não,7,469
5340,27.0,F,3758.0,São Paulo,oleo,Não,10,230
5341,,F,7366.0,Belo Horizonte,feijao,Não,6,174
5342,64.0,F,1528.0,Rio,oleo,Sim,10,700
5343,,,6471.0,Belo Horizonte,acucar,Não,4,284
5344,30.0,F,7356.0,Curitiba,,Sim,1,26
5345,40.0,M,7856.0,Rio,cafe,Sim,1,22
5346,,F,7073.0,São Paulo,arroz,Não,3,168
5347,54.0,F,7271.0,Rio,arroz,Não,1,57
5348,18.0,M,3581.0,São Paulo,,Sim,3,102
5349,24.0,F,5487.0,Salvador,arroz,Não,9,180
5350,36.0,F,5982.0,Curitiba,acucar,Não,6,336
5351,19.0,F,1945.0,Belo Horizonte,cafe,Sim,10,840
5352,48.0,M,6949.0,Curitiba,cafe,Não,1,53
5353,50.0,F,7562.0,Curitiba,arroz,Sim,9,630
5354,30.0,F,5910.0,Belo Horizonte,oleo,Sim,1,22
5355,55.0,M,3685.0,Rio,feijao,Sim,4,292
5356,41.0,M,2352.0,Rio,acucar,Sim,9,738
5357,31.0,F,,Belo Horizonte,arroz,Sim,6,240
5358,22.0,M,1714.0,Rio,feijao,Sim,8,392
5359,63.0,F,6753.0,Rio,arroz,Sim,3,120
5360,44.0,F,4989.0,São Paulo,oleo,Não,2,80
5361,20.0,F,2459.0,Curitiba,cafe,Sim,5,325
5362,27.0,F,6640.0,São Paulo,oleo,Sim,9,828
5363,61.0,M,4072.0,São Paulo,,Não,5,285
5364,,F,7199.0,Rio,arroz,Sim,10,260
5365,62.0,M,6039.0,São Paulo,arroz,Sim,4,264
5366,48.0,,1204.0,Salvador,feijao,Não,8,328
5367,49.0,F,3760.0,Curitiba,arroz,Sim,9,639
5368,47.0,M,3987.0,Rio,oleo,Não,9,468
5369,35.0,M,5212.0,São Paulo,feijao,Não,7,602
5370,63.0,F,4207.0,Rio,cafe,Não,8,168
5371,26.0,F,3250.0,São Paulo,feijao,Sim,2,120
5372,63.0,F,,Curitiba,acucar,Sim,10,900
5373,32.0,F,4021.0,São Paulo,acucar,Sim,6,594
5374,38.0,M,2275.0,Salvador,arroz,Sim,2,132
5375,50.0,F,6371.0,Belo Horizonte,cafe,Sim,10,650
5376,59.0,F,1808.0,Rio,oleo,Não,6,372
5377,63.0,F,4493.0,Rio,cafe,Sim,6,390
5378,48.0,F,4662.0,Salvador,oleo,Não,2,42
5379,28.0,F,,Belo Horizonte,feijao,Não,8,664
5380,47.0,F,3057.0,São Paulo,feijao,Sim,7,168
5381,49.0,F,6403.0,Rio,,Sim,2,118
5382,38.0,F,1236.0,São Paulo,arroz,Não,10,780
5383,34.0,F,6915.0,São Paulo,oleo,Sim,9,765
5384,28.0,M,1465.0,Curitiba,oleo,Sim,10,960
5385,,F,2268.0,Rio,arroz,Sim,5,475
5386,27.0,M,1884.0,Belo Horizonte,feijao,Não,10,800
5387,,F,4775.0,Salvador,acucar,Não,4,352
5388,26.0,M,7707.0,Salvador,cafe,Não,6,354
5389,47.0,M,2871.0,Belo Horizonte,arroz,Sim,5,300
5390,24.0,M,1689.0,Curitiba,acucar,Não,10,340
5391,,M,5027.0,Salvador,cafe,Não,4,136
5392,46.0,M,2287.0,Salvador,cafe,Sim,2,102
5393,,M,7881.0,Rio,cafe,Sim,1,38
5394,45.0,M,5912.0,Salvador,acucar,Sim,8,776
5395,,,3704.0,Salvador,acucar,Sim,1,47
5396,43.0,F,5449.0,São Paulo,arroz,Sim,7,273
5397,21.0,,3653.0,Salvador,,Sim,9,873
5398,42.0,,3787.0,Rio,oleo,Sim,3,147
5399,44.0,M,7462.0,São Paulo,oleo,Sim,7,609
5400,47.0,,4282.0,Rio,oleo,Não,5,110
5401,22.0,M,3401.0,Belo Horizonte,cafe,Não,8,768
5402,29.0,,5811.0,Curitiba,oleo,Não,10,690
5403,42.0,M,,Belo Horizonte,cafe,Sim,6,198
5404,49.0,,6952.0,Salvador,oleo,Sim,9,540
5405,29.0,M,5209.0,Belo Horizonte,feijao,Não,2,136
5406,28.0,M,4650.0,São Paulo,,Sim,3,138
5407,,F,6548.0,Salvador,oleo,Não,1,70
5408,53.0,F,3352.0,Belo Horizonte,acucar,Sim,10,260
5409,65.0,M,5320.0,Salvador,feijao,Sim,9,531
5410,54.0,M,6993.0,Rio,arroz,Não,3,159
5411,51.0,M,3659.0,Rio,acucar,Não,4,172
5412,19.0,F,7571.0,Curitiba,arroz,Sim,6,396
5413,28.0,M,,Salvador,,Não,2,68
5414,44.0,F,2407.0,Curitiba,feijao,Não,1,42
5415,38.0,,3540.0,São Paulo,arroz,Sim,10,260
5416,51.0,M,,Belo Horizonte,arroz,Sim,7,301
5417,65.0,F,5593.0,São Paulo,arroz,Sim,7,413
5418,59.0,F,,Belo Horizonte,oleo,Não,10,1000
5419,26.0,F,6193.0,Belo Horizonte,oleo,Sim,2,44
5420,25.0,M,1829.0,Salvador,arroz,Sim,2,170
5421,36.0,F,5274.0,São Paulo,feijao,Não,1,33
5422,56.0,F,3166.0,Rio,oleo,Não,8,736
5423,52.0,F,4337.0,Rio,,Sim,6,456
5424,,M,3244.0,Curitiba,cafe,Sim,6,354
5425,39.0,F,,Belo Horizonte,cafe,Sim,5,320
5426,57.0,,2949.0,Rio,arroz,Sim,8,288
5427,52.0,,3832.0,São Paulo,arroz,Não,8,680
5428,48.0,M,4122.0,Salvador,arroz,Não,1,99
5429,30.0,M,4801.0,Curitiba,acucar,Não,6,456
5430,20.0,,6477.0,Salvador,,Não,7,490
5431,64.0,F,2420.0,Belo Horizonte,oleo,Sim,9,513
5432,49.0,M,2457.0,Rio,feijao,Não,3,261
5433,25.0,F,6877.0,São Paulo,,Sim,7,140
5434,52.0,F,5819.0,Rio,oleo,Sim,8,344
5435,34.0,M,4418.0,Curitiba,feijao,Não,1,89
5436,,M,5860.0,Salvador,acucar,Sim,3,237
5437,64.0,F,5557.0,Salvador,,Não,5,330
5438,40.0,F,3878.0,Salvador,,Não,10,880
5439,30.0,M,2235.0,São Paulo,feijao,Sim,4,116
5440,20.0,F,2131.0,Curitiba,oleo,Sim,4,376
5441,54.0,F,6803.0,Salvador,feijao,Sim,6,504
5442,23.0,M,7748.0,Belo Horizonte,cafe,Não,7,406
5443,,F,1324.0,Curitiba,arroz,Não,8,192
5444,18.0,F,2516.0,Belo Horizonte,oleo,Sim,10,930
5445,40.0,F,5372.0,Curitiba,arroz,Sim,9,648
5446,47.0,F,5872.0,Belo Horizonte,acucar,Não,7,434
5447,31.0,F,4526.0,Belo Horizonte,arroz,Sim,4,136
5448,59.0,F,6971.0,São Paulo,cafe,Sim,9,657
5449,36.0,M,5336.0,Rio,oleo,Sim,7,399
5450,48.0,M,1869.0,São Paulo,oleo,Não,3,156
5451,65.0,F,2934.0,Rio,oleo,Não,7,483
5452,19.0,F,2851.0,Salvador,oleo,Não,1,56
5453,42.0,F,2940.0,Belo Horizonte,acucar,Não,1,37
5454,52.0,M,3412.0,São Paulo,cafe,Não,6,270
5455,32.0,M,7846.0,Salvador,cafe,Não,2,198
5456,30.0,M,6568.0,Rio,cafe,Sim,2,114
5457,18.0,F,5458.0,Curitiba,oleo,Não,6,210
5458,30.0,,2197.0,Belo Horizonte,feijao,Sim,8,304
5459,26.0,M,4507.0,Salvador,arroz,Sim,9,360
5460,55.0,M,3911.0,Belo Horizonte,acucar,Sim,9,261
5461,49.0,F,7992.0,São Paulo,oleo,Sim,5,405
5462,53.0,F,5792.0,São Paulo,cafe,Sim,2,130
5463,45.0,F,3451.0,São Paulo,arroz,Não,9,891
5464,41.0,F,,Salvador,feijao,Não,7,595
5465,65.0,F,,São Paulo,feijao,Sim,2,110
5466,26.0,F,2885.0,Belo Horizonte,cafe,Sim,3,294
5467,58.0,M,3063.0,Rio,oleo,Sim,2,104
5468,35.0,M,3768.0,Rio,,Sim,6,510
5469,25.0,M,3706.0,Curitiba,,Sim,8,304
5470,65.0,,1756.0,Belo Horizonte,oleo,Não,10,670
5471,52.0,F,2681.0,Salvador,cafe,Sim,3,99
5472,43.0,M,4424.0,São Paulo,acucar,Sim,5,495
5473,,M,5541.0,Curitiba,,Não,4,392
5474,23.0,M,2928.0,Belo Horizonte,acucar,Sim,6,210
5475,,M,4266.0,Salvador,arroz,Não,4,256
5476,25.0,F,1566.0,Curitiba,,Sim,9,531
5477,65.0,F,4479.0,Belo Horizonte,feijao,Não,8,224
5478,32.0,M,7051.0,Belo Horizonte,,Não,2,94
5479,24.0,F,7370.0,Rio,,Não,1,74
5480,49.0,M,2708.0,São Paulo,cafe,Sim,6,528
5481,36.0,M,4277.0,Curitiba,cafe,Sim,6,300
5482,,F,5531.0,São Paulo,oleo,Sim,5,415
5483,51.0,M,1644.0,Belo Horizonte,cafe,Sim,10,750
5484,37.0,F,4610.0,Curitiba,acucar,Não,3,120
5485,63.0,F,2715.0,Salvador,arroz,Não,4,272
5486,54.0,M,6341.0,Rio,acucar,Sim,8,696
5487,20.0,F,6690.0,Belo Horizonte,arroz,Não,8,424
5488,54.0,M,2234.0,Curitiba,oleo,Sim,2,136
5489,36.0,M,1977.0,Rio,acucar,Sim,7,210
5490,,F,3592.0,Rio,cafe,Sim,1,88
5491,62.0,F,1646.0,Belo Horizonte,oleo,Não,9,630
5492,56.0,F,3271.0,Curitiba,oleo,Sim,8,256
5493,28.0,M,4556.0,Curitiba,oleo,Não,9,387
5494,31.0,M,7189.0,São Paulo,,Sim,2,174
5495,34.0,M,6578.0,Curitiba,arroz,Não,10,540
5496,37.0,F,3721.0,Salvador,cafe,Não,3,234
5497,23.0,F,,Salvador,cafe,Não,2,196
5498,27.0,F,1825.0,Rio,feijao,Não,6,150
5499,60.0,F,3881.0,Curitiba,feijao,Sim,7,567
5500,46.0,M,5362.0,Belo Horizonte,feijao,Não,2,70
5501,,M,5194.0,São Paulo,arroz,Não,6,264
5502,19.0,,3633.0,Rio,feijao,Sim,9,585
5503,27.0,F,7004.0,Salvador,arroz,Sim,6,282
5504,39.0,F,5998.0,Rio,oleo,Não,5,480
5505,25.0,M,7254.0,Curitiba,arroz,Sim,9,540
5506,60.0,F,6740.0,Salvador,,Sim,6,150
5507,42.0,F,2336.0,Belo Horizonte,acucar,Não,5,255
5508,36.0,M,,Rio,oleo,Sim,2,134
5509,20.0,M,3303.0,Salvador,oleo,Sim,4,120
5510,27.0,M,3796.0,Rio,cafe,Sim,8,632
5511,26.0,F,7392.0,Curitiba,arroz,Sim,5,360
5512,29.0,F,3551.0,Belo Horizonte,arroz,Sim,3,279
5513,41.0,M,2143.0,Curitiba,arroz,Sim,5,465
5514,34.0,F,2216.0,Curitiba,oleo,Não,10,850
5515,21.0,F,1826.0,Rio,acucar,Sim,2,200
5516,41.0,F,,Salvador,feijao,Não,4,216
5517,49.0,M,6752.0,Salvador,arroz,Sim,7,525
5518,58.0,M,,Salvador,oleo,Não,2,126
5519,24.0,F,,Rio,cafe,Sim,6,336
5520,55.0,M,4793.0,Salvador,cafe,Não,10,410
5521,,M,6716.0,Rio,acucar,Sim,4,144
5522,54.0,F,6123.0,São Paulo,feijao,Não,1,97
5523,39.0,M,2736.0,São Paulo,acucar,Não,5,300
5524,53.0,M,6211.0,São Paulo,feijao,Sim,7,539
5525,38.0,F,3530.0,Curitiba,feijao,Não,1,22
5526,32.0,M,1632.0,Salvador,,Sim,1,62
5527,51.0,,6113.0,São Paulo,acucar,Sim,7,672
5528,45.0,F,6739.0,Belo Horizonte,arroz,Não,2,72
5529,43.0,F,7018.0,Rio,arroz,Não,5,305
5530,60.0,,2625.0,Salvador,cafe,Sim,2,198
5531,33.0,M,5849.0,Rio,feijao,Não,7,560
5532,63.0,,3429.0,Rio,feijao,Sim,9,396
5533,34.0,F,1673.0,Salvador,arroz,Sim,8,560
5534,35.0,M,2205.0,Curitiba,acucar,Não,8,600
5535,29.0,F,6994.0,São Paulo,feijao,Não,5,360
5536,42.0,F,6437.0,Belo Horizonte,oleo,Não,5,450
5537,56.0,M,5397.0,Rio,arroz,Não,10,600
5538,44.0,,4732.0,Curitiba,arroz,Sim,7,231
5539,57.0,F,7981.0,Salvador,acucar,Não,4,184
5540,38.0,M,5222.0,São Paulo,cafe,Sim,4,172
5541,41.0,M,4923.0,Curitiba,acucar,Não,9,297
5542,,M,6971.0,Belo Horizonte,oleo,Não,10,940
5543,32.0,M,6108.0,Salvador,acucar,Não,5,465
5544,,M,5273.0,Salvador,arroz,Sim,8,744
5545,,F,2339.0,Rio,arroz,Sim,5,160
5546,19.0,M,6106.0,Belo Horizonte,cafe,Não,10,510
5547,,,3706.0,São Paulo,cafe,Sim,3,234
5548,55.0,M,2208.0,Rio,oleo,Não,7,147
5549,,F,1202.0,Salvador,arroz,Sim,5,430
5550,60.0,F,6033.0,Salvador,arroz,Sim,10,540
5551,64.0,M,4493.0,Curitiba,acucar,Não,6,522
5552,60.0,M,4701.0,Rio,arroz,Sim,8,208
5553,19.0,M,3459.0,Belo Horizonte,cafe,Não,5,425
5554,35.0,M,,Curitiba,arroz,Não,2,150
5555,42.0,M,,Salvador,arroz,Sim,6,492
5556,58.0,M,4161.0,Belo Horizonte,cafe,Não,3,201
5557,53.0,M,1528.0,Curitiba,feijao,Sim,10,810
5558,27.0,M,5089.0,São Paulo,feijao,Sim,4,188
5559,44.0,M,,Rio,cafe,Não,1,78
5560,41.0,,1776.0,São Paulo,feijao,Sim,6,276
5561,57.0,,1352.0,Belo Horizonte,,Sim,4,272
5562,57.0,M,2086.0,Rio,feijao,Não,5,320
5563,37.0,M,,São Paulo,arroz,Não,3,234
5564,63.0,F,2473.0,Belo Horizonte,oleo,Sim,8,440
5565,54.0,M,7092.0,Belo Horizonte,cafe,Sim,3,117
5566,35.0,,6187.0,São Paulo,feijao,Sim,5,425
5567,38.0,F,2273.0,São Paulo,acucar,Sim,1,25
5568,33.0,F,4583.0,Belo Horizonte,cafe,Sim,1,27
5569,57.0,F,1808.0,Belo Horizonte,arroz,Sim,10,540
5570,57.0,F,4406.0,São Paulo,acucar,Sim,7,504
5571,53.0,M,1322.0,São Paulo,oleo,Não,7,280
5572,53.0,M,3751.0,Belo Horizonte,feijao,Não,5,370
5573,47.0,F,5312.0,São Paulo,cafe,Sim,3,204
5574,25.0,M,4308.0,São Paulo,arroz,Sim,9,207
5575,29.0,F,1884.0,Belo Horizonte,arroz,Não,5,460
5576,48.0,F,6608.0,Rio,feijao,Sim,8,760
5577,32.0,,1333.0,Rio,acucar,Não,4,196
5578,25.0,F,3603.0,Belo Horizonte,cafe,Sim,8,696
5579,,F,4978.0,Curitiba,arroz,Sim,10,900
5580,40.0,M,7897.0,Belo Horizonte,oleo,Sim,7,609
5581,55.0,F,7176.0,Salvador,arroz,Sim,9,783
5582,57.0,,3642.0,Salvador,oleo,Não,6,330
5583,47.0,F,5683.0,Curitiba,arroz,Sim,6,216
5584,19.0,M,1443.0,São Paulo,acucar,Não,2,50
5585,39.0,M,4124.0,Curitiba,oleo,Sim,3,117
5586,49.0,M,3154.0,Rio,feijao,Sim,2,186
5587,50.0,F,4231.0,Rio,feijao,Sim,9,369
5588,42.0,F,5749.0,Rio,cafe,Não,10,810
5589,52.0,M,1639.0,São Paulo,feijao,Não,2,46
5590,54.0,F,3002.0,Rio,arroz,Sim,10,460
5591,42.0,,4862.0,São Paulo,feijao,Sim,4,276
5592,44.0,M,2638.0,São Paulo,acucar,Sim,9,378
5593,64.0,M,2818.0,São Paulo,arroz,Não,1,85
5594,23.0,F,4171.0,São Paulo,oleo,Não,9,783
5595,34.0,M,,São Paulo,oleo,Sim,10,700
5596,48.0,M,3767.0,São Paulo,oleo,Não,2,96
5597,61.0,,3178.0,Belo Horizonte,cafe,Não,6,516
5598,50.0,M,7861.0,Salvador,acucar,Não,7,574
5599,53.0,,7953.0,Salvador,acucar,Não,6,216
5600,52.0,F,2902.0,Rio,feijao,Não,6,240
5601,44.0,M,4196.0,São Paulo,arroz,Não,10,730
5602,39.0,M,7219.0,Salvador,oleo,Sim,3,246
5603,28.0,F,3015.0,Belo Horizonte,cafe,Sim,7,504
5604,55.0,M,1476.0,Belo Horizonte,acucar,Não,6,510
5605,63.0,F,3444.0,São Paulo,oleo,Não,1,24
5606,36.0,M,5745.0,Belo Horizonte,oleo,Não,4,180
5607,62.0,M,4527.0,Salvador,arroz,Sim,6,456
5608,23.0,F,2265.0,Salvador,oleo,Sim,3,219
5609,,F,2229.0,Rio,arroz,Não,5,310
5610,22.0,M,2744.0,Curitiba,cafe,Não,9,657
5611,45.0,F,6396.0,Rio,,Sim,9,684
5612,40.0,M,7489.0,Belo Horizonte,acucar,Sim,5,175
5613,34.0,F,,Rio,,Não,3,201
5614,57.0,M,2011.0,São Paulo,feijao,Não,10,330
5615,20.0,F,5753.0,Curitiba,oleo,Sim,5,285
5616,20.0,M,1979.0,Curitiba,oleo,Não,2,200
5617,54.0,M,7560.0,Rio,,Não,1,85
5618,18.0,M,2569.0,São Paulo,cafe,Sim,1,31
5619,24.0,M,6160.0,Curitiba,arroz,Sim,7,399
5620,44.0,M,2194.0,Rio,acucar,Não,5,220
5621,24.0,F,3225.0,São Paulo,cafe,Não,5,255
5622,34.0,M,1492.0,São Paulo,arroz,Não,2,124
5623,21.0,F,3409.0,Salvador,cafe,Sim,2,176
5624,46.0,M,6113.0,Salvador,oleo,Não,1,31
5625,,M,5579.0,Rio,acucar,Não,5,460
5626,34.0,F,4180.0,Belo Horizonte,feijao,Não,2,94
5627,56.0,M,1587.0,Salvador,oleo,Sim,4,388
5628,32.0,M,1785.0,Salvador,cafe,Não,3,126
5629,56.0,F,1594.0,Salvador,feijao,Não,8,544
5630,45.0,M,1426.0,Curitiba,arroz,Não,5,300
5631,36.0,F,3380.0,Salvador,oleo,Sim,6,240
5632,46.0,M,4380.0,Curitiba,arroz,Não,7,343
5633,55.0,F,1432.0,Salvador,oleo,Sim,3,93
5634,47.0,F,5392.0,São Paulo,oleo,Não,7,434
5635,29.0,M,6926.0,Salvador,feijao,Sim,7,427
5636,29.0,M,4997.0,Salvador,feijao,Sim,9,531
5637,51.0,M,3674.0,Belo Horizonte,oleo,Sim,5,450
5638,31.0,M,2888.0,Belo Horizonte,acucar,Não,7,588
5639,45.0,F,2602.0,Belo Horizonte,arroz,Sim,3,156
5640,22.0,F,7983.0,São Paulo,feijao,Sim,3,273
5641,59.0,F,7826.0,Rio,feijao,Não,9,531
5642,27.0,M,3733.0,Curitiba,arroz,Sim,7,273
5643,33.0,F,4202.0,Salvador,arroz,Sim,1,28
5644,34.0,,,Curitiba,arroz,Não,8,232
5645,51.0,M,4955.0,Salvador,feijao,Não,9,549
5646,34.0,F,5458.0,São Paulo,acucar,Não,3,222
5647,27.0,M,3798.0,Curitiba,feijao,Sim,3,219
5648,,F,7478.0,Curitiba,feijao,Não,5,490
5649,50.0,F,1681.0,Curitiba,arroz,Não,10,770
5650,53.0,F,,Belo Horizonte,arroz,Sim,3,201
5651,22.0,M,1443.0,Belo Horizonte,arroz,Não,6,342
5652,46.0,M,5630.0,Rio,arroz,Sim,7,420
5653,21.0,M,4869.0,Salvador,arroz,Não,5,335
5654,30.0,F,7777.0,Curitiba,cafe,Sim,4,196
5655,34.0,,5854.0,Curitiba,acucar,Sim,9,612
5656,63.0,F,6803.0,Rio,oleo,Não,3,174
5657,41.0,M,2103.0,São Paulo,feijao,Não,9,648
5658,46.0,,6006.0,Salvador,feijao,Sim,3,147
5659,47.0,M,,Curitiba,arroz,Sim,6,336
5660,,M,7514.0,Rio,oleo,Não,6,594
5661,60.0,M,7552.0,Curitiba,oleo,Não,6,282
5662,39.0,,6878.0,Belo Horizonte,oleo,Não,5,310
5663,,F,5900.0,Rio,feijao,Sim,9,576
5664,47.0,M,6161.0,Curitiba,feijao,Sim,9,846
5665,64.0,M,7083.0,Salvador,arroz,Sim,7,329
5666,51.0,M,5692.0,Curitiba,arroz,Sim,6,234
5667,52.0,M,1760.0,Salvador,arroz,Sim,7,581
5668,59.0,M,2575.0,São Paulo,arroz,Sim,1,40
5669,25.0,M,3693.0,São Paulo,feijao,Sim,9,828
5670,30.0,M,7249.0,Belo Horizonte,arroz,Não,2,86
5671,,M,7769.0,São Paulo,oleo,Não,4,356
5672,62.0,M,2201.0,Salvador,oleo,Sim,5,365
5673,18.0,F,4681.0,Curitiba,acucar,Não,1,37
5674,54.0,M,7107.0,Salvador,acucar,Sim,2,134
5675,,M,4637.0,Curitiba,arroz,Sim,7,448
5676,34.0,,1428.0,Curitiba,acucar,Sim,1,88
5677,18.0,F,5767.0,Salvador,feijao,Sim,7,490
5678,35.0,M,7171.0,Belo Horizonte,acucar,Sim,1,70
5679,63.0,M,6476.0,Salvador,,Não,8,680
5680,55.0,F,1975.0,Rio,oleo,Não,9,405
5681,24.0,F,1418.0,Curitiba,oleo,Sim,3,156
5682,58.0,F,3815.0,Salvador,feijao,Não,1,43
5683,38.0,M,5223.0,São Paulo,cafe,Sim,7,462
5684,28.0,,7494.0,Belo Horizonte,oleo,Sim,7,630
5685,37.0,F,6667.0,Rio,,Sim,2,136
5686,57.0,M,4626.0,Salvador,oleo,Sim,4,356
5687,43.0,F,,São Paulo,cafe,Não,3,231
5688,,F,5893.0,Belo Horizonte,oleo,Sim,10,990
5689,44.0,F,5580.0,Curitiba,,Sim,1,91
5690,61.0,,4570.0,São Paulo,feijao,Não,3,249
5691,48.0,F,,Belo Horizonte,,Não,3,246
5692,54.0,M,7213.0,Rio,feijao,Sim,4,116
5693,40.0,M,3512.0,São Paulo,cafe,Sim,8,512
5694,43.0,,,Rio,feijao,Não,5,310
5695,38.0,F,5225.0,Belo Horizonte,oleo,Sim,9,675
5696,55.0,M,7671.0,Rio,cafe,Sim,2,174
5697,58.0,F,7071.0,Salvador,,Sim,3,162
5698,,M,3979.0,Salvador,cafe,Sim,7,238
5699,27.0,F,7020.0,São Paulo,arroz,Sim,5,125
5700,53.0,F,,Salvador,feijao,Sim,8,472
5701,59.0,F,4555.0,São Paulo,feijao,Sim,1,73
5702,35.0,F,2906.0,São Paulo,cafe,Sim,5,290
5703,,M,7979.0,Curitiba,cafe,Sim,10,230
5704,,F,7039.0,Curitiba,feijao,Sim,2,166
5705,20.0,M,1495.0,São Paulo,,Não,4,232
5706,37.0,F,6057.0,Rio,acucar,Sim,4,304
5707,52.0,M,5083.0,Salvador,feijao,Sim,9,756
5708,29.0,M,6461.0,São Paulo,,Sim,2,100
5709,45.0,M,3323.0,Rio,arroz,Sim,9,288
5710,30.0,M,3165.0,São Paulo,oleo,Sim,5,410
5711,24.0,M,1989.0,Salvador,arroz,Não,4,124
5712,39.0,M,6944.0,Salvador,oleo,Não,3,150
5713,60.0,M,2700.0,Belo Horizonte,oleo,Não,1,46
5714,30.0,M,6665.0,Curitiba,acucar,Sim,5,480
5715,60.0,F,1951.0,Salvador,oleo,Sim,7,315
5716,51.0,M,4766.0,Salvador,oleo,Sim,5,160
5717,60.0,F,6507.0,Salvador,oleo,Sim,8,584
5718,23.0,F,,Curitiba,oleo,Sim,10,940
5719,58.0,F,,Curitiba,acucar,Sim,3,111
5720,,M,1464.0,São Paulo,feijao,Sim,1,86
5721,59.0,F,5686.0,São Paulo,oleo,Sim,9,801
5722,31.0,F,1289.0,Rio,arroz,Sim,6,330
5723,,M,1448.0,São Paulo,oleo,Sim,5,470
5724,31.0,M,,Curitiba,cafe,Sim,9,702
5725,43.0,M,4379.0,Belo Horizonte,feijao,Sim,1,32
5726,54.0,F,6413.0,São Paulo,acucar,Sim,7,672
5727,48.0,M,,Curitiba,oleo,Não,4,208
5728,60.0,M,4857.0,Salvador,feijao,Não,1,20
5729,27.0,F,3513.0,Belo Horizonte,acucar,Sim,10,750
5730,25.0,M,2127.0,Curitiba,cafe,Não,9,531
5731,54.0,,4035.0,Curitiba,,Não,6,366
5732,48.0,M,7280.0,Curitiba,acucar,Sim,1,40
5733,26.0,M,2721.0,Salvador,oleo,Não,2,74
5734,20.0,,7903.0,Rio,,Não,8,600
5735,56.0,M,4835.0,Belo Horizonte,arroz,Sim,6,168
5736,24.0,F,,Rio,oleo,Não,5,235
5737,42.0,M,4292.0,Salvador,feijao,Não,5,340
5738,58.0,M,7394.0,Curitiba,arroz,Sim,2,142
5739,30.0,,6794.0,Curitiba,oleo,Sim,1,96
5740,35.0,M,5237.0,Belo Horizonte,oleo,Sim,8,568
5741,42.0,M,6814.0,Belo Horizonte,feijao,Não,9,630
5742,42.0,F,1763.0,São Paulo,arroz,Sim,9,297
5743,31.0,M,1247.0,São Paulo,arroz,Não,10,280
5744,30.0,M,7330.0,Belo Horizonte,feijao,Sim,4,220
5745,24.0,M,4594.0,Curitiba,oleo,Não,5,335
5746,45.0,M,2520.0,Curitiba,,Sim,4,352
5747,56.0,M,4920.0,Rio,cafe,Não,8,568
5748,65.0,M,6627.0,Curitiba,arroz,Sim,3,117
5749,34.0,M,3077.0,São Paulo,acucar,Não,3,138
5750,21.0,F,7581.0,Rio,acucar,Não,4,312
5751,46.0,M,2284.0,Salvador,oleo,Sim,9,738
5752,27.0,M,7895.0,Salvador,acucar,Sim,3,174
5753,22.0,M,2846.0,São Paulo,arroz,Sim,3,105
5754,46.0,M,2478.0,Salvador,oleo,Sim,7,357
5755,65.0,F,6543.0,Rio,cafe,Não,9,216
5756,26.0,M,2203.0,Salvador,acucar,Sim,2,124
5757,39.0,F,7395.0,Belo Horizonte,oleo,Sim,5,285
5758,65.0,M,6168.0,Belo Horizonte,oleo,Sim,5,440
5759,29.0,M,6451.0,São Paulo,,Não,5,110
5760,48.0,M,2932.0,São Paulo,,Sim,2,198
5761,55.0,F,,Rio,oleo,Não,1,32
5762,43.0,M,7935.0,Curitiba,feijao,Não,1,25
5763,27.0,M,4987.0,Rio,feijao,Sim,2,50
5764,45.0,,7994.0,Salvador,cafe,Sim,2,128
5765,37.0,F,6128.0,Rio,cafe,Sim,3,231
5766,49.0,F,4025.0,Curitiba,acucar,Não,7,322
5767,48.0,M,6867.0,Salvador,arroz,Não,10,670
5768,,,6267.0,Rio,acucar,Não,4,388
5769,27.0,F,1437.0,Curitiba,cafe,Sim,1,41
5770,21.0,M,1655.0,Curitiba,,Não,9,315
5771,53.0,F,3848.0,São Paulo,cafe,Sim,5,145
5772,43.0,M,4719.0,São Paulo,cafe,Sim,6,492
5773,44.0,,4911.0,São Paulo,feijao,Sim,7,406
5774,51.0,M,,Rio,acucar,Sim,6,210
5775,38.0,M,4309.0,Belo Horizonte,cafe,Sim,10,740
5776,20.0,F,6330.0,Belo Horizonte,acucar,Sim,2,138
5777,28.0,M,5089.0,Salvador,acucar,Sim,2,160
5778,,M,7780.0,São Paulo,feijao,Sim,1,91
5779,54.0,F,,São Paulo,acucar,Não,3,120
5780,44.0,F,7702.0,São Paulo,,Sim,10,620
5781,30.0,F,6551.0,Belo Horizonte,oleo,Sim,6,240
5782,63.0,F,4041.0,São Paulo,cafe,Não,8,312
5783,56.0,F,4042.0,Salvador,,Sim,9,594
5784,59.0,M,6032.0,Curitiba,cafe,Não,8,496
5785,26.0,F,4360.0,Belo Horizonte,acucar,Sim,10,910
5786,36.0,M,4716.0,Curitiba,arroz,Não,8,544
5787,21.0,M,2953.0,Belo Horizonte,arroz,Sim,2,184
5788,59.0,M,4796.0,Rio,oleo,Sim,5,255
5789,37.0,M,7289.0,Salvador,oleo,Sim,8,584
5790,35.0,F,7573.0,São Paulo,acucar,Sim,3,237
5791,22.0,,2820.0,Rio,,Sim,5,150
5792,29.0,,6815.0,Curitiba,oleo,Não,6,168
5793,29.0,M,4517.0,Belo Horizonte,,Sim,6,414
5794,52.0,F,,Rio,feijao,Sim,10,890
5795,64.0,F,3743.0,Belo Horizonte,feijao,Sim,4,252
5796,54.0,F,6043.0,Curitiba,acucar,Sim,9,837
5797,26.0,F,4004.0,Salvador,oleo,Sim,8,224
5798,36.0,M,4024.0,Rio,acucar,Não,6,588
5799,51.0,F,,São Paulo,cafe,Não,6,468
5800,60.0,M,3400.0,Rio,arroz,Não,6,330
5801,56.0,F,3235.0,Curitiba,,Sim,10,910
5802,64.0,M,5143.0,São Paulo,cafe,Sim,6,456
5803,23.0,F,6391.0,Curitiba,oleo,Sim,1,60
5804,28.0,M,,Belo Horizonte,feijao,Sim,4,276
5805,59.0,M,7144.0,Belo Horizonte,arroz,Não,9,513
5806,52.0,M,,Rio,arroz,Não,1,65
5807,54.0,F,1401.0,Rio,oleo,Sim,4,80
5808,57.0,F,,São Paulo,arroz,Não,9,837
5809,35.0,F,4309.0,São Paulo,cafe,Não,7,693
5810,21.0,M,7511.0,São Paulo,arroz,Não,8,400
5811,51.0,F,3416.0,Rio,arroz,Não,10,920
5812,50.0,M,7935.0,Belo Horizonte,arroz,Não,6,588
5813,,F,,São Paulo,oleo,Sim,5,450
5814,62.0,M,4786.0,Salvador,acucar,Sim,4,344
5815,61.0,F,4803.0,Salvador,feijao,Não,3,240
5816,50.0,F,3190.0,Salvador,cafe,Sim,2,150
5817,38.0,F,1499.0,Belo Horizonte,oleo,Sim,4,276
5818,52.0,F,5189.0,Belo Horizonte,feijao,Sim,2,118
5819,32.0,M,2943.0,Belo Horizonte,feijao,Sim,6,294
5820,42.0,,1759.0,Rio,oleo,Não,7,700
5821,21.0,F,2350.0,São Paulo,cafe,Sim,7,448
5822,28.0,F,2505.0,Belo Horizonte,acucar,Sim,6,198
5823,52.0,,7256.0,Rio,cafe,Não,8,640
5824,63.0,,7951.0,Curitiba,oleo,Sim,6,426
5825,25.0,F,5641.0,Salvador,feijao,Não,4,376
5826,26.0,F,,Rio,arroz,Sim,7,273
5827,21.0,M,2254.0,São Paulo,oleo,Não,4,372
5828,63.0,,5409.0,São Paulo,cafe,Sim,9,648
5829,40.0,M,,Salvador,arroz,Não,3,186
5830,47.0,M,6464.0,São Paulo,feijao,Sim,6,264
5831,27.0,F,1614.0,Curitiba,arroz,Sim,3,216
5832,61.0,F,5398.0,Curitiba,feijao,Sim,10,820
5833,24.0,F,4423.0,São Paulo,,Não,1,73
5834,44.0,F,6927.0,São Paulo,feijao,Não,6,276
5835,61.0,F,7621.0,Belo Horizonte,acucar,Sim,6,162
5836,59.0,F,4317.0,Belo Horizonte,cafe,Não,10,510
5837,35.0,F,4832.0,Salvador,feijao,Sim,1,76
5838,33.0,F,5234.0,Curitiba,arroz,Sim,7,378
5839,35.0,F,2528.0,Curitiba,feijao,Sim,2,114
5840,45.0,M,3292.0,Curitiba,acucar,Sim,1,22
5841,40.0,,3268.0,Belo Horizonte,cafe,Sim,5,260
5842,45.0,M,,São Paulo,arroz,Sim,3,87
5843,54.0,M,2339.0,Curitiba,cafe,Sim,8,568
5844,46.0,F,1881.0,Rio,acucar,Sim,1,96
5845,28.0,F,3931.0,Belo Horizonte,arroz,Sim,2,178
5846,,M,1288.0,São Paulo,cafe,Não,5,490
5847,29.0,F,6686.0,São Paulo,cafe,Sim,1,99
5848,63.0,F,3614.0,Curitiba,arroz,Sim,6,462
5849,60.0,F,5956.0,Belo Horizonte,cafe,Sim,10,950
5850,,F,3697.0,São Paulo,oleo,Sim,10,360
5851,38.0,F,7753.0,Belo Horizonte,feijao,Não,3,186
5852,45.0,,,Curitiba,arroz,Sim,1,84
5853,32.0,,6251.0,São Paulo,feijao,Não,3,147
5854,63.0,F,6029.0,Belo Horizonte,arroz,Sim,2,164
5855,21.0,M,4859.0,Belo Horizonte,feijao,Sim,3,159
5856,57.0,M,2104.0,Salvador,arroz,Não,10,450
5857,58.0,M,4052.0,Curitiba,arroz,Sim,5,365
5858,57.0,F,,São Paulo,cafe,Sim,9,801
5859,60.0,F,2954.0,Rio,feijao,Sim,2,132
5860,39.0,M,6566.0,Salvador,cafe,Não,9,351
5861,57.0,F,2468.0,Rio,acucar,Não,2,188
5862,,M,,Curitiba,feijao,Não,8,312
5863,30.0,F,3049.0,São Paulo,arroz,Sim,6,240
5864,53.0,M,6134.0,Salvador,acucar,Sim,9,243
5865,59.0,F,3536.0,Belo Horizonte,oleo,Não,1,69
5866,24.0,M,2614.0,Belo Horizonte,acucar,Sim,5,180
5867,20.0,M,5214.0,Curitiba,cafe,Não,7,161
5868,22.0,M,4884.0,Curitiba,oleo,Não,5,305
5869,35.0,F,5834.0,Rio,cafe,Não,1,76
5870,32.0,M,7431.0,Curitiba,feijao,Sim,2,100
5871,57.0,M,7481.0,Salvador,acucar,Sim,8,160
5872,34.0,F,5218.0,Salvador,oleo,Sim,6,246
5873,,M,5769.0,Salvador,,Sim,5,165
5874,,,6670.0,São Paulo,oleo,Não,10,750
5875,42.0,F,1799.0,Salvador,cafe,Sim,4,184
5876,28.0,F,1613.0,Belo Horizonte,acucar,Não,4,244
5877,51.0,M,7371.0,Salvador,acucar,Não,3,204
5878,45.0,M,6593.0,São Paulo,acucar,Sim,1,84
5879,47.0,F,5382.0,Salvador,,Sim,9,675
5880,,M,,Belo Horizonte,oleo,Não,8,440
5881,42.0,M,7671.0,Rio,cafe,Não,5,465
5882,29.0,,7376.0,São Paulo,acucar,Sim,3,231
5883,38.0,F,5459.0,Salvador,oleo,Não,6,378
5884,43.0,F,7191.0,Rio,feijao,Não,1,66
5885,52.0,M,5609.0,Salvador,cafe,Sim,1,57
5886,64.0,M,1979.0,Rio,arroz,Sim,10,640
5887,45.0,F,7311.0,Rio,cafe,Sim,1,39
5888,35.0,F,4384.0,Rio,arroz,Não,6,408
5889,58.0,M,,Belo Horizonte,cafe,Não,7,357
5890,64.0,,4130.0,Salvador,oleo,Não,8,432
5891,44.0,M,1448.0,Rio,acucar,Sim,8,464
5892,35.0,F,4130.0,São Paulo,feijao,Sim,9,837
5893,,M,2301.0,Curitiba,acucar,Não,8,664
5894,38.0,,7360.0,Curitiba,,Sim,9,486
5895,36.0,F,3798.0,Rio,cafe,Não,2,198
5896,,M,7438.0,Rio,feijao,Não,8,256
5897,57.0,F,5256.0,São Paulo,cafe,Não,7,616
5898,65.0,,7553.0,Salvador,feijao,Sim,6,498
5899,38.0,F,7167.0,Curitiba,feijao,Sim,10,780
5900,35.0,M,7212.0,Salvador,oleo,Sim,7,455
5901,48.0,M,,Rio,oleo,Não,10,710
5902,20.0,F,1214.0,Belo Horizonte,feijao,Sim,7,336
5903,59.0,M,3168.0,Rio,oleo,Sim,8,600
5904,48.0,M,2634.0,Salvador,,Não,7,280
5905,23.0,F,3592.0,Rio,acucar,Não,2,192
5906,20.0,M,1923.0,São Paulo,acucar,Sim,7,266
5907,26.0,M,7882.0,Rio,arroz,Sim,10,560
5908,,F,7259.0,Curitiba,feijao,Sim,10,740
5909,22.0,M,,Curitiba,,Sim,6,444
5910,61.0,F,3676.0,Rio,cafe,Não,5,285
5911,36.0,,6079.0,Salvador,feijao,Sim,8,168
5912,44.0,M,7499.0,São Paulo,acucar,Sim,10,860
5913,55.0,M,4695.0,Rio,cafe,Sim,6,576
5914,33.0,M,4152.0,Salvador,cafe,Não,1,89
5915,55.0,M,6966.0,São Paulo,cafe,Não,8,280
5916,45.0,M,3153.0,Belo Horizonte,oleo,Sim,3,183
5917,30.0,,4427.0,Salvador,oleo,Sim,8,200
5918,26.0,M,7077.0,Belo Horizonte,,Sim,5,155
5919,34.0,F,4655.0,Rio,oleo,Não,2,140
5920,28.0,F,2342.0,Curitiba,feijao,Sim,7,560
5921,43.0,M,7443.0,Salvador,cafe,Sim,1,56
5922,63.0,F,1722.0,São Paulo,feijao,Sim,1,75
5923,54.0,F,3220.0,Curitiba,,Sim,10,880
5924,39.0,M,4151.0,Rio,oleo,Não,2,108
5925,43.0,,1655.0,São Paulo,oleo,Sim,5,145
5926,48.0,,2177.0,Rio,feijao,Sim,5,275
5927,52.0,M,6908.0,Rio,cafe,Não,1,80
5928,41.0,M,5828.0,Curitiba,acucar,Sim,6,462
5929,29.0,,4119.0,Belo Horizonte,cafe,Não,9,207
5930,30.0,F,4289.0,Curitiba,arroz,Sim,1,88
5931,63.0,M,5387.0,Rio,cafe,Sim,5,490
5932,61.0,M,2712.0,São Paulo,cafe,Sim,2,162
5933,47.0,F,7487.0,São Paulo,acucar,Sim,9,360
5934,51.0,M,7479.0,Salvador,oleo,Não,2,46
5935,59.0,M,2081.0,Salvador,arroz,Sim,1,95
5936,57.0,F,5488.0,Rio,cafe,Sim,4,220
5937,65.0,M,3368.0,São Paulo,,Não,4,380
5938,31.0,M,1576.0,Curitiba,arroz,Não,6,432
5939,26.0,F,,São Paulo,,Não,1,100
5940,28.0,F,2948.0,Rio,arroz,Sim,4,316
5941,,M,,São Paulo,,Não,3,123
5942,56.0,M,7212.0,São Paulo,oleo,Sim,3,132
5943,28.0,M,7769.0,Belo Horizonte,acucar,Sim,3,195
5944,31.0,F,2918.0,Salvador,arroz,Sim,3,273
5945,60.0,M,2523.0,Belo Horizonte,feijao,Sim,8,240
5946,34.0,F,1629.0,Rio,arroz,Sim,8,416
5947,35.0,F,6584.0,Curitiba,acucar,Sim,2,56
5948,58.0,M,6228.0,Curitiba,cafe,Não,1,74
5949,26.0,F,4154.0,Rio,feijao,Não,7,350
5950,48.0,M,1957.0,Curitiba,,Sim,4,196
5951,46.0,F,4776.0,Rio,cafe,Sim,9,522
5952,56.0,F,1884.0,Belo Horizonte,acucar,Sim,6,156
5953,19.0,,6175.0,Belo Horizonte,feijao,Sim,8,664
5954,56.0,M,6118.0,Salvador,acucar,Não,10,690
5955,32.0,F,6102.0,Belo Horizonte,,Não,6,120
5956,48.0,F,5007.0,São Paulo,cafe,Sim,6,390
5957,,M,,Rio,,Sim,8,344
5958,64.0,F,,Belo Horizonte,arroz,Sim,2,150
5959,,F,7835.0,Curitiba,arroz,Sim,9,396
5960,20.0,M,7461.0,Salvador,arroz,Sim,5,340
5961,53.0,M,5858.0,São Paulo,cafe,Sim,8,216
5962,57.0,F,4077.0,Salvador,cafe,Sim,6,276
5963,41.0,M,5410.0,Rio,oleo,Sim,10,810
5964,48.0,F,,Belo Horizonte,acucar,Não,8,176
5965,38.0,F,2998.0,Rio,cafe,Sim,1,99
5966,24.0,F,,Curitiba,oleo,Sim,7,574
5967,,M,3974.0,Belo Horizonte,arroz,Sim,10,750
5968,23.0,,6037.0,Salvador,cafe,Não,5,460
5969,45.0,F,3339.0,Curitiba,acucar,Sim,8,568
5970,21.0,F,7004.0,Belo Horizonte,oleo,Sim,7,504
5971,25.0,M,3151.0,Belo Horizonte,feijao,Não,2,194
5972,36.0,M,7909.0,Curitiba,acucar,Sim,3,174
5973,52.0,F,5723.0,Rio,feijao,Não,1,36
5974,48.0,M,7944.0,São Paulo,oleo,Não,7,350
5975,53.0,F,,Curitiba,acucar,Sim,10,280
5976,48.0,M,3163.0,Curitiba,acucar,Não,6,342
5977,50.0,M,6810.0,Rio,cafe,Sim,4,372
5978,54.0,M,4744.0,São Paulo,oleo,Não,8,352
5979,53.0,F,,Belo Horizonte,cafe,Sim,8,736
5980,,M,3838.0,Curitiba,cafe,Sim,4,392
5981,,,2434.0,São Paulo,arroz,Sim,5,280
5982,64.0,M,4931.0,São Paulo,arroz,Sim,5,360
5983,,,7211.0,São Paulo,acucar,Sim,7,616
5984,27.0,,6429.0,Salvador,cafe,Não,3,213
5985,42.0,F,2791.0,São Paulo,arroz,Sim,10,610
5986,57.0,F,5178.0,Salvador,cafe,Não,1,74
5987,24.0,M,2379.0,Salvador,acucar,Não,1,52
5988,51.0,,5296.0,Salvador,cafe,Sim,1,57
5989,,M,2854.0,Salvador,oleo,Não,2,184
5990,33.0,M,3743.0,Salvador,acucar,Sim,8,296
5991,,,1559.0,Belo Horizonte,arroz,Sim,1,97
5992,31.0,F,3823.0,Belo Horizonte,cafe,Não,6,378
5993,27.0,F,5164.0,Belo Horizonte,acucar,Sim,9,522
5994,56.0,M,1417.0,São Paulo,,Não,6,450
5995,47.0,F,6860.0,Salvador,,Sim,1,83
5996,50.0,M,2840.0,São Paulo,feijao,Não,6,234
5997,34.0,M,1531.0,Belo Horizonte,acucar,Sim,2,82
5998,49.0,F,6488.0,Rio,,Sim,4,248
5999,35.0,F,2961.0,São Paulo,arroz,Não,2,68
6000,26.0,M,5079.0,Rio,feijao,Sim,3,240
6001,56.0,M,2856.0,Salvador,arroz,Não,3,72
6002,32.0,M,5076.0,São Paulo,acucar,Sim,4,140
6003,30.0,F,1378.0,Curitiba,acucar,Não,5,125
6004,56.0,M,4066.0,Rio,,Sim,10,220
6005,44.0,M,7818.0,Belo Horizonte,acucar,Não,5,210
6006,26.0,M,3926.0,Curitiba,arroz,Não,6,372
6007,65.0,M,3796.0,Salvador,,Sim,4,328
6008,51.0,F,1239.0,Salvador,oleo,Não,5,215
6009,38.0,F,7298.0,Salvador,cafe,Sim,7,581
6010,59.0,F,2577.0,Salvador,oleo,Sim,9,846
6011,64.0,M,1407.0,São Paulo,arroz,Não,10,470
6012,60.0,F,3937.0,Belo Horizonte,acucar,Sim,10,860
6013,,M,2361.0,Rio,acucar,Não,7,161
6014,25.0,M,2078.0,Rio,oleo,Não,5,385
6015,36.0,F,6616.0,Curitiba,oleo,Sim,2,46
6016,56.0,M,4164.0,Belo Horizonte,oleo,Não,10,630
6017,35.0,F,5452.0,Belo Horizonte,,Sim,8,648
6018,65.0,M,4610.0,Rio,oleo,Não,8,344
6019,59.0,F,3658.0,São Paulo,oleo,Sim,7,658
6020,24.0,F,3136.0,Salvador,oleo,Não,2,44
6021,44.0,M,,Rio,cafe,Sim,5,260
6022,51.0,F,6401.0,Rio,acucar,Sim,10,720
6023,20.0,,1289.0,Curitiba,acucar,Não,4,92
6024,29.0,M,,Salvador,feijao,Não,10,640
6025,31.0,M,7030.0,Belo Horizonte,cafe,Sim,3,132
6026,57.0,,3680.0,Rio,acucar,Sim,10,810
6027,59.0,M,,Curitiba,arroz,Não,9,189
6028,58.0,,4047.0,Curitiba,acucar,Não,5,160
6029,34.0,F,6055.0,Rio,acucar,Sim,8,288
6030,31.0,F,6396.0,Belo Horizonte,oleo,Sim,3,300
6031,39.0,M,2875.0,Belo Horizonte,feijao,Sim,2,108
6032,54.0,M,2586.0,São Paulo,oleo,Não,4,360
6033,61.0,F,1530.0,Salvador,acucar,Sim,4,116
6034,31.0,,6055.0,Belo Horizonte,feijao,Sim,6,294
6035,61.0,M,6682.0,Salvador,acucar,Sim,2,66
6036,53.0,F,7349.0,Rio,oleo,Sim,3,288
6037,50.0,F,,Salvador,feijao,Não,1,36
6038,53.0,F,5894.0,Curitiba,,Sim,1,70
6039,28.0,M,6743.0,Salvador,arroz,Sim,10,910
6040,36.0,M,2920.0,Curitiba,cafe,Sim,5,235
6041,27.0,F,1902.0,Curitiba,arroz,Sim,6,576
6042,48.0,,5220.0,São Paulo,,Não,5,350
6043,48.0,M,7148.0,Belo Horizonte,cafe,Não,10,500
6044,27.0,F,7985.0,Curitiba,arroz,Não,2,60
6045,39.0,M,3727.0,Curitiba,acucar,Sim,4,228
6046,59.0,M,5168.0,Belo Horizonte,oleo,Sim,5,240
6047,,,4020.0,Belo Horizonte,oleo,Não,4,200
6048,25.0,M,6186.0,Salvador,,Sim,1,22
6049,19.0,F,2431.0,Rio,feijao,Sim,5,140
6050,57.0,M,7721.0,Curitiba,arroz,Não,9,180
6051,35.0,M,3324.0,São Paulo,feijao,Não,3,147
6052,55.0,M,6797.0,Curitiba,,Sim,4,208
6053,55.0,M,4585.0,Salvador,oleo,Sim,7,581
6054,42.0,F,1902.0,Salvador,arroz,Não,7,182
6055,30.0,F,6075.0,Rio,arroz,Sim,8,624
6056,58.0,M,2676.0,São Paulo,acucar,Sim,1,47
6057,33.0,F,4145.0,Belo Horizonte,feijao,Não,1,42
6058,48.0,M,5460.0,Salvador,cafe,Sim,3,282
6059,58.0,F,6596.0,São Paulo,oleo,Não,6,294
6060,35.0,M,7726.0,São Paulo,acucar,Sim,7,357
6061,39.0,M,5265.0,São Paulo,arroz,Sim,6,264
6062,25.0,F,4321.0,São Paulo,,Não,6,198
6063,24.0,,2364.0,Rio,,Sim,3,270
6064,43.0,F,4205.0,Belo Horizonte,oleo,Sim,5,160
6065,26.0,M,1809.0,Rio,,Sim,5,135
6066,18.0,M,4867.0,São Paulo,oleo,Não,9,225
6067,31.0,M,3665.0,Salvador,arroz,Sim,9,225
6068,39.0,F,7201.0,Belo Horizonte,acucar,Sim,2,146
6069,30.0,M,3203.0,São Paulo,cafe,Sim,9,630
6070,21.0,F,3464.0,Belo Horizonte,oleo,Não,1,87
6071,48.0,F,7034.0,Rio,arroz,Sim,4,104
6072,36.0,F,6397.0,São Paulo,arroz,Não,3,291
6073,36.0,M,7265.0,Belo Horizonte,feijao,Sim,5,375
6074,37.0,M,5419.0,Rio,acucar,Sim,6,438
6075,60.0,F,5650.0,Belo Horizonte,oleo,Não,9,891
6076,22.0,F,,Belo Horizonte,,Sim,4,320
6077,56.0,M,1683.0,São Paulo,feijao,Sim,3,129
6078,22.0,M,7212.0,Rio,feijao,Sim,7,546
6079,58.0,M,,Curitiba,arroz,Não,1,39
6080,,M,5444.0,Salvador,arroz,Não,6,270
6081,28.0,F,3249.0,Rio,cafe,Não,1,79
6082,,F,6957.0,Curitiba,acucar,Não,2,190
6083,62.0,F,5920.0,Rio,acucar,Não,5,380
6084,26.0,M,7390.0,Salvador,arroz,Sim,7,518
6085,55.0,F,4725.0,São Paulo,oleo,Sim,6,444
6086,65.0,M,3236.0,Belo Horizonte,acucar,Sim,1,50
6087,53.0,M,3745.0,Salvador,acucar,Sim,2,58
6088,42.0,M,7629.0,São Paulo,oleo,Não,6,276
6089,27.0,,6918.0,São Paulo,,Não,2,84
6090,20.0,F,,São Paulo,arroz,Sim,3,96
6091,51.0,F,3917.0,Curitiba,oleo,Não,3,135
6092,22.0,F,3874.0,Rio,,Sim,8,440
6093,19.0,F,,Salvador,,Sim,1,33
6094,33.0,M,5361.0,São Paulo,,Não,5,165
6095,31.0,F,6652.0,Rio,cafe,Sim,2,136
6096,19.0,M,4497.0,São Paulo,,Sim,10,650
6097,65.0,F,1204.0,São Paulo,arroz,Não,1,73
6098,56.0,,6430.0,Curitiba,feijao,Não,8,184
6099,35.0,M,2027.0,São Paulo,feijao,Sim,5,105
6100,41.0,M,5761.0,Rio,acucar,Sim,6,522
6101,50.0,F,2166.0,Curitiba,acucar,Sim,8,768
6102,65.0,M,6011.0,Curitiba,,Sim,4,124
6103,49.0,M,5047.0,Salvador,cafe,Sim,10,420
6104,35.0,F,4969.0,Belo Horizonte,oleo,Não,9,585
6105,,M,6202.0,Salvador,feijao,Não,5,375
6106,44.0,M,7738.0,Curitiba,oleo,Não,2,150
6107,60.0,F,3901.0,Salvador,arroz,Sim,10,680
6108,27.0,F,2857.0,Salvador,cafe,Sim,2,134
6109,24.0,F,,Rio,arroz,Não,1,92
6110,64.0,M,4645.0,Rio,arroz,Sim,3,144
6111,54.0,M,4187.0,Salvador,oleo,Sim,3,135
6112,51.0,F,6732.0,Salvador,oleo,Não,10,230
6113,25.0,M,4630.0,Salvador,arroz,Sim,6,546
6114,44.0,F,6026.0,Rio,,Não,10,900
6115,30.0,F,6392.0,Salvador,feijao,Sim,10,450
6116,41.0,M,5558.0,Salvador,acucar,Não,1,25
6117,45.0,F,4434.0,Rio,acucar,Sim,10,220
6118,45.0,,1426.0,São Paulo,acucar,Não,6,162
6119,,F,,Rio,feijao,Sim,9,891
6120,38.0,F,5853.0,Curitiba,cafe,Sim,5,395
6121,59.0,F,3087.0,Curitiba,acucar,Não,10,330
6122,22.0,F,2919.0,São Paulo,cafe,Sim,8,496
6123,41.0,F,5597.0,Curitiba,acucar,Sim,7,672
6124,,M,3223.0,Salvador,oleo,Sim,2,76
6125,37.0,F,2663.0,Rio,arroz,Não,9,666
6126,49.0,M,2950.0,Belo Horizonte,arroz,Não,1,88
6127,22.0,F,6352.0,Rio,arroz,Sim,6,270
6128,36.0,M,3662.0,Rio,oleo,Não,10,450
6129,49.0,,6059.0,São Paulo,oleo,Sim,9,459
6130,34.0,F,6484.0,Curitiba,arroz,Não,1,29
6131,52.0,,1911.0,Rio,cafe,Não,1,51
6132,22.0,M,3467.0,Rio,arroz,Não,2,198
6133,64.0,F,2215.0,São Paulo,oleo,Sim,6,246
6134,64.0,F,5398.0,Rio,oleo,Não,4,364
6135,60.0,F,6192.0,Belo Horizonte,arroz,Sim,2,64
6136,65.0,M,6670.0,Curitiba,acucar,Não,7,280
6137,50.0,M,3366.0,Salvador,cafe,Sim,4,284
6138,55.0,M,6529.0,Curitiba,feijao,Sim,8,472
6139,19.0,,6304.0,Belo Horizonte,acucar,Sim,2,110
6140,34.0,,5062.0,Curitiba,oleo,Sim,3,126
6141,55.0,M,5764.0,Belo Horizonte,oleo,Não,5,235
6142,58.0,M,7568.0,Salvador,feijao,Sim,8,248
6143,54.0,M,3771.0,Curitiba,feijao,Sim,1,34
6144,56.0,,4118.0,Belo Horizonte,oleo,Não,8,416
6145,33.0,M,7807.0,Salvador,oleo,Sim,4,140
6146,45.0,,4646.0,Salvador,arroz,Não,10,270
6147,61.0,F,2391.0,Belo Horizonte,oleo,Sim,10,260
6148,34.0,M,7006.0,Belo Horizonte,oleo,Sim,8,720
6149,,F,7435.0,Salvador,feijao,Sim,4,100
6150,,F,6296.0,Belo Horizonte,cafe,Sim,10,520
6151,52.0,F,3981.0,Salvador,acucar,Sim,10,510
6152,27.0,M,6732.0,São Paulo,cafe,Sim,6,498
6153,22.0,,6754.0,São Paulo,cafe,Não,5,100
6154,21.0,F,,Rio,arroz,Não,7,140
6155,45.0,,5308.0,Belo Horizonte,arroz,Sim,1,87
6156,31.0,F,4354.0,Belo Horizonte,cafe,Sim,3,231
6157,18.0,,7138.0,São Paulo,,Sim,6,216
6158,20.0,M,3473.0,São Paulo,arroz,Sim,3,240
6159,51.0,M,4803.0,Salvador,oleo,Sim,6,570
6160,49.0,,4949.0,Rio,arroz,Sim,9,567
6161,51.0,F,1783.0,São Paulo,arroz,Sim,7,301
6162,52.0,M,2306.0,Curitiba,acucar,Não,1,27
6163,26.0,M,2010.0,Curitiba,oleo,Não,4,316
6164,64.0,M,5321.0,Rio,,Sim,7,602
6165,18.0,F,5146.0,Curitiba,arroz,Sim,9,828
6166,52.0,F,5103.0,Salvador,feijao,Não,2,182
6167,19.0,M,4297.0,Belo Horizonte,feijao,Sim,10,1000
6168,,M,1524.0,Belo Horizonte,,Não,4,356
6169,36.0,M,2827.0,Curitiba,cafe,Sim,6,318
6170,49.0,M,1677.0,Belo Horizonte,cafe,Sim,6,366
6171,18.0,M,,Curitiba,arroz,Sim,1,71
6172,37.0,F,4732.0,Belo Horizonte,arroz,Sim,4,136
6173,33.0,M,2252.0,Rio,feijao,Não,9,810
6174,51.0,F,7246.0,Curitiba,feijao,Não,5,220
6175,22.0,F,3231.0,Salvador,feijao,Sim,5,260
6176,23.0,M,1947.0,Salvador,cafe,Sim,8,712
6177,62.0,F,5206.0,Belo Horizonte,cafe,Sim,5,445
6178,38.0,F,5222.0,Salvador,feijao,Não,6,282
6179,18.0,M,4784.0,São Paulo,feijao,Sim,7,287
6180,,F,7497.0,São Paulo,feijao,Sim,4,300
6181,58.0,F,3828.0,Belo Horizonte,feijao,Não,6,348
6182,44.0,F,6806.0,São Paulo,arroz,Sim,9,612
6183,51.0,F,4508.0,São Paulo,oleo,Sim,3,63
6184,48.0,M,2387.0,São Paulo,arroz,Não,4,232
6185,59.0,F,5813.0,Salvador,arroz,Não,4,256
6186,57.0,F,6588.0,Belo Horizonte,feijao,Sim,2,140
6187,28.0,M,5719.0,Salvador,oleo,Sim,3,273
6188,57.0,F,5253.0,São Paulo,oleo,Não,8,400
6189,28.0,F,7053.0,Salvador,arroz,Não,2,148
6190,21.0,M,3860.0,Curitiba,acucar,Sim,5,210
6191,30.0,M,3800.0,São Paulo,oleo,Não,5,390
6192,56.0,F,3432.0,Salvador,oleo,Não,2,198
6193,22.0,M,1255.0,Salvador,,Não,10,640
6194,31.0,M,6660.0,São Paulo,oleo,Não,5,275
6195,18.0,M,,São Paulo,arroz,Não,6,264
6196,52.0,M,3411.0,Salvador,acucar,Sim,5,100
6197,32.0,F,3889.0,Rio,oleo,Não,3,129
6198,57.0,F,4763.0,Salvador,acucar,Sim,4,352
6199,35.0,F,4739.0,Belo Horizonte,feijao,Sim,1,52
6200,,F,5937.0,São Paulo,oleo,Sim,2,62
6201,42.0,,6808.0,Rio,acucar,Sim,9,792
6202,,F,7512.0,Curitiba,oleo,Sim,5,320
6203,51.0,F,4923.0,Salvador,oleo,Sim,4,356
6204,49.0,F,2703.0,Rio,acucar,Sim,7,448
6205,51.0,M,3334.0,São Paulo,oleo,Sim,4,364
6206,41.0,F,1377.0,Salvador,arroz,Sim,3,162
6207,65.0,M,7313.0,São Paulo,oleo,Não,7,546
6208,30.0,M,2113.0,Belo Horizonte,,Sim,5,190
6209,30.0,F,7263.0,Curitiba,feijao,Sim,7,420
6210,36.0,F,5600.0,Salvador,feijao,Sim,10,490
6211,54.0,M,6534.0,Salvador,feijao,Não,9,639
6212,,M,1388.0,Salvador,,Não,4,180
6213,54.0,F,4666.0,São Paulo,oleo,Sim,9,684
6214,31.0,F,5439.0,Salvador,feijao,Sim,6,276
6215,40.0,M,3566.0,Belo Horizonte,acucar,Sim,2,84
6216,63.0,M,4192.0,São Paulo,cafe,Sim,1,83
6217,32.0,M,3787.0,São Paulo,feijao,Não,4,92
6218,,M,7962.0,Belo Horizonte,cafe,Não,8,232
6219,65.0,F,4084.0,Belo Horizonte,arroz,Sim,4,240
6220,35.0,M,3423.0,Curitiba,,Sim,1,65
6221,25.0,F,4275.0,Curitiba,arroz,Não,10,910
6222,,M,3768.0,Rio,oleo,Não,5,305
6223,35.0,F,2536.0,São Paulo,oleo,Sim,3,117
6224,39.0,M,5476.0,São Paulo,acucar,Não,5,225
6225,48.0,,,Curitiba,cafe,Não,1,25
6226,63.0,M,2747.0,Salvador,cafe,Sim,9,711
6227,21.0,,,São Paulo,oleo,Sim,4,292
6228,24.0,F,5728.0,São Paulo,arroz,Não,4,112
6229,27.0,F,7781.0,Salvador,acucar,Não,8,208
6230,18.0,M,4426.0,Curitiba,acucar,Sim,1,20
6231,19.0,M,2092.0,Rio,oleo,Não,1,36
6232,43.0,M,5663.0,Curitiba,acucar,Não,9,792
6233,34.0,F,4823.0,Belo Horizonte,feijao,Não,7,266
6234,29.0,F,2338.0,São Paulo,cafe,Sim,4,176
6235,,F,7856.0,Salvador,oleo,Sim,8,640
6236,46.0,M,4616.0,Belo Horizonte,arroz,Sim,7,469
6237,34.0,M,,Belo Horizonte,oleo,Não,6,594
6238,59.0,,7689.0,Salvador,cafe,Sim,8,464
6239,21.0,,6862.0,Curitiba,,Não,7,658
6240,58.0,M,7356.0,Salvador,oleo,Sim,7,644
6241,63.0,F,6045.0,Belo Horizonte,oleo,Não,3,102
6242,29.0,,,Rio,cafe,Não,7,483
6243,36.0,F,6261.0,Curitiba,arroz,Sim,3,105
6244,41.0,M,,Salvador,feijao,Sim,8,472
6245,23.0,F,1722.0,Curitiba,acucar,Sim,4,204
6246,56.0,M,5618.0,Curitiba,oleo,Sim,9,900
6247,24.0,F,,Rio,acucar,Sim,9,621
6248,,,2921.0,Rio,cafe,Sim,9,441
6249,43.0,F,5546.0,Rio,oleo,Não,7,623
6250,65.0,,3165.0,Salvador,oleo,Não,3,123
6251,60.0,F,5235.0,Belo Horizonte,oleo,Não,1,21
6252,25.0,F,1666.0,Salvador,oleo,Não,2,158
6253,41.0,M,5693.0,Belo Horizonte,feijao,Não,8,536
6254,52.0,F,7623.0,Belo Horizonte,acucar,Não,10,220
6255,20.0,F,6057.0,Belo Horizonte,arroz,Não,6,330
6256,,M,6838.0,São Paulo,cafe,Sim,5,115
6257,37.0,M,5871.0,São Paulo,cafe,Não,8,512
6258,53.0,M,6117.0,Belo Horizonte,cafe,Sim,1,46
6259,,M,6740.0,Salvador,oleo,Sim,8,472
6260,36.0,F,7646.0,Belo Horizonte,feijao,Não,1,64
6261,60.0,M,4804.0,Belo Horizonte,,Sim,3,174
6262,41.0,F,7173.0,Rio,arroz,Sim,1,41
6263,47.0,F,2810.0,Belo Horizonte,feijao,Sim,1,55
6264,,F,3551.0,Rio,acucar,Sim,6,498
6265,23.0,,2655.0,Rio,feijao,Não,3,171
6266,51.0,M,2320.0,Salvador,cafe,Sim,5,440
6267,27.0,F,4606.0,Belo Horizonte,,Sim,4,400
6268,63.0,M,,Salvador,oleo,Não,6,576
6269,64.0,M,2281.0,Salvador,acucar,Sim,5,500
6270,62.0,M,6587.0,Rio,cafe,Não,3,267
6271,54.0,M,6231.0,Curitiba,acucar,Sim,2,92
6272,,,5312.0,Salvador,acucar,Não,4,352
6273,49.0,F,7229.0,Rio,oleo,Sim,4,348
6274,59.0,F,6285.0,Salvador,oleo,Sim,3,288
6275,64.0,F,6318.0,Belo Horizonte,acucar,Sim,8,464
6276,39.0,M,,Rio,cafe,Não,7,560
6277,,M,7756.0,São Paulo,cafe,Não,2,142
6278,32.0,M,5346.0,Belo Horizonte,feijao,Sim,6,576
6279,24.0,,2603.0,Salvador,oleo,Sim,8,664
6280,61.0,F,3437.0,Belo Horizonte,cafe,Não,10,350
6281,48.0,F,1987.0,Belo Horizonte,oleo,Não,4,88
6282,,F,6201.0,Belo Horizonte,,Sim,7,301
6283,43.0,F,7816.0,São Paulo,cafe,Sim,7,546
6284,41.0,F,,Curitiba,acucar,Não,7,280
6285,38.0,M,4560.0,Belo Horizonte,acucar,Sim,4,352
6286,19.0,F,,São Paulo,arroz,Sim,10,380
6287,33.0,,7245.0,São Paulo,acucar,Sim,8,192
6288,46.0,,7115.0,Salvador,arroz,Sim,10,840
6289,18.0,M,7648.0,São Paulo,cafe,Não,5,235
6290,27.0,M,7209.0,Curitiba,cafe,Sim,4,104
6291,31.0,F,7882.0,Curitiba,arroz,Sim,3,300
6292,53.0,F,4333.0,São Paulo,arroz,Sim,10,550
6293,28.0,F,7853.0,Curitiba,cafe,Sim,6,330
6294,28.0,F,,Salvador,oleo,Não,6,222
6295,63.0,M,,Rio,,Sim,6,456
6296,,F,4812.0,São Paulo,cafe,Sim,2,110
6297,47.0,F,5634.0,Belo Horizonte,,Sim,5,425
6298,38.0,F,7518.0,Salvador,acucar,Sim,9,882
6299,59.0,F,2886.0,Rio,arroz,Sim,2,56
6300,21.0,F,6568.0,Rio,feijao,Sim,1,92
6301,63.0,M,4714.0,Salvador,,Sim,3,291
6302,59.0,F,6549.0,Belo Horizonte,arroz,Não,9,360
6303,22.0,F,2412.0,Curitiba,,Não,8,560
6304,36.0,M,2647.0,Curitiba,,Sim,9,657
6305,35.0,F,3482.0,São Paulo,arroz,Sim,5,475
6306,58.0,F,2124.0,Belo Horizonte,arroz,Não,1,31
6307,31.0,M,,São Paulo,oleo,Não,1,91
6308,61.0,M,5407.0,Belo Horizonte,feijao,Sim,10,730
6309,40.0,F,,Belo Horizonte,arroz,Não,10,470
6310,,M,7679.0,São Paulo,feijao,Não,2,92
6311,24.0,M,7424.0,Belo Horizonte,oleo,Sim,5,145
6312,45.0,M,2991.0,Belo Horizonte,cafe,Não,2,68
6313,40.0,M,4878.0,Rio,arroz,Sim,5,225
6314,22.0,F,4164.0,Salvador,arroz,Sim,4,252
6315,41.0,M,,Belo Horizonte,acucar,Não,4,156
6316,58.0,M,6543.0,Curitiba,acucar,Sim,10,610
6317,51.0,M,5864.0,Curitiba,feijao,Sim,10,590
6318,22.0,M,7591.0,São Paulo,arroz,Sim,1,48
6319,39.0,F,2401.0,Salvador,acucar,Sim,9,459
6320,33.0,M,,Curitiba,cafe,Não,9,441
6321,35.0,,1903.0,São Paulo,acucar,Sim,2,180
6322,,F,2954.0,São Paulo,cafe,Sim,8,288
6323,53.0,M,7908.0,Belo Horizonte,cafe,Sim,2,186
6324,56.0,F,3360.0,Curitiba,acucar,Não,2,74
6325,,M,7699.0,Rio,acucar,Sim,4,136
6326,,M,2834.0,Rio,oleo,Sim,8,776
6327,47.0,F,2825.0,São Paulo,oleo,Sim,2,94
6328,36.0,M,2280.0,São Paulo,arroz,Não,9,486
6329,20.0,F,4678.0,Salvador,cafe,Não,6,354
6330,,M,2453.0,Curitiba,feijao,Sim,3,63
6331,34.0,F,5776.0,São Paulo,feijao,Sim,3,120
6332,,F,,Rio,arroz,Sim,4,100
6333,33.0,M,7187.0,Belo Horizonte,cafe,Não,5,385
6334,39.0,M,2513.0,Rio,feijao,Sim,5,110
6335,30.0,M,4195.0,Rio,acucar,Sim,9,873
6336,24.0,M,7144.0,São Paulo,cafe,Sim,4,140
6337,52.0,F,5993.0,Curitiba,acucar,Não,7,399
6338,28.0,M,4409.0,Rio,,Sim,9,306
6339,50.0,F,2342.0,Belo Horizonte,feijao,Sim,8,760
6340,60.0,M,,Curitiba,cafe,Sim,8,432
6341,44.0,F,7620.0,Salvador,feijao,Sim,2,146
6342,46.0,M,6823.0,Rio,feijao,Sim,7,406
6343,31.0,F,7286.0,Curitiba,cafe,Sim,10,810
6344,54.0,F,2683.0,Curitiba,feijao,Sim,10,490
6345,49.0,M,4679.0,Belo Horizonte,oleo,Sim,4,156
6346,41.0,F,6581.0,São Paulo,feijao,Não,10,610
6347,33.0,F,4097.0,Curitiba,feijao,Não,7,245
6348,60.0,F,3731.0,Curitiba,feijao,Sim,7,462
6349,33.0,M,6954.0,Rio,cafe,Não,2,198
6350,18.0,M,2409.0,Belo Horizonte,arroz,Não,3,165
6351,32.0,M,4078.0,Salvador,feijao,Sim,10,650
6352,34.0,M,2872.0,Rio,acucar,Não,4,112
6353,18.0,F,5956.0,Rio,feijao,Sim,4,204
6354,36.0,M,4950.0,Belo Horizonte,feijao,Sim,9,828
6355,60.0,F,1304.0,Rio,feijao,Não,10,660
6356,51.0,F,4480.0,Curitiba,acucar,Não,8,720
6357,55.0,F,5236.0,Rio,feijao,Não,10,500
6358,55.0,F,5739.0,Rio,oleo,Não,6,564
6359,52.0,M,6348.0,Rio,,Não,6,216
6360,50.0,F,,São Paulo,oleo,Sim,7,497
6361,32.0,M,2204.0,Belo Horizonte,cafe,Sim,6,270
6362,53.0,M,5898.0,Salvador,arroz,Sim,5,380
6363,51.0,F,4421.0,Belo Horizonte,feijao,Sim,1,69
6364,20.0,,4093.0,São Paulo,acucar,Sim,4,352
6365,59.0,M,2953.0,São Paulo,cafe,Não,8,544
6366,43.0,F,6496.0,Curitiba,oleo,Sim,8,664
6367,21.0,,7039.0,Rio,acucar,Não,4,244
6368,33.0,,7684.0,Salvador,feijao,Sim,9,702
6369,23.0,F,6975.0,Salvador,oleo,Não,7,336
6370,39.0,F,7721.0,Rio,acucar,Sim,2,78
6371,51.0,F,3603.0,Belo Horizonte,cafe,Não,7,637
6372,55.0,M,4006.0,Salvador,cafe,Sim,7,406
6373,50.0,M,,Rio,cafe,Não,1,53
6374,46.0,M,3192.0,Salvador,cafe,Sim,6,246
6375,35.0,M,3702.0,São Paulo,acucar,Sim,7,490
6376,18.0,M,2061.0,Belo Horizonte,acucar,Sim,8,160
6377,24.0,F,7451.0,Belo Horizonte,feijao,Não,6,474
6378,19.0,M,,São Paulo,feijao,Sim,2,128
6379,34.0,F,5966.0,Belo Horizonte,oleo,Sim,4,116
6380,,F,6994.0,Salvador,feijao,Sim,5,105
6381,25.0,M,1962.0,Belo Horizonte,oleo,Não,7,196
6382,39.0,F,7750.0,Salvador,cafe,Não,5,180
6383,62.0,M,7511.0,Belo Horizonte,feijao,Não,9,567
6384,54.0,F,3875.0,Salvador,acucar,Não,10,320
6385,57.0,M,6585.0,Salvador,,Sim,4,80
6386,40.0,M,1373.0,Salvador,feijao,Sim,6,498
6387,51.0,M,3288.0,São Paulo,feijao,Não,10,360
6388,46.0,F,3572.0,Salvador,feijao,Não,2,132
6389,,F,5103.0,Belo Horizonte,oleo,Sim,10,660
6390,44.0,M,7134.0,São Paulo,arroz,Sim,7,574
6391,,M,7609.0,Curitiba,arroz,Sim,2,170
6392,65.0,F,3821.0,Belo Horizonte,feijao,Sim,8,608
6393,19.0,M,4680.0,Rio,acucar,Sim,9,882
6394,53.0,F,5629.0,São Paulo,oleo,Não,2,72
6395,53.0,F,3916.0,Salvador,oleo,Não,7,476
6396,29.0,,,Belo Horizonte,,Não,6,540
6397,25.0,F,2875.0,Belo Horizonte,feijao,Sim,8,680
6398,50.0,M,6981.0,São Paulo,acucar,Sim,8,280
6399,62.0,M,5892.0,Curitiba,,Sim,1,48
6400,26.0,M,3155.0,São Paulo,oleo,Não,8,216
6401,60.0,M,5006.0,Belo Horizonte,arroz,Sim,8,208
6402,41.0,M,2979.0,São Paulo,oleo,Sim,10,420
6403,46.0,M,6384.0,Rio,arroz,Sim,2,76
6404,57.0,M,2426.0,Rio,cafe,Não,7,378
6405,38.0,F,2105.0,Curitiba,,Sim,5,160
6406,,F,3881.0,Curitiba,acucar,Sim,7,581
6407,43.0,,7539.0,Curitiba,cafe,Não,8,456
6408,51.0,M,3556.0,Salvador,acucar,Sim,8,408
6409,37.0,F,4532.0,Belo Horizonte,arroz,Sim,10,930
6410,27.0,F,7034.0,Belo Horizonte,feijao,Sim,1,49
6411,38.0,F,3893.0,Rio,feijao,Não,4,140
6412,,F,7616.0,Rio,feijao,Sim,10,860
6413,53.0,M,2185.0,São Paulo,oleo,Não,8,216
6414,40.0,F,3946.0,Rio,arroz,Sim,9,459
6415,28.0,M,7702.0,Salvador,cafe,Sim,2,114
6416,61.0,M,4698.0,Belo Horizonte,arroz,Não,10,720
6417,49.0,F,5810.0,Belo Horizonte,,Não,5,365
6418,29.0,,,Belo Horizonte,feijao,Sim,8,752
6419,63.0,M,7711.0,São Paulo,acucar,Não,10,810
6420,38.0,,3846.0,São Paulo,cafe,Sim,6,558
6421,18.0,M,1276.0,Belo Horizonte,,Não,5,460
6422,19.0,M,7388.0,Curitiba,acucar,Sim,6,444
6423,24.0,M,2648.0,Rio,arroz,Não,5,260
6424,18.0,,2188.0,Curitiba,arroz,Não,2,132
6425,58.0,F,4516.0,Belo Horizonte,acucar,Sim,5,290
6426,42.0,,4496.0,São Paulo,oleo,Sim,9,819
6427,44.0,M,5229.0,Rio,acucar,Não,5,190
6428,59.0,M,,Curitiba,,Sim,7,700
6429,34.0,F,4349.0,Belo Horizonte,arroz,Sim,10,930
6430,22.0,F,2837.0,Rio,feijao,Não,2,156
6431,62.0,F,,Curitiba,oleo,Sim,9,819
6432,26.0,F,7780.0,Rio,acucar,Sim,8,736
6433,24.0,F,5702.0,São Paulo,arroz,Sim,1,65
6434,18.0,,7499.0,Salvador,feijao,Não,4,80
6435,55.0,M,6647.0,Curitiba,feijao,Não,3,213
6436,59.0,,7171.0,São Paulo,oleo,Sim,10,900
6437,59.0,F,5593.0,Rio,oleo,Sim,9,693
6438,46.0,M,4895.0,Rio,cafe,Sim,1,96
6439,39.0,F,6215.0,Rio,feijao,Não,3,153
6440,22.0,F,5031.0,Belo Horizonte,feijao,Sim,9,684
6441,30.0,F,6777.0,Salvador,cafe,Não,6,450
6442,,M,6880.0,Rio,feijao,Não,2,58
6443,20.0,M,7241.0,São Paulo,oleo,Sim,4,268
6444,41.0,M,6375.0,Rio,oleo,Não,10,710
6445,57.0,,5253.0,Salvador,arroz,Sim,3,192
6446,59.0,F,3656.0,Belo Horizonte,oleo,Não,8,560
6447,,M,6836.0,São Paulo,cafe,Sim,9,486
6448,52.0,M,7528.0,Belo Horizonte,feijao,Sim,5,155
6449,30.0,F,7085.0,Salvador,cafe,Sim,2,106
6450,61.0,F,1752.0,Belo Horizonte,oleo,Sim,5,280
6451,54.0,M,6849.0,Rio,feijao,Não,9,360
6452,30.0,M,3147.0,Salvador,acucar,Não,3,168
6453,35.0,F,,São Paulo,cafe,Não,9,549
6454,54.0,M,4877.0,Salvador,acucar,Sim,7,371
6455,19.0,F,2184.0,Belo Horizonte,acucar,Não,9,882
6456,38.0,M,3903.0,Rio,acucar,Não,3,270
6457,30.0,F,,São Paulo,feijao,Não,6,258
6458,50.0,F,4247.0,Salvador,acucar,Não,4,396
6459,58.0,,3221.0,Belo Horizonte,oleo,Não,2,64
6460,52.0,M,3230.0,Salvador,oleo,Sim,6,288
6461,28.0,M,3947.0,Salvador,oleo,Não,6,276
6462,56.0,F,2782.0,São Paulo,oleo,Sim,6,396
6463,21.0,M,,Rio,,Não,6,432
6464,44.0,M,5874.0,Rio,arroz,Não,2,116
6465,50.0,F,4864.0,Curitiba,acucar,Não,7,343
6466,39.0,,,São Paulo,cafe,Não,8,344
6467,,,6410.0,Salvador,acucar,Sim,10,630
6468,,F,5347.0,Salvador,feijao,Não,6,582
6469,52.0,M,5866.0,Rio,cafe,Não,5,485
6470,58.0,M,2924.0,Curitiba,cafe,Sim,5,145
6471,40.0,M,7117.0,Rio,arroz,Não,2,190
6472,46.0,M,6940.0,Belo Horizonte,cafe,Sim,2,108
6473,28.0,,1523.0,Rio,oleo,Sim,8,440
6474,36.0,F,3358.0,Curitiba,arroz,Não,1,44
6475,,M,5061.0,Curitiba,feijao,Não,4,252
6476,38.0,F,1990.0,Curitiba,arroz,Não,3,63
6477,50.0,M,4956.0,Belo Horizonte,arroz,Sim,6,294
6478,38.0,,6873.0,São Paulo,feijao,Sim,6,522
6479,57.0,F,6632.0,São Paulo,oleo,Sim,10,960
6480,57.0,,2466.0,São Paulo,feijao,Não,6,120
6481,,M,2037.0,Rio,acucar,Sim,7,217
6482,56.0,,7295.0,Belo Horizonte,feijao,Não,6,168
6483,,,7117.0,Salvador,feijao,Não,10,560
6484,42.0,,3271.0,Curitiba,oleo,Não,4,172
6485,30.0,,6607.0,São Paulo,cafe,Sim,1,70
6486,37.0,F,7794.0,Rio,oleo,Sim,10,930
6487,45.0,M,5277.0,Curitiba,oleo,Não,4,392
6488,65.0,F,1409.0,Belo Horizonte,oleo,Sim,6,306
6489,50.0,F,2407.0,Belo Horizonte,,Não,8,536
6490,48.0,F,,Curitiba,acucar,Não,9,216
6491,30.0,M,3484.0,São Paulo,cafe,Sim,9,702
6492,62.0,F,,Curitiba,oleo,Não,10,550
6493,,F,3624.0,São Paulo,oleo,Sim,2,76
6494,,F,5140.0,São Paulo,feijao,Sim,8,800
6495,42.0,,3884.0,São Paulo,,Não,6,402
6496,43.0,M,3084.0,Curitiba,arroz,Não,2,126
6497,,M,1896.0,São Paulo,oleo,Sim,7,490
6498,65.0,F,4135.0,Curitiba,feijao,Não,5,410
6499,55.0,M,6970.0,São Paulo,arroz,Não,2,68
6500,24.0,M,2659.0,Belo Horizonte,acucar,Sim,8,200
6501,44.0,F,,Rio,acucar,Sim,10,870
6502,49.0,M,3082.0,Belo Horizonte,acucar,Não,9,666
6503,54.0,F,5679.0,Salvador,,Não,4,260
6504,61.0,M,5117.0,Rio,feijao,Não,4,312
6505,47.0,M,3026.0,Salvador,oleo,Não,5,235
6506,,F,7391.0,São Paulo,cafe,Sim,7,378
6507,40.0,M,2608.0,Curitiba,feijao,Sim,3,231
6508,42.0,M,6927.0,Rio,acucar,Não,10,930
6509,45.0,,,Salvador,oleo,Sim,6,144
6510,57.0,M,5670.0,Salvador,arroz,Sim,8,424
6511,21.0,F,,Belo Horizonte,cafe,Não,4,384
6512,47.0,M,4551.0,Belo Horizonte,arroz,Sim,8,760
6513,26.0,F,3295.0,São Paulo,arroz,Sim,1,72
6514,65.0,,3512.0,Rio,arroz,Não,6,366
6515,,F,4990.0,Belo Horizonte,,Não,8,424
6516,49.0,M,5266.0,Belo Horizonte,oleo,Não,6,144
6517,21.0,M,7981.0,Belo Horizonte,oleo,Sim,6,288
6518,19.0,M,1852.0,Belo Horizonte,cafe,Não,3,276
6519,59.0,M,7000.0,São Paulo,arroz,Não,8,592
6520,38.0,F,3569.0,Belo Horizonte,oleo,Não,7,483
6521,30.0,M,,São Paulo,arroz,Não,5,425
6522,23.0,F,,Rio,feijao,Sim,5,275
6523,32.0,M,5321.0,São Paulo,feijao,Sim,5,420
6524,18.0,M,2437.0,Belo Horizonte,,Sim,6,570
6525,,F,3329.0,Rio,oleo,Não,5,385
6526,,F,,Curitiba,cafe,Sim,4,164
6527,31.0,F,7547.0,Rio,arroz,Sim,10,290
6528,64.0,M,7891.0,Belo Horizonte,arroz,Não,1,79
6529,63.0,F,4009.0,Rio,acucar,Sim,10,720
6530,21.0,M,4196.0,Salvador,oleo,Sim,3,162
6531,,F,4911.0,Curitiba,,Sim,3,267
6532,25.0,M,4542.0,São Paulo,feijao,Sim,1,34
6533,48.0,M,6072.0,São Paulo,cafe,Sim,2,178
6534,,M,7466.0,Belo Horizonte,oleo,Sim,9,720
6535,26.0,M,5277.0,Curitiba,cafe,Não,5,240
6536,30.0,F,2543.0,Curitiba,oleo,Sim,1,51
6537,18.0,M,6242.0,Belo Horizonte,,Sim,8,512
6538,20.0,M,5314.0,São Paulo,arroz,Sim,9,468
6539,39.0,F,1377.0,Belo Horizonte,arroz,Sim,3,255
6540,39.0,F,2822.0,Belo Horizonte,oleo,Sim,1,36
6541,,M,1308.0,Rio,feijao,Sim,4,292
6542,40.0,M,3547.0,Belo Horizonte,cafe,Sim,10,430
6543,24.0,,1443.0,Belo Horizonte,arroz,Sim,4,336
6544,19.0,F,3314.0,Curitiba,cafe,Sim,8,536
6545,65.0,M,,Rio,feijao,Sim,2,186
6546,43.0,M,,Rio,arroz,Não,6,558
6547,,F,1218.0,Rio,arroz,Sim,5,215
6548,64.0,F,5009.0,Rio,feijao,Não,10,990
6549,32.0,,7139.0,Belo Horizonte,cafe,Sim,9,873
6550,41.0,M,6790.0,Salvador,feijao,Não,10,240
6551,57.0,F,7858.0,Belo Horizonte,cafe,Sim,2,166
6552,33.0,F,,São Paulo,acucar,Sim,3,261
6553,56.0,F,2407.0,Salvador,,Não,6,240
6554,42.0,F,2033.0,Belo Horizonte,oleo,Sim,9,621
6555,25.0,,4198.0,Rio,oleo,Sim,5,360
6556,39.0,M,7628.0,Curitiba,cafe,Sim,5,435
6557,65.0,F,1805.0,Curitiba,cafe,Sim,6,408
6558,47.0,F,2880.0,Curitiba,acucar,Sim,7,273
6559,21.0,F,6494.0,Salvador,cafe,Não,1,95
6560,63.0,M,5972.0,Curitiba,oleo,Não,2,144
6561,59.0,F,2947.0,Belo Horizonte,,Sim,6,258
6562,40.0,F,6595.0,Belo Horizonte,oleo,Sim,8,760
6563,37.0,,6483.0,Curitiba,arroz,Sim,6,246
6564,27.0,M,6994.0,Curitiba,oleo,Sim,9,279
6565,55.0,M,5046.0,Rio,feijao,Sim,3,117
6566,26.0,F,7429.0,Rio,cafe,Sim,10,330
6567,25.0,F,6391.0,Curitiba,,Sim,1,42
6568,46.0,,1518.0,Curitiba,oleo,Sim,4,396
6569,26.0,F,1217.0,Curitiba,oleo,Não,5,135
6570,55.0,F,1887.0,Salvador,cafe,Sim,9,576
6571,45.0,M,2564.0,Curitiba,,Não,10,330
6572,53.0,M,,Belo Horizonte,acucar,Sim,5,250
6573,41.0,M,6782.0,São Paulo,,Não,10,490
6574,38.0,F,6189.0,Salvador,,Sim,8,640
6575,51.0,,7598.0,São Paulo,acucar,Sim,1,80
6576,46.0,,6963.0,Rio,cafe,Não,1,71
6577,18.0,M,5911.0,Salvador,acucar,Não,1,95
6578,,F,,Rio,cafe,Sim,5,285
6579,43.0,F,1978.0,Salvador,cafe,Não,6,546
6580,47.0,,5281.0,Belo Horizonte,cafe,Não,8,536
6581,35.0,F,4938.0,Salvador,cafe,Sim,3,273
6582,24.0,F,3423.0,Belo Horizonte,arroz,Não,5,480
6583,64.0,F,3422.0,Salvador,feijao,Sim,3,99
6584,22.0,F,2274.0,Belo Horizonte,feijao,Sim,10,460
6585,18.0,M,3359.0,Curitiba,acucar,Sim,3,189
6586,63.0,F,3105.0,São Paulo,cafe,Sim,1,24
6587,56.0,M,7875.0,Belo Horizonte,oleo,Não,5,345
6588,63.0,M,1627.0,São Paulo,arroz,Não,3,195
6589,44.0,M,4049.0,Rio,acucar,Sim,2,42
6590,20.0,F,6100.0,Salvador,oleo,Sim,1,100
6591,39.0,M,3081.0,Curitiba,cafe,Não,4,352
6592,28.0,M,3496.0,São Paulo,arroz,Sim,7,189
6593,27.0,F,4059.0,Rio,arroz,Não,2,198
6594,33.0,F,1631.0,São Paulo,cafe,Sim,4,160
6595,40.0,M,6394.0,Curitiba,oleo,Sim,4,104
6596,,M,6108.0,Curitiba,feijao,Sim,5,275
6597,65.0,M,6559.0,Rio,arroz,Não,9,324
6598,36.0,M,3473.0,Rio,oleo,Não,6,270
6599,59.0,M,2915.0,Curitiba,oleo,Não,4,288
6600,50.0,M,3211.0,São Paulo,acucar,Sim,9,306
6601,21.0,M,3858.0,Belo Horizonte,cafe,Sim,8,776
6602,41.0,,1893.0,São Paulo,arroz,Sim,7,371
6603,46.0,F,,Salvador,feijao,Não,8,544
6604,62.0,F,7061.0,Salvador,arroz,Sim,4,112
6605,52.0,F,3114.0,Rio,arroz,Não,7,567
6606,57.0,M,7875.0,Belo Horizonte,acucar,Sim,4,264
6607,38.0,F,3459.0,Belo Horizonte,feijao,Não,6,264
6608,25.0,M,5555.0,Salvador,feijao,Sim,1,30
6609,62.0,M,1494.0,Belo Horizonte,feijao,Sim,4,316
6610,45.0,M,6351.0,São Paulo,arroz,Não,3,90
6611,18.0,M,2406.0,Curitiba,,Não,7,392
6612,36.0,M,2088.0,Salvador,acucar,Não,6,588
6613,40.0,M,6184.0,Belo Horizonte,acucar,Sim,7,483
6614,,M,6622.0,Belo Horizonte,feijao,Não,6,336
6615,59.0,F,2104.0,São Paulo,arroz,Sim,4,284
6616,48.0,F,2806.0,Rio,arroz,Não,10,580
6617,62.0,M,2897.0,Belo Horizonte,feijao,Não,3,111
6618,65.0,F,1671.0,São Paulo,oleo,Não,10,1000
6619,37.0,M,4361.0,Belo Horizonte,cafe,Não,3,177
6620,48.0,F,3874.0,São Paulo,acucar,Sim,5,480
6621,48.0,M,,São Paulo,feijao,Sim,1,76
6622,,M,1984.0,Belo Horizonte,feijao,Não,4,220
6623,46.0,M,4533.0,Belo Horizonte,feijao,Não,2,92
6624,31.0,F,,Curitiba,oleo,Sim,6,582
6625,55.0,F,3223.0,Belo Horizonte,feijao,Sim,8,336
6626,61.0,,4002.0,São Paulo,arroz,Sim,2,168
6627,21.0,,2157.0,Belo Horizonte,oleo,Não,4,180
6628,22.0,F,1681.0,São Paulo,arroz,Não,1,29
6629,21.0,F,4326.0,Belo Horizonte,acucar,Sim,7,252
6630,62.0,M,,Belo Horizonte,acucar,Não,9,711
6631,44.0,F,5921.0,Rio,arroz,Não,1,48
6632,,M,6872.0,Rio,acucar,Sim,6,198
6633,25.0,F,7451.0,Rio,arroz,Sim,8,600
6634,55.0,,2072.0,Salvador,oleo,Sim,10,670
6635,45.0,F,5784.0,Curitiba,oleo,Sim,8,576
6636,26.0,F,7115.0,Curitiba,acucar,Sim,5,150
6637,26.0,,7390.0,Belo Horizonte,acucar,Sim,1,94
6638,51.0,M,7210.0,Belo Horizonte,cafe,Sim,3,138
6639,40.0,F,2808.0,São Paulo,oleo,Sim,6,462
6640,31.0,M,1342.0,Salvador,acucar,Sim,6,174
6641,45.0,M,3622.0,São Paulo,arroz,Sim,9,234
6642,62.0,F,,Belo Horizonte,arroz,Não,1,50
6643,48.0,M,7391.0,São Paulo,,Não,5,375
6644,22.0,F,2384.0,Curitiba,cafe,Não,3,186
6645,,M,4252.0,São Paulo,arroz,Sim,9,747
6646,,,7713.0,Salvador,feijao,Sim,4,240
6647,25.0,,3105.0,Belo Horizonte,acucar,Não,8,528
6648,33.0,M,5763.0,Curitiba,cafe,Não,2,152
6649,45.0,M,7465.0,Salvador,oleo,Sim,3,60
6650,24.0,M,3403.0,São Paulo,feijao,Sim,7,532
6651,40.0,F,7681.0,Belo Horizonte,acucar,Não,8,192
6652,65.0,F,1608.0,Salvador,acucar,Não,9,864
6653,29.0,M,3640.0,Curitiba,,Não,8,416
6654,40.0,F,,Curitiba,oleo,Não,6,408
6655,,F,5122.0,Salvador,acucar,Sim,9,828
6656,33.0,M,,Rio,acucar,Não,9,783
6657,32.0,F,,São Paulo,,Não,4,384
6658,,M,1898.0,São Paulo,feijao,Não,1,78
6659,51.0,F,7595.0,Curitiba,cafe,Não,9,900
6660,47.0,M,4796.0,São Paulo,acucar,Sim,7,231
6661,,M,5655.0,Curitiba,cafe,Sim,7,203
6662,61.0,M,1774.0,Curitiba,,Não,10,250
6663,,F,7253.0,Curitiba,feijao,Não,8,392
6664,54.0,F,1506.0,Belo Horizonte,oleo,Não,4,160
6665,60.0,F,1719.0,Salvador,cafe,Não,3,261
6666,36.0,M,1383.0,São Paulo,cafe,Sim,3,180
6667,,F,3572.0,Curitiba,feijao,Sim,5,365
6668,28.0,,,Salvador,arroz,Sim,7,532
6669,35.0,M,6906.0,Belo Horizonte,feijao,Não,9,306
6670,62.0,M,4838.0,São Paulo,feijao,Sim,5,420
6671,24.0,F,2004.0,Rio,oleo,Sim,6,120
6672,59.0,M,3094.0,Belo Horizonte,oleo,Sim,7,581
6673,41.0,M,2902.0,Salvador,feijao,Não,2,88
6674,27.0,F,3709.0,Belo Horizonte,acucar,Sim,6,414
6675,31.0,M,3119.0,Rio,feijao,Sim,4,152
6676,62.0,M,,São Paulo,cafe,Sim,3,249
6677,26.0,F,2179.0,Belo Horizonte,arroz,Sim,5,240
6678,55.0,F,2334.0,Rio,oleo,Sim,2,56
6679,,F,4895.0,Belo Horizonte,arroz,Sim,8,376
6680,46.0,M,2463.0,Salvador,acucar,Não,1,53
6681,24.0,M,,Curitiba,feijao,Não,7,490
6682,35.0,F,6762.0,Belo Horizonte,feijao,Não,6,234
6683,54.0,,4986.0,São Paulo,oleo,Sim,4,392
6684,,F,7726.0,Curitiba,feijao,Não,6,492
6685,57.0,M,,São Paulo,arroz,Sim,4,216
6686,,M,2203.0,Rio,oleo,Sim,9,396
6687,39.0,M,5899.0,Curitiba,feijao,Não,7,273
6688,19.0,M,4126.0,Salvador,feijao,Sim,3,249
6689,27.0,M,2539.0,São Paulo,oleo,Sim,8,488
6690,45.0,M,5275.0,Belo Horizonte,feijao,Não,4,376
6691,60.0,F,2809.0,Salvador,feijao,Não,3,96
6692,59.0,F,,Salvador,cafe,Sim,2,104
6693,63.0,F,5880.0,Belo Horizonte,oleo,Sim,4,384
6694,21.0,F,4568.0,São Paulo,oleo,Não,2,126
6695,35.0,,6261.0,Belo Horizonte,acucar,Sim,1,62
6696,28.0,F,5744.0,Belo Horizonte,acucar,Sim,2,118
6697,24.0,M,3743.0,Salvador,cafe,Sim,9,900
6698,37.0,M,2241.0,Rio,acucar,Sim,4,328
6699,30.0,M,2198.0,São Paulo,cafe,Não,10,770
6700,37.0,F,1792.0,Belo Horizonte,cafe,Sim,9,639
6701,40.0,M,,São Paulo,oleo,Sim,3,60
6702,30.0,F,3088.0,Curitiba,cafe,Não,3,180
6703,35.0,F,,Salvador,cafe,Sim,7,140
6704,51.0,M,4969.0,Salvador,oleo,Sim,9,585
6705,42.0,F,,Rio,oleo,Não,3,294
6706,57.0,M,1774.0,Salvador,,Sim,10,900
6707,58.0,F,2869.0,São Paulo,arroz,Sim,5,455
6708,35.0,F,7534.0,Curitiba,,Sim,8,792
6709,54.0,M,2214.0,Belo Horizonte,feijao,Sim,8,576
6710,34.0,M,6880.0,Rio,arroz,Sim,6,414
6711,63.0,M,3594.0,Curitiba,oleo,Sim,1,81
6712,32.0,M,7852.0,Curitiba,oleo,Sim,1,28
6713,38.0,F,6803.0,São Paulo,cafe,Sim,4,332
6714,56.0,,,São Paulo,cafe,Não,3,66
6715,65.0,,7561.0,Belo Horizonte,acucar,Não,7,567
6716,45.0,M,2074.0,Belo Horizonte,feijao,Não,2,150
6717,28.0,,5327.0,Salvador,feijao,Não,1,69
6718,,M,2745.0,Salvador,acucar,Sim,9,414
6719,51.0,F,1795.0,Belo Horizonte,arroz,Sim,7,420
6720,60.0,F,7441.0,Curitiba,arroz,Sim,10,510
6721,38.0,F,4682.0,Rio,feijao,Sim,6,330
6722,28.0,F,3230.0,Salvador,arroz,Não,3,132
6723,24.0,M,5425.0,Curitiba,,Sim,7,504
6724,31.0,M,5888.0,Belo Horizonte,arroz,Sim,9,702
6725,53.0,F,2738.0,Salvador,feijao,Sim,7,413
6726,56.0,M,4012.0,São Paulo,arroz,Não,5,345
6727,,F,1802.0,Rio,oleo,Sim,4,144
6728,47.0,F,,Belo Horizonte,,Não,8,488
6729,51.0,M,1429.0,Curitiba,acucar,Sim,9,810
6730,31.0,,6038.0,Belo Horizonte,acucar,Não,4,284
6731,,M,2419.0,Salvador,acucar,Não,4,308
6732,55.0,F,6920.0,Salvador,oleo,Não,1,95
6733,42.0,F,4734.0,Belo Horizonte,oleo,Sim,9,846
6734,57.0,F,5875.0,Curitiba,acucar,Não,8,776
6735,23.0,F,3617.0,Salvador,cafe,Não,9,864
6736,,F,1683.0,São Paulo,cafe,Sim,9,720
6737,39.0,M,2416.0,Rio,cafe,Não,3,132
6738,22.0,F,4911.0,Curitiba,cafe,Não,1,24
6739,50.0,M,,Belo Horizonte,acucar,Sim,10,1000
6740,33.0,F,7708.0,Rio,cafe,Não,8,312
6741,,M,6737.0,Belo Horizonte,arroz,Não,10,250
6742,61.0,F,3781.0,Rio,feijao,Sim,9,513
6743,37.0,,5895.0,Curitiba,oleo,Sim,8,696
6744,18.0,M,5845.0,Rio,arroz,Não,9,558
6745,30.0,F,,Curitiba,arroz,Sim,8,352
6746,46.0,F,3957.0,Rio,cafe,Sim,2,150
6747,61.0,M,2739.0,São Paulo,acucar,Sim,5,370
6748,41.0,M,3329.0,Rio,arroz,Sim,5,160
6749,,F,7755.0,Salvador,cafe,Não,8,296
6750,,F,4418.0,Rio,acucar,Sim,1,45
6751,56.0,,1677.0,Rio,arroz,Sim,9,684
6752,65.0,F,5099.0,Rio,oleo,Sim,3,153
6753,54.0,,3192.0,Rio,,Não,6,222
6754,46.0,M,1241.0,Salvador,acucar,Sim,10,830
6755,60.0,F,7094.0,Curitiba,acucar,Não,10,460
6756,,M,3411.0,São Paulo,,Sim,9,693
6757,57.0,F,1519.0,Rio,,Não,4,280
6758,62.0,F,1841.0,São Paulo,feijao,Sim,7,266
6759,41.0,M,6496.0,São Paulo,oleo,Sim,1,96
6760,32.0,M,,São Paulo,arroz,Sim,1,71
6761,40.0,F,7068.0,Salvador,acucar,Sim,6,582
6762,65.0,M,,Salvador,cafe,Sim,5,440
6763,,F,7331.0,Salvador,oleo,Sim,1,36
6764,45.0,,1816.0,Rio,oleo,Não,8,680
6765,,M,6101.0,São Paulo,arroz,Sim,8,464
6766,59.0,F,4775.0,Belo Horizonte,cafe,Sim,1,100
6767,51.0,M,3425.0,São Paulo,acucar,Sim,8,368
6768,40.0,,3842.0,Curitiba,cafe,Sim,7,511
6769,26.0,,5970.0,Rio,,Sim,5,210
6770,52.0,F,4965.0,Rio,arroz,Sim,8,568
6771,59.0,M,7788.0,Curitiba,cafe,Sim,3,126
6772,24.0,F,7027.0,São Paulo,arroz,Sim,10,200
6773,34.0,M,6597.0,Belo Horizonte,arroz,Sim,2,94
6774,64.0,F,,Salvador,,Sim,6,588
6775,39.0,,3100.0,Rio,oleo,Sim,8,232
6776,60.0,M,3626.0,Curitiba,oleo,Sim,8,264
6777,62.0,M,6817.0,Belo Horizonte,oleo,Não,4,144
6778,,F,6220.0,São Paulo,acucar,Não,9,207
6779,37.0,F,6052.0,São Paulo,cafe,Não,3,126
6780,49.0,,3650.0,Salvador,cafe,Sim,1,60
6781,55.0,F,7817.0,Rio,feijao,Sim,3,249
6782,18.0,F,5437.0,Salvador,acucar,Sim,3,123
6783,37.0,F,1793.0,Curitiba,acucar,Sim,5,485
6784,,F,2031.0,Belo Horizonte,feijao,Sim,3,63
6785,24.0,F,2763.0,Salvador,feijao,Não,8,184
6786,26.0,F,1953.0,Belo Horizonte,arroz,Não,6,456
6787,60.0,F,3251.0,Curitiba,arroz,Sim,9,774
6788,62.0,,,Belo Horizonte,cafe,Sim,9,792
6789,44.0,F,2494.0,Rio,arroz,Sim,8,520
6790,54.0,F,3059.0,Salvador,feijao,Sim,3,210
6791,39.0,M,2995.0,Rio,oleo,Sim,5,440
6792,65.0,F,5274.0,São Paulo,,Não,9,612
6793,19.0,F,,São Paulo,acucar,Sim,2,148
6794,59.0,F,1785.0,Salvador,,Não,10,450
6795,,,2277.0,Salvador,cafe,Sim,5,405
6796,58.0,M,,Salvador,acucar,Sim,6,474
6797,44.0,M,,Salvador,cafe,Não,5,425
6798,63.0,M,1518.0,Belo Horizonte,acucar,Sim,1,86
6799,23.0,M,7202.0,São Paulo,oleo,Sim,6,564
6800,48.0,M,7414.0,Rio,cafe,Sim,9,450
6801,,F,2101.0,Curitiba,acucar,Sim,9,369
6802,28.0,M,6115.0,São Paulo,oleo,Sim,3,165
6803,,F,3849.0,Salvador,feijao,Não,9,882
6804,34.0,F,3666.0,São Paulo,acucar,Não,9,468
6805,37.0,F,1863.0,Belo Horizonte,cafe,Não,7,224
6806,57.0,F,,Belo Horizonte,feijao,Não,9,261
6807,57.0,F,4986.0,Curitiba,feijao,Não,9,225
6808,,M,3991.0,Belo Horizonte,cafe,Não,10,240
6809,54.0,F,6292.0,Belo Horizonte,feijao,Não,4,196
6810,37.0,F,2068.0,São Paulo,acucar,Não,6,180
6811,30.0,M,3355.0,Salvador,acucar,Não,5,185
6812,47.0,M,4425.0,São Paulo,,Não,2,104
6813,34.0,F,5363.0,Curitiba,cafe,Sim,2,198
6814,53.0,M,,Rio,cafe,Não,8,384
6815,24.0,M,2790.0,Belo Horizonte,acucar,Sim,4,120
6816,48.0,M,6098.0,Curitiba,acucar,Não,2,80
6817,35.0,M,4926.0,São Paulo,cafe,Sim,4,240
6818,42.0,M,3674.0,Curitiba,arroz,Não,4,248
6819,36.0,F,3170.0,Belo Horizonte,cafe,Sim,5,310
6820,36.0,F,6608.0,São Paulo,acucar,Sim,10,930
6821,49.0,F,6570.0,Salvador,oleo,Sim,2,152
6822,21.0,M,4958.0,Rio,feijao,Não,3,96
6823,29.0,,7654.0,São Paulo,feijao,Não,7,532
6824,48.0,F,2729.0,Belo Horizonte,oleo,Sim,3,186
6825,65.0,,5099.0,Belo Horizonte,cafe,Não,8,472
6826,39.0,M,4127.0,Belo Horizonte,cafe,Sim,1,98
6827,48.0,F,,Belo Horizonte,acucar,Não,5,305
6828,54.0,M,5727.0,São Paulo,oleo,Sim,4,196
6829,44.0,M,7582.0,Curitiba,oleo,Sim,3,165
6830,58.0,M,3698.0,Curitiba,cafe,Sim,9,720
6831,64.0,M,3985.0,Salvador,acucar,Sim,7,574
6832,27.0,,3018.0,São Paulo,feijao,Sim,4,240
6833,21.0,M,3406.0,Belo Horizonte,acucar,Não,6,216
6834,29.0,,5861.0,São Paulo,arroz,Sim,4,364
6835,47.0,M,5823.0,Curitiba,cafe,Sim,6,462
6836,20.0,F,5955.0,Salvador,arroz,Não,6,228
6837,52.0,M,3813.0,Belo Horizonte,cafe,Não,7,476
6838,65.0,F,2226.0,São Paulo,cafe,Não,3,231
6839,23.0,F,6400.0,Salvador,feijao,Sim,3,177
6840,54.0,F,7134.0,Salvador,cafe,Não,1,68
6841,34.0,M,7495.0,Salvador,feijao,Sim,4,240
6842,31.0,F,6726.0,São Paulo,feijao,Não,3,192
6843,37.0,F,,São Paulo,oleo,Não,5,160
6844,47.0,F,6285.0,Rio,,Não,9,702
6845,57.0,M,4943.0,Belo Horizonte,cafe,Sim,9,558
6846,37.0,M,,Curitiba,oleo,Não,6,192
6847,19.0,M,7101.0,Salvador,cafe,Sim,2,48
6848,19.0,,1880.0,Rio,oleo,Não,3,201
6849,57.0,F,6896.0,Rio,arroz,Sim,3,273
6850,29.0,F,2792.0,Belo Horizonte,feijao,Sim,8,216
6851,,F,4534.0,Salvador,arroz,Não,4,108
6852,47.0,F,3667.0,Rio,arroz,Sim,9,423
6853,64.0,M,4943.0,Salvador,acucar,Não,7,203
6854,65.0,M,3782.0,Belo Horizonte,acucar,Sim,1,57
6855,,M,7126.0,Salvador,cafe,Não,7,504
6856,18.0,M,2142.0,Belo Horizonte,arroz,Sim,9,270
6857,30.0,F,3589.0,Salvador,oleo,Sim,2,92
6858,39.0,,,São Paulo,oleo,Não,10,880
6859,26.0,M,2786.0,São Paulo,acucar,Sim,3,195
6860,61.0,F,4015.0,Salvador,oleo,Sim,7,175
6861,39.0,M,3740.0,Curitiba,,Sim,3,99
6862,31.0,F,,Salvador,arroz,Não,1,80
6863,60.0,F,3346.0,Salvador,acucar,Sim,2,44
6864,40.0,M,6442.0,Rio,feijao,Não,5,190
6865,30.0,M,7338.0,Belo Horizonte,cafe,Sim,7,413
6866,,M,1312.0,Rio,oleo,Sim,10,720
6867,61.0,M,1806.0,Belo Horizonte,oleo,Sim,6,576
6868,,M,5107.0,Rio,cafe,Não,9,846
6869,45.0,F,3054.0,Curitiba,cafe,Sim,10,960
6870,60.0,F,4668.0,Rio,arroz,Sim,4,204
6871,,F,5180.0,São Paulo,acucar,Sim,6,234
6872,20.0,M,3624.0,Rio,,Sim,7,672
6873,35.0,F,6472.0,Belo Horizonte,feijao,Sim,10,920
6874,56.0,F,,Salvador,cafe,Não,5,280
6875,53.0,F,1296.0,Curitiba,,Sim,7,259
6876,39.0,M,7424.0,Curitiba,oleo,Sim,5,125
6877,44.0,M,5250.0,Salvador,cafe,Sim,9,378
6878,49.0,F,,Rio,arroz,Sim,6,330
6879,37.0,F,,Curitiba,arroz,Sim,7,168
6880,,M,3270.0,Curitiba,cafe,Não,6,414
6881,50.0,M,2085.0,Curitiba,acucar,Sim,1,75
6882,33.0,F,3874.0,Rio,cafe,Não,5,395
6883,19.0,M,,Salvador,feijao,Sim,5,155
6884,40.0,F,4032.0,Belo Horizonte,,Sim,10,280
6885,28.0,F,4009.0,Rio,arroz,Sim,10,870
6886,65.0,F,5846.0,Curitiba,oleo,Sim,1,79
6887,58.0,M,5310.0,Rio,cafe,Não,10,940
6888,35.0,F,3345.0,São Paulo,oleo,Sim,2,186
6889,58.0,M,7631.0,São Paulo,oleo,Sim,10,960
6890,31.0,M,3845.0,Salvador,,Não,8,376
6891,27.0,F,1344.0,São Paulo,,Sim,8,288
6892,65.0,M,7760.0,São Paulo,oleo,Não,6,498
6893,56.0,M,3194.0,Belo Horizonte,oleo,Sim,7,539
6894,39.0,M,2052.0,Rio,acucar,Sim,2,66
6895,36.0,F,6006.0,Rio,oleo,Sim,6,444
6896,36.0,F,1557.0,Salvador,cafe,Sim,1,26
6897,48.0,M,6668.0,Curitiba,acucar,Sim,5,245
6898,64.0,M,2062.0,São Paulo,cafe,Sim,10,760
6899,43.0,F,2779.0,Curitiba,feijao,Sim,2,78
6900,22.0,F,2408.0,São Paulo,,Não,2,56
6901,,M,3757.0,Salvador,arroz,Não,10,720
6902,,F,1709.0,Curitiba,acucar,Sim,3,207
6903,42.0,F,,Curitiba,oleo,Sim,6,168
6904,51.0,M,4244.0,São Paulo,arroz,Sim,10,400
6905,52.0,M,3102.0,Rio,acucar,Não,7,441
6906,22.0,F,6939.0,São Paulo,oleo,Não,9,279
6907,46.0,F,3215.0,Rio,oleo,Sim,3,228
6908,,,7962.0,São Paulo,arroz,Sim,3,150
6909,56.0,M,6338.0,São Paulo,acucar,Sim,5,265
6910,28.0,F,7084.0,Belo Horizonte,oleo,Sim,3,147
6911,41.0,F,3627.0,Curitiba,oleo,Não,2,46
6912,48.0,M,6641.0,Curitiba,acucar,Não,3,186
6913,49.0,M,7452.0,Salvador,feijao,Não,3,144
6914,52.0,F,2473.0,Salvador,cafe,Não,8,616
6915,20.0,M,7161.0,Belo Horizonte,oleo,Não,6,336
6916,56.0,M,,Belo Horizonte,oleo,Sim,2,122
6917,19.0,M,4577.0,Curitiba,feijao,Sim,4,196
6918,26.0,F,4967.0,Rio,arroz,Não,7,700
6919,27.0,M,5292.0,Belo Horizonte,oleo,Sim,10,860
6920,49.0,F,4789.0,Belo Horizonte,,Sim,4,292
6921,29.0,M,,Rio,acucar,Sim,10,680
6922,30.0,,6165.0,Curitiba,arroz,Sim,2,178
6923,25.0,F,5307.0,Belo Horizonte,cafe,Não,8,208
6924,37.0,F,6515.0,Curitiba,acucar,Não,2,176
6925,38.0,F,3244.0,São Paulo,feijao,Sim,9,495
6926,,F,,Belo Horizonte,cafe,Não,4,352
6927,,F,,Rio,cafe,Sim,7,364
6928,35.0,F,2042.0,Rio,arroz,Sim,10,420
6929,37.0,M,,Rio,oleo,Sim,5,410
6930,65.0,F,4151.0,Curitiba,oleo,Sim,6,564
6931,54.0,M,1470.0,São Paulo,cafe,Sim,5,390
6932,40.0,F,4983.0,Salvador,oleo,Sim,4,176
6933,21.0,,6962.0,Salvador,arroz,Sim,2,126
6934,51.0,M,2718.0,Curitiba,oleo,Sim,10,360
6935,39.0,M,7743.0,Curitiba,oleo,Sim,10,840
6936,,F,1796.0,São Paulo,feijao,Não,3,177
6937,53.0,M,4388.0,Rio,feijao,Não,1,64
6938,43.0,M,3384.0,Belo Horizonte,feijao,Sim,4,292
6939,,M,,São Paulo,acucar,Não,1,37
6940,59.0,M,7083.0,Salvador,oleo,Sim,9,648
6941,53.0,F,7016.0,São Paulo,feijao,Não,4,252
6942,65.0,F,3919.0,Salvador,feijao,Não,1,78
6943,31.0,M,7943.0,São Paulo,,Sim,3,204
6944,28.0,M,2258.0,Belo Horizonte,arroz,Não,2,72
6945,43.0,M,3114.0,Belo Horizonte,feijao,Sim,8,432
6946,21.0,F,6323.0,Belo Horizonte,cafe,Não,8,296
6947,23.0,F,7140.0,Rio,oleo,Não,10,320
6948,52.0,M,,Salvador,oleo,Sim,7,210
6949,,M,7936.0,São Paulo,oleo,Não,10,710
6950,53.0,F,4085.0,Rio,,Sim,7,140
6951,20.0,M,7352.0,Rio,cafe,Não,5,360
6952,47.0,F,6792.0,São Paulo,oleo,Sim,2,158
6953,21.0,F,7241.0,Belo Horizonte,arroz,Não,9,324
6954,40.0,F,1983.0,Curitiba,feijao,Sim,6,534
6955,24.0,M,7582.0,Rio,cafe,Não,5,430
6956,48.0,F,5004.0,Salvador,arroz,Não,5,470
6957,49.0,M,7963.0,Belo Horizonte,oleo,Não,2,194
6958,33.0,F,3280.0,São Paulo,feijao,Não,8,432
6959,50.0,F,6268.0,Curitiba,cafe,Sim,10,340
6960,47.0,F,5892.0,Belo Horizonte,oleo,Sim,1,24
6961,26.0,F,2820.0,Curitiba,cafe,Sim,10,550
6962,,M,6896.0,Curitiba,acucar,Sim,3,138
6963,51.0,F,3797.0,Salvador,arroz,Sim,4,192
6964,54.0,,5568.0,Belo Horizonte,cafe,Sim,8,656
6965,37.0,,,Belo Horizonte,arroz,Sim,10,670
6966,48.0,M,3067.0,Curitiba,oleo,Não,8,680
6967,36.0,F,7699.0,Belo Horizonte,feijao,Sim,7,378
6968,39.0,M,6474.0,Salvador,,Sim,3,255
6969,27.0,M,7503.0,Salvador,cafe,Sim,4,224
6970,24.0,M,4513.0,Belo Horizonte,feijao,Sim,8,728
6971,38.0,F,1452.0,São Paulo,acucar,Não,5,170
6972,50.0,M,2114.0,São Paulo,acucar,Não,7,266
6973,29.0,M,5743.0,Salvador,arroz,Sim,7,322
6974,19.0,F,2675.0,Belo Horizonte,oleo,Não,7,189
6975,52.0,F,3051.0,Rio,oleo,Não,8,216
6976,51.0,M,1980.0,Salvador,arroz,Sim,7,329
6977,61.0,M,4412.0,São Paulo,,Sim,4,100
6978,28.0,M,3389.0,Salvador,oleo,Não,2,152
6979,63.0,F,4099.0,Belo Horizonte,acucar,Sim,7,217
6980,26.0,F,7635.0,Curitiba,cafe,Sim,3,270
6981,28.0,M,6145.0,Rio,acucar,Sim,4,236
6982,49.0,F,3837.0,Salvador,oleo,Sim,9,594
6983,43.0,M,5466.0,Salvador,feijao,Sim,1,71
6984,25.0,F,5267.0,São Paulo,,Sim,6,528
6985,42.0,F,5884.0,Salvador,cafe,Sim,2,156
6986,33.0,M,1208.0,Rio,arroz,Sim,6,432
6987,22.0,F,1710.0,Curitiba,oleo,Não,10,950
6988,48.0,F,6783.0,Salvador,acucar,Sim,3,129
6989,57.0,M,,São Paulo,cafe,Não,5,275
6990,29.0,F,7969.0,Rio,,Não,5,335
6991,34.0,F,6854.0,Curitiba,acucar,Não,1,35
6992,22.0,,2911.0,São Paulo,acucar,Sim,9,216
6993,58.0,F,2503.0,Rio,arroz,Sim,1,50
6994,31.0,M,1915.0,Rio,arroz,Sim,5,230
6995,52.0,F,6536.0,Rio,cafe,Sim,10,640
6996,26.0,F,6860.0,Curitiba,feijao,Não,8,600
6997,21.0,F,5472.0,Salvador,cafe,Sim,5,300
6998,19.0,M,5089.0,Curitiba,acucar,Não,2,172
6999,,F,3638.0,Salvador,oleo,Sim,2,118
7000,27.0,F,4479.0,Curitiba,cafe,Não,1,37
7001,52.0,M,7708.0,Salvador,oleo,Não,9,378
7002,59.0,F,1847.0,Curitiba,acucar,Não,1,42
7003,34.0,M,6470.0,Curitiba,feijao,Sim,7,518
7004,21.0,,5045.0,Curitiba,feijao,Sim,1,66
7005,59.0,M,2743.0,Belo Horizonte,arroz,Sim,6,540
7006,18.0,,6543.0,Curitiba,,Sim,6,582
7007,57.0,M,5400.0,São Paulo,cafe,Sim,5,500
7008,62.0,M,2942.0,Curitiba,arroz,Sim,8,592
7009,62.0,M,1204.0,Rio,,Não,6,558
7010,51.0,M,6537.0,Salvador,cafe,Sim,3,162
7011,63.0,F,2524.0,Curitiba,arroz,Sim,10,880
7012,24.0,F,5243.0,Rio,oleo,Sim,5,330
7013,18.0,M,7855.0,Belo Horizonte,acucar,Não,3,60
7014,53.0,F,4712.0,Curitiba,feijao,Não,5,345
7015,28.0,F,6407.0,Belo Horizonte,cafe,Sim,3,159
7016,44.0,M,1402.0,Salvador,oleo,Sim,3,258
7017,26.0,F,6248.0,Curitiba,cafe,Não,7,448
7018,54.0,M,6682.0,Belo Horizonte,arroz,Não,5,155
7019,,F,5227.0,Belo Horizonte,,Sim,6,252
7020,56.0,M,6372.0,Belo Horizonte,acucar,Sim,9,819
7021,53.0,F,3753.0,Belo Horizonte,acucar,Não,1,85
7022,18.0,,,Belo Horizonte,feijao,Sim,6,192
7023,48.0,,5483.0,Rio,arroz,Não,8,440
7024,60.0,M,5002.0,Rio,oleo,Sim,2,102
7025,40.0,F,3288.0,Belo Horizonte,cafe,Sim,2,106
7026,29.0,M,3565.0,Rio,arroz,Não,3,270
7027,64.0,M,,São Paulo,arroz,Não,3,132
7028,31.0,M,6945.0,Rio,feijao,Não,4,180
7029,38.0,F,3448.0,Rio,oleo,Não,10,720
7030,56.0,M,4187.0,Curitiba,arroz,Não,3,102
7031,39.0,F,1691.0,Curitiba,cafe,Sim,9,387
7032,59.0,F,1890.0,Curitiba,feijao,Sim,4,192
7033,25.0,F,4302.0,Rio,,Não,7,574
7034,26.0,M,4234.0,Rio,cafe,Sim,10,850
7035,40.0,M,1764.0,Salvador,arroz,Sim,7,602
7036,48.0,F,3429.0,Curitiba,arroz,Não,7,252
7037,53.0,F,6757.0,Salvador,feijao,Sim,2,198
7038,44.0,M,4709.0,Belo Horizonte,acucar,Não,5,110
7039,28.0,F,2419.0,São Paulo,arroz,Não,10,740
7040,43.0,M,7802.0,Curitiba,acucar,Não,10,450
7041,32.0,M,3103.0,Salvador,feijao,Sim,8,544
7042,33.0,F,7177.0,Rio,,Não,3,171
7043,62.0,F,,Curitiba,acucar,Não,4,184
7044,,M,6469.0,São Paulo,arroz,Não,6,246
7045,20.0,M,6472.0,Salvador,oleo,Sim,10,520
7046,18.0,F,6814.0,Salvador,cafe,Não,10,320
7047,18.0,M,6857.0,São Paulo,oleo,Sim,7,616
7048,53.0,M,2389.0,São Paulo,acucar,Sim,8,776
7049,47.0,F,6181.0,Rio,acucar,Não,8,712
7050,26.0,M,,Salvador,oleo,Não,6,582
7051,,F,3968.0,Salvador,,Não,7,441
7052,18.0,M,6934.0,Rio,acucar,Não,5,130
7053,31.0,F,7564.0,Curitiba,,Sim,7,287
7054,32.0,,3258.0,Rio,feijao,Sim,5,180
7055,40.0,M,1515.0,Curitiba,cafe,Sim,8,224
7056,19.0,F,2448.0,Belo Horizonte,feijao,Sim,5,500
7057,33.0,M,3811.0,Rio,arroz,Sim,7,672
7058,45.0,F,5164.0,Rio,arroz,Sim,6,408
7059,57.0,F,5524.0,Rio,oleo,Sim,8,432
7060,53.0,M,4829.0,Belo Horizonte,acucar,Sim,4,252
7061,25.0,M,6819.0,Curitiba,acucar,Não,8,512
7062,26.0,M,,Belo Horizonte,oleo,Não,9,279
7063,24.0,F,7933.0,Curitiba,feijao,Não,7,616
7064,49.0,,,Belo Horizonte,feijao,Sim,10,380
7065,36.0,M,7332.0,Rio,cafe,Não,1,88
7066,64.0,F,5953.0,São Paulo,cafe,Sim,9,666
7067,62.0,M,4718.0,Curitiba,oleo,Sim,2,180
7068,40.0,F,,Rio,arroz,Sim,1,54
7069,28.0,F,2036.0,Belo Horizonte,acucar,Sim,3,288
7070,19.0,M,2821.0,Rio,,Sim,7,175
7071,64.0,M,1499.0,Salvador,feijao,Sim,5,480
7072,47.0,M,7429.0,Belo Horizonte,oleo,Não,3,165
7073,61.0,F,7359.0,Rio,arroz,Não,8,504
7074,33.0,M,4206.0,Rio,cafe,Não,5,480
7075,22.0,M,6225.0,Belo Horizonte,feijao,Sim,4,192
7076,18.0,F,5202.0,Belo Horizonte,oleo,Sim,8,576
7077,30.0,,5832.0,Belo Horizonte,acucar,Não,9,774
7078,64.0,M,7894.0,Belo Horizonte,cafe,Não,9,666
7079,30.0,M,6419.0,Belo Horizonte,feijao,Não,9,315
7080,57.0,M,6127.0,Belo Horizonte,oleo,Sim,2,192
7081,62.0,M,2126.0,Curitiba,acucar,Não,10,1000
7082,62.0,M,5143.0,Salvador,oleo,Sim,2,136
7083,,,7342.0,Belo Horizonte,acucar,Sim,5,170
7084,24.0,M,6655.0,Belo Horizonte,,Não,9,513
7085,,F,5484.0,Rio,,Sim,1,36
7086,37.0,M,3503.0,Curitiba,,Sim,10,760
7087,19.0,M,5409.0,Belo Horizonte,oleo,Sim,7,588
7088,41.0,F,,Salvador,feijao,Sim,2,134
7089,32.0,F,6129.0,Curitiba,feijao,Não,6,528
7090,18.0,,1252.0,Belo Horizonte,acucar,Sim,2,146
7091,60.0,F,4215.0,Belo Horizonte,acucar,Não,4,276
7092,,F,5438.0,Salvador,oleo,Sim,3,243
7093,22.0,M,3848.0,Rio,oleo,Sim,4,132
7094,27.0,F,2792.0,Belo Horizonte,acucar,Sim,4,348
7095,62.0,F,,Salvador,arroz,Sim,8,640
7096,43.0,M,7512.0,São Paulo,arroz,Não,9,315
7097,50.0,,7566.0,Salvador,arroz,Não,4,388
7098,,,,Salvador,feijao,Não,6,372
7099,50.0,M,5796.0,Belo Horizonte,oleo,Não,5,430
7100,65.0,,6939.0,São Paulo,cafe,Não,2,124
7101,53.0,M,2415.0,Curitiba,feijao,Sim,5,190
7102,50.0,F,,Belo Horizonte,acucar,Sim,3,255
7103,38.0,M,1238.0,Salvador,acucar,Sim,9,549
7104,33.0,F,7275.0,Belo Horizonte,feijao,Sim,6,198
7105,53.0,F,6856.0,São Paulo,arroz,Não,4,176
7106,28.0,F,1831.0,Curitiba,acucar,Não,1,21
7107,23.0,M,6774.0,Belo Horizonte,cafe,Sim,1,56
7108,62.0,M,,Salvador,acucar,Sim,2,82
7109,62.0,F,4032.0,Curitiba,,Sim,1,55
7110,,F,4865.0,Rio,arroz,Não,9,891
7111,44.0,M,6014.0,São Paulo,,Sim,5,275
7112,50.0,M,4739.0,São Paulo,arroz,Não,2,166
7113,41.0,M,2675.0,Salvador,feijao,Sim,3,207
7114,18.0,F,1369.0,Rio,oleo,Não,6,174
7115,65.0,M,,Belo Horizonte,oleo,Não,1,86
7116,36.0,F,2976.0,São Paulo,feijao,Sim,8,472
7117,52.0,F,7848.0,Belo Horizonte,cafe,Não,6,306
7118,40.0,,2771.0,Salvador,,Não,8,688
7119,,,4870.0,São Paulo,acucar,Sim,10,300
7120,34.0,,1726.0,Curitiba,feijao,Não,10,530
7121,24.0,M,6586.0,Rio,arroz,Sim,2,54
7122,,M,6823.0,Rio,cafe,Sim,3,183
7123,50.0,,7402.0,Belo Horizonte,,Sim,4,112
7124,22.0,F,4661.0,Belo Horizonte,oleo,Sim,5,220
7125,36.0,M,4534.0,Rio,arroz,Sim,6,150
7126,43.0,F,1471.0,São Paulo,arroz,Não,7,609
7127,36.0,F,5870.0,Rio,arroz,Sim,7,693
7128,45.0,F,4995.0,Curitiba,oleo,Não,5,500
7129,37.0,M,6964.0,São Paulo,oleo,Não,7,532
7130,47.0,M,6435.0,Belo Horizonte,acucar,Não,3,75
7131,53.0,F,,Rio,feijao,Sim,6,486
7132,47.0,M,3041.0,Belo Horizonte,cafe,Sim,1,58
7133,39.0,F,3762.0,Belo Horizonte,feijao,Sim,2,82
7134,26.0,F,4362.0,Belo Horizonte,acucar,Sim,8,640
7135,18.0,M,3125.0,São Paulo,arroz,Sim,6,486
7136,64.0,M,4985.0,Salvador,cafe,Sim,2,112
7137,38.0,F,5355.0,Belo Horizonte,cafe,Não,2,144
7138,47.0,M,4267.0,Rio,acucar,Sim,5,240
7139,23.0,,7476.0,Curitiba,oleo,Sim,2,96
7140,26.0,F,1924.0,Salvador,acucar,Sim,10,880
7141,18.0,F,5680.0,Salvador,acucar,Sim,2,194
7142,29.0,M,2671.0,São Paulo,acucar,Não,8,416
7143,39.0,M,1412.0,São Paulo,arroz,Sim,5,325
7144,55.0,,,Belo Horizonte,acucar,Sim,4,176
7145,29.0,M,6633.0,Belo Horizonte,feijao,Não,5,200
7146,52.0,F,6829.0,Salvador,feijao,Sim,5,480
7147,31.0,F,5321.0,São Paulo,cafe,Não,2,190
7148,39.0,M,,Belo Horizonte,cafe,Não,10,710
7149,41.0,F,5784.0,Curitiba,acucar,Sim,5,195
7150,33.0,M,1962.0,São Paulo,feijao,Sim,7,686
7151,38.0,M,3098.0,Rio,acucar,Sim,3,291
7152,38.0,F,3935.0,Belo Horizonte,feijao,Não,6,450
7153,47.0,M,3434.0,Rio,oleo,Não,10,240
7154,25.0,M,4872.0,Curitiba,cafe,Não,6,192
7155,32.0,F,4193.0,Curitiba,,Sim,6,276
7156,20.0,M,5860.0,Belo Horizonte,acucar,Não,2,86
7157,40.0,F,1487.0,São Paulo,cafe,Não,10,430
7158,35.0,F,3665.0,Salvador,oleo,Sim,6,234
7159,31.0,M,6055.0,Belo Horizonte,oleo,Sim,10,250
7160,59.0,F,3206.0,São Paulo,acucar,Não,3,69
7161,57.0,F,2167.0,Salvador,oleo,Não,1,87
7162,61.0,F,4207.0,Curitiba,arroz,Sim,8,240
7163,39.0,F,6549.0,São Paulo,oleo,Sim,3,159
7164,,F,7028.0,Curitiba,arroz,Sim,5,485
7165,35.0,M,6710.0,Salvador,acucar,Sim,9,333
7166,64.0,M,3283.0,Curitiba,feijao,Não,5,395
7167,50.0,M,2501.0,Rio,acucar,Não,6,180
7168,35.0,M,7325.0,Belo Horizonte,feijao,Sim,1,60
7169,,F,7504.0,Belo Horizonte,cafe,Não,4,80
7170,,M,7476.0,São Paulo,feijao,Não,10,900
7171,41.0,F,5392.0,Rio,feijao,Não,8,256
7172,23.0,F,,Rio,feijao,Sim,1,34
7173,58.0,F,1855.0,Salvador,arroz,Sim,1,33
7174,20.0,M,2437.0,Curitiba,arroz,Sim,2,72
7175,55.0,,5499.0,Salvador,,Sim,4,92
7176,,F,5797.0,Rio,arroz,Sim,9,189
7177,26.0,M,4847.0,São Paulo,arroz,Não,10,760
7178,46.0,M,,Belo Horizonte,cafe,Não,3,117
7179,60.0,M,5125.0,Rio,acucar,Não,6,600
7180,50.0,M,4636.0,Rio,cafe,Não,2,112
7181,,F,3924.0,Salvador,cafe,Não,8,680
7182,62.0,F,6225.0,Salvador,cafe,Não,10,1000
7183,27.0,M,4139.0,Curitiba,acucar,Não,5,280
7184,25.0,M,2443.0,São Paulo,feijao,Sim,1,34
7185,37.0,M,4591.0,Rio,oleo,Não,5,445
7186,28.0,F,1579.0,Curitiba,arroz,Sim,10,270
7187,32.0,M,4069.0,São Paulo,acucar,Sim,10,1000
7188,35.0,M,6758.0,São Paulo,arroz,Não,4,252
7189,41.0,M,3082.0,Belo Horizonte,acucar,Não,4,392
7190,,M,2248.0,São Paulo,arroz,Não,4,288
7191,63.0,F,2974.0,Belo Horizonte,feijao,Sim,8,432
7192,46.0,F,4981.0,Salvador,,Sim,1,86
7193,59.0,F,3700.0,Salvador,,Sim,5,155
7194,31.0,M,5106.0,Salvador,,Não,4,176
7195,,F,3458.0,São Paulo,cafe,Sim,6,372
7196,39.0,M,6183.0,Curitiba,cafe,Sim,2,76
7197,32.0,M,4545.0,Curitiba,cafe,Sim,2,146
7198,22.0,F,2883.0,Rio,acucar,Sim,9,819
7199,26.0,F,2236.0,São Paulo,arroz,Não,10,560
7200,,F,1899.0,Curitiba,acucar,Não,2,100
7201,30.0,,4555.0,São Paulo,arroz,Sim,4,380
7202,,F,6644.0,Belo Horizonte,arroz,Não,5,455
7203,56.0,M,4432.0,Salvador,arroz,Sim,4,92
7204,,F,5511.0,Salvador,,Sim,2,56
7205,29.0,M,7893.0,Salvador,acucar,Não,9,882
7206,40.0,F,2988.0,Belo Horizonte,acucar,Sim,4,88
7207,58.0,M,2423.0,São Paulo,,Não,10,360
7208,55.0,M,,Belo Horizonte,oleo,Não,1,67
7209,42.0,F,1490.0,São Paulo,oleo,Sim,8,208
7210,31.0,F,3009.0,Rio,oleo,Sim,2,150
7211,26.0,M,3925.0,São Paulo,feijao,Sim,2,150
7212,23.0,M,6916.0,São Paulo,,Não,2,84
7213,54.0,M,,Belo Horizonte,feijao,Sim,10,320
7214,50.0,,6686.0,Rio,oleo,Não,2,40
7215,47.0,F,7379.0,Rio,,Sim,7,322
7216,43.0,M,3389.0,Salvador,oleo,Não,8,776
7217,59.0,M,7242.0,Curitiba,,Não,5,245
7218,20.0,F,7171.0,Salvador,oleo,Não,1,25
7219,51.0,F,7087.0,Belo Horizonte,arroz,Sim,6,252
7220,27.0,F,3301.0,Belo Horizonte,,Sim,3,234
7221,27.0,M,3147.0,Rio,oleo,Não,8,680
7222,58.0,,6075.0,São Paulo,oleo,Sim,7,637
7223,35.0,M,4631.0,Rio,cafe,Não,9,801
7224,31.0,F,6608.0,São Paulo,feijao,Não,9,477
7225,53.0,,1294.0,Belo Horizonte,oleo,Sim,8,448
7226,63.0,M,3809.0,São Paulo,acucar,Sim,6,594
7227,26.0,F,,São Paulo,oleo,Sim,10,800
7228,,F,3454.0,Curitiba,feijao,Não,3,60
7229,56.0,F,5466.0,Salvador,feijao,Não,8,528
7230,45.0,M,1834.0,Belo Horizonte,arroz,Não,2,150
7231,21.0,M,3894.0,Rio,feijao,Sim,1,49
7232,49.0,M,3758.0,Belo Horizonte,cafe,Não,3,186
7233,52.0,M,7953.0,Belo Horizonte,feijao,Não,3,276
7234,37.0,F,5140.0,São Paulo,oleo,Sim,5,405
7235,55.0,M,1869.0,Rio,oleo,Sim,9,288
7236,50.0,F,,Curitiba,acucar,Sim,1,85
7237,22.0,,,Salvador,oleo,Sim,4,160
7238,44.0,M,,Salvador,oleo,Sim,7,609
7239,50.0,F,1796.0,Curitiba,,Sim,6,426
7240,57.0,M,5909.0,São Paulo,feijao,Sim,9,432
7241,19.0,M,5414.0,Curitiba,arroz,Não,1,73
7242,31.0,M,4925.0,São Paulo,acucar,Sim,1,66
7243,23.0,F,,Belo Horizonte,oleo,Sim,8,416
7244,49.0,F,1902.0,Rio,oleo,Sim,2,44
7245,50.0,M,4343.0,Rio,arroz,Não,3,264
7246,52.0,M,6466.0,Rio,arroz,Sim,1,28
7247,59.0,F,6119.0,Rio,cafe,Sim,9,216
7248,27.0,M,1680.0,Curitiba,,Não,4,272
7249,60.0,M,5239.0,São Paulo,acucar,Sim,6,252
7250,27.0,M,2718.0,Rio,oleo,Sim,6,552
7251,19.0,M,3281.0,Curitiba,oleo,Sim,5,240
7252,,,,Curitiba,acucar,Não,1,50
7253,60.0,,4457.0,Rio,acucar,Não,1,69
7254,20.0,M,,Salvador,arroz,Sim,5,490
7255,42.0,F,5499.0,Salvador,cafe,Não,4,392
7256,,M,1953.0,Belo Horizonte,arroz,Sim,4,148
7257,40.0,F,,Curitiba,oleo,Sim,4,308
7258,60.0,F,6536.0,Curitiba,,Sim,10,820
7259,,,5586.0,Curitiba,oleo,Sim,4,208
7260,33.0,M,7695.0,Rio,feijao,Não,7,413
7261,50.0,M,7587.0,Rio,cafe,Sim,3,87
7262,50.0,F,2734.0,Belo Horizonte,feijao,Não,2,118
7263,58.0,,4953.0,São Paulo,feijao,Não,2,56
7264,,F,2332.0,Salvador,oleo,Sim,6,462
7265,50.0,F,,Salvador,,Não,8,224
7266,,F,7839.0,Salvador,feijao,Sim,7,322
7267,33.0,,,Rio,cafe,Sim,7,483
7268,47.0,M,6443.0,Rio,oleo,Sim,10,560
7269,32.0,M,2126.0,Salvador,cafe,Sim,4,188
7270,54.0,M,,Salvador,cafe,Não,7,238
7271,49.0,M,,Rio,cafe,Sim,10,810
7272,28.0,,7136.0,Salvador,arroz,Sim,2,156
7273,33.0,,1936.0,São Paulo,feijao,Não,4,264
7274,61.0,M,,Salvador,arroz,Sim,7,679
7275,42.0,M,4853.0,Belo Horizonte,oleo,Não,5,260
7276,35.0,M,7598.0,Curitiba,arroz,Não,4,384
7277,51.0,F,4966.0,Belo Horizonte,arroz,Não,7,441
7278,65.0,M,6232.0,São Paulo,acucar,Sim,4,104
7279,38.0,F,5623.0,Salvador,acucar,Sim,9,774
7280,41.0,F,7727.0,Belo Horizonte,oleo,Sim,6,366
7281,34.0,F,1205.0,Salvador,feijao,Sim,10,420
7282,36.0,M,4402.0,Rio,feijao,Não,2,114
7283,38.0,F,7132.0,Rio,cafe,Sim,7,420
7284,35.0,M,6948.0,Rio,arroz,Sim,7,182
7285,,M,3347.0,Salvador,arroz,Não,7,511
7286,60.0,M,7923.0,Salvador,cafe,Sim,9,279
7287,48.0,F,4743.0,Belo Horizonte,arroz,Não,9,279
7288,18.0,M,,Curitiba,,Sim,5,370
7289,24.0,F,7349.0,Belo Horizonte,arroz,Sim,10,630
7290,59.0,M,5413.0,Salvador,feijao,Sim,9,711
7291,35.0,M,2383.0,Rio,acucar,Sim,10,840
7292,55.0,F,4689.0,Salvador,cafe,Não,5,455
7293,40.0,M,2157.0,Rio,acucar,Sim,1,80
7294,29.0,F,1998.0,Salvador,oleo,Sim,4,192
7295,39.0,M,2493.0,Salvador,oleo,Não,9,810
7296,,F,6812.0,Belo Horizonte,cafe,Não,10,740
7297,59.0,F,6855.0,Belo Horizonte,acucar,Sim,3,198
7298,42.0,F,6886.0,Belo Horizonte,cafe,Sim,2,82
7299,36.0,F,4588.0,Salvador,cafe,Sim,4,88
7300,18.0,M,5579.0,Salvador,cafe,Sim,6,264
7301,51.0,F,7909.0,Curitiba,oleo,Não,9,522
7302,55.0,,2679.0,Curitiba,arroz,Não,8,680
7303,31.0,F,4736.0,São Paulo,acucar,Não,1,24
7304,31.0,F,,Salvador,oleo,Sim,4,100
7305,28.0,M,5612.0,Rio,,Sim,2,70
7306,33.0,M,,Rio,cafe,Não,1,53
7307,35.0,M,5614.0,Rio,arroz,Não,3,150
7308,25.0,M,2254.0,Curitiba,arroz,Não,8,200
7309,59.0,F,3964.0,Curitiba,,Sim,6,216
7310,28.0,F,5796.0,Salvador,cafe,Não,7,378
7311,61.0,F,1396.0,Curitiba,feijao,Sim,4,208
7312,26.0,F,7963.0,Belo Horizonte,feijao,Sim,4,188
7313,32.0,M,4542.0,São Paulo,feijao,Não,1,55
7314,57.0,M,1904.0,Rio,,Sim,6,312
7315,49.0,,6848.0,Belo Horizonte,feijao,Sim,8,776
7316,37.0,,6584.0,Salvador,oleo,Não,7,217
7317,,M,7556.0,Salvador,cafe,Sim,8,264
7318,32.0,F,1414.0,Rio,arroz,Sim,7,252
7319,19.0,F,5407.0,Salvador,feijao,Sim,6,516
7320,50.0,M,6159.0,Salvador,arroz,Não,1,55
7321,37.0,F,3518.0,Rio,acucar,Não,8,528
7322,,M,3418.0,Belo Horizonte,oleo,Sim,9,432
7323,34.0,F,6200.0,Belo Horizonte,cafe,Não,7,490
7324,52.0,M,5436.0,Rio,arroz,Sim,7,427
7325,27.0,M,2680.0,Curitiba,arroz,Sim,5,365
7326,29.0,M,4967.0,São Paulo,acucar,Não,5,235
7327,27.0,M,7387.0,Curitiba,acucar,Sim,6,564
7328,56.0,M,,Rio,arroz,Não,2,50
7329,37.0,,7034.0,São Paulo,acucar,Sim,6,318
7330,27.0,M,2834.0,São Paulo,cafe,Não,9,693
7331,59.0,F,1510.0,Curitiba,feijao,Não,6,312
7332,43.0,F,3006.0,Rio,feijao,Não,4,376
7333,65.0,M,5344.0,São Paulo,cafe,Não,5,460
7334,33.0,M,2097.0,Salvador,acucar,Sim,1,62
7335,43.0,M,5432.0,Salvador,oleo,Sim,2,160
7336,45.0,F,5571.0,São Paulo,feijao,Não,8,784
7337,,M,6614.0,Belo Horizonte,feijao,Sim,1,52
7338,35.0,F,7763.0,Curitiba,arroz,Sim,3,240
7339,60.0,M,4489.0,São Paulo,cafe,Sim,2,130
7340,41.0,,7421.0,Salvador,acucar,Sim,9,387
7341,60.0,M,7498.0,Curitiba,oleo,Sim,3,240
7342,54.0,F,3308.0,Curitiba,acucar,Sim,10,350
7343,35.0,F,1780.0,Belo Horizonte,feijao,Sim,8,248
7344,48.0,M,7906.0,Belo Horizonte,acucar,Não,4,96
7345,64.0,F,6735.0,Curitiba,acucar,Sim,8,344
7346,31.0,F,1934.0,Salvador,cafe,Não,2,144
7347,60.0,M,7729.0,Salvador,acucar,Sim,8,168
7348,46.0,M,,Rio,feijao,Sim,6,570
7349,19.0,,5287.0,Curitiba,feijao,Sim,3,141
7350,22.0,F,1384.0,Rio,acucar,Não,4,256
7351,29.0,M,1355.0,Belo Horizonte,cafe,Sim,3,87
7352,,F,,Belo Horizonte,oleo,Sim,2,180
7353,,,4218.0,Rio,acucar,Sim,9,216
7354,18.0,F,3997.0,São Paulo,arroz,Sim,3,69
7355,,M,,São Paulo,cafe,Não,9,819
7356,27.0,,7561.0,Curitiba,arroz,Sim,4,80
7357,18.0,F,1780.0,Belo Horizonte,oleo,Não,4,352
7358,40.0,F,6983.0,Belo Horizonte,acucar,Sim,7,679
7359,,M,5403.0,Rio,acucar,Não,10,580
7360,28.0,F,7349.0,São Paulo,,Sim,10,600
7361,27.0,F,3432.0,Curitiba,acucar,Não,4,300
7362,35.0,F,5431.0,Rio,,Sim,7,637
7363,35.0,M,2919.0,Curitiba,arroz,Sim,10,960
7364,61.0,F,1913.0,Rio,oleo,Não,2,146
7365,55.0,M,2800.0,Salvador,cafe,Não,4,80
7366,40.0,M,6898.0,Salvador,oleo,Sim,9,198
7367,19.0,M,7657.0,Salvador,,Sim,3,225
7368,34.0,F,5886.0,São Paulo,oleo,Não,4,268
7369,21.0,F,7954.0,Curitiba,arroz,Sim,2,94
7370,,M,6784.0,Salvador,cafe,Sim,8,328
7371,,M,2549.0,Rio,,Não,7,525
7372,37.0,F,6923.0,São Paulo,arroz,Não,4,332
7373,46.0,F,2879.0,Salvador,acucar,Não,2,194
7374,32.0,F,2225.0,Rio,feijao,Sim,2,98
7375,29.0,F,6781.0,Belo Horizonte,,Não,8,352
7376,31.0,F,1775.0,São Paulo,cafe,Não,8,456
7377,50.0,M,,Rio,,Não,10,250
7378,53.0,F,6495.0,São Paulo,feijao,Sim,10,880
7379,,F,7182.0,Rio,feijao,Sim,5,320
7380,52.0,M,4273.0,Salvador,arroz,Não,2,176
7381,,F,5583.0,São Paulo,acucar,Não,1,85
7382,38.0,F,,Belo Horizonte,arroz,Sim,1,83
7383,,M,4119.0,Rio,arroz,Não,3,279
7384,26.0,F,5272.0,Rio,acucar,Sim,8,304
7385,53.0,,7630.0,Curitiba,arroz,Sim,4,316
7386,61.0,M,6920.0,Salvador,oleo,Não,10,890
7387,45.0,M,7411.0,Salvador,arroz,Sim,1,45
7388,48.0,F,7936.0,Rio,oleo,Sim,7,168
7389,37.0,M,5456.0,Rio,arroz,Sim,1,39
7390,36.0,M,2427.0,Salvador,acucar,Sim,5,225
7391,20.0,F,4151.0,Salvador,arroz,Sim,10,230
7392,42.0,M,3356.0,Curitiba,cafe,Sim,6,408
7393,24.0,F,3148.0,Salvador,cafe,Não,10,220
7394,62.0,F,5222.0,Rio,oleo,Não,9,342
7395,51.0,M,5311.0,Curitiba,oleo,Não,10,890
7396,,M,4168.0,Rio,arroz,Não,6,396
7397,47.0,M,3992.0,São Paulo,feijao,Sim,2,164
7398,21.0,M,2166.0,Salvador,arroz,Sim,2,200
7399,56.0,F,2652.0,Salvador,cafe,Sim,6,474
7400,64.0,F,2442.0,Belo Horizonte,acucar,Não,2,90
7401,41.0,,5836.0,Belo Horizonte,cafe,Sim,2,128
7402,45.0,,4982.0,Curitiba,arroz,Não,6,534
7403,33.0,F,7903.0,Curitiba,oleo,Não,3,300
7404,33.0,F,,Salvador,arroz,Não,4,92
7405,62.0,F,1465.0,Curitiba,feijao,Não,8,328
7406,18.0,M,6650.0,Curitiba,feijao,Sim,3,177
7407,54.0,M,6207.0,Curitiba,arroz,Sim,3,258
7408,48.0,,,Rio,arroz,Sim,7,518
7409,55.0,F,3872.0,Belo Horizonte,cafe,Sim,9,225
7410,19.0,F,6560.0,Curitiba,feijao,Sim,6,216
7411,21.0,M,4546.0,Belo Horizonte,oleo,Sim,10,440
7412,20.0,M,5547.0,Belo Horizonte,feijao,Sim,4,164
7413,18.0,M,3400.0,Salvador,feijao,Sim,5,205
7414,,F,2463.0,Rio,feijao,Não,7,287
7415,49.0,F,6758.0,Salvador,acucar,Não,9,747
7416,61.0,M,2568.0,Curitiba,,Não,9,297
7417,44.0,F,7346.0,São Paulo,oleo,Sim,4,140
7418,55.0,M,7546.0,São Paulo,feijao,Não,7,483
7419,47.0,M,6062.0,Curitiba,cafe,Não,3,285
7420,59.0,M,6153.0,Belo Horizonte,oleo,Sim,9,513
7421,52.0,M,6101.0,Curitiba,cafe,Não,6,252
7422,63.0,F,6164.0,Salvador,cafe,Sim,8,760
7423,53.0,F,5497.0,Belo Horizonte,acucar,Sim,8,176
7424,48.0,F,3297.0,Belo Horizonte,acucar,Sim,7,616
7425,32.0,M,1491.0,Rio,feijao,Não,2,146
7426,30.0,M,4867.0,Salvador,oleo,Sim,2,136
7427,57.0,M,6394.0,Rio,oleo,Sim,4,388
7428,45.0,F,5963.0,São Paulo,cafe,Sim,7,567
7429,45.0,F,6731.0,Belo Horizonte,oleo,Não,8,512
7430,53.0,F,7870.0,Salvador,arroz,Não,4,80
7431,47.0,F,4692.0,São Paulo,cafe,Sim,10,550
7432,28.0,M,3648.0,Belo Horizonte,oleo,Sim,6,570
7433,27.0,F,,Rio,arroz,Não,8,280
7434,52.0,F,3178.0,Curitiba,arroz,Sim,4,84
7435,45.0,F,6816.0,Curitiba,acucar,Não,4,100
7436,25.0,F,2739.0,Curitiba,acucar,Não,3,291
7437,60.0,M,5781.0,Curitiba,cafe,Não,3,69
7438,30.0,M,1678.0,Curitiba,acucar,Sim,2,170
7439,65.0,F,3250.0,Rio,arroz,Sim,10,1000
7440,27.0,F,4700.0,Rio,cafe,Não,2,90
7441,54.0,M,6371.0,Rio,acucar,Sim,9,468
7442,57.0,F,3135.0,Curitiba,acucar,Não,1,84
7443,,M,,Curitiba,acucar,Não,8,608
7444,56.0,M,7019.0,Curitiba,,Não,3,132
7445,25.0,,1266.0,Curitiba,feijao,Não,9,765
7446,41.0,,6373.0,São Paulo,,Não,6,324
7447,35.0,F,2746.0,Curitiba,cafe,Não,10,780
7448,56.0,F,5227.0,Salvador,feijao,Não,8,328
7449,29.0,F,3562.0,Belo Horizonte,arroz,Não,2,126
7450,56.0,M,6949.0,Salvador,acucar,Sim,10,890
7451,50.0,M,7634.0,Salvador,feijao,Sim,10,230
7452,,M,3634.0,Rio,acucar,Sim,5,320
7453,58.0,M,3950.0,Belo Horizonte,acucar,Não,2,132
7454,47.0,F,3186.0,Curitiba,oleo,Não,3,243
7455,61.0,M,6122.0,Rio,acucar,Sim,1,35
7456,50.0,F,2103.0,Curitiba,,Sim,5,380
7457,36.0,M,2301.0,Belo Horizonte,acucar,Sim,10,250
7458,39.0,M,6575.0,São Paulo,feijao,Não,6,468
7459,26.0,,1771.0,São Paulo,feijao,Sim,3,180
7460,30.0,F,7528.0,São Paulo,oleo,Não,9,828
7461,58.0,F,7425.0,São Paulo,feijao,Sim,10,880
7462,40.0,F,4552.0,Rio,acucar,Sim,3,252
7463,47.0,M,2470.0,Salvador,acucar,Não,2,58
7464,,F,7813.0,Belo Horizonte,acucar,Sim,2,190
7465,20.0,M,4189.0,Rio,oleo,Não,4,112
7466,37.0,F,2534.0,São Paulo,cafe,Não,10,490
7467,62.0,,6050.0,Rio,oleo,Não,2,86
7468,34.0,F,1238.0,Curitiba,,Sim,4,256
7469,18.0,M,3888.0,São Paulo,,Não,9,684
7470,,M,4664.0,Belo Horizonte,acucar,Não,9,729
7471,46.0,F,2390.0,Belo Horizonte,feijao,Sim,4,316
7472,18.0,F,2936.0,Belo Horizonte,acucar,Sim,5,350
7473,38.0,,2188.0,Belo Horizonte,oleo,Não,2,76
7474,44.0,M,1335.0,Rio,oleo,Não,3,231
7475,47.0,M,4830.0,Belo Horizonte,,Não,10,970
7476,31.0,F,7268.0,Rio,acucar,Sim,7,588
7477,23.0,F,,Belo Horizonte,acucar,Não,10,1000
7478,22.0,F,5067.0,Belo Horizonte,,Sim,8,696
7479,62.0,M,2161.0,Rio,arroz,Sim,7,322
7480,60.0,F,6198.0,Curitiba,cafe,Sim,5,110
7481,56.0,,6611.0,Belo Horizonte,arroz,Sim,4,224
7482,26.0,F,4620.0,Salvador,feijao,Sim,4,240
7483,58.0,M,4339.0,Salvador,oleo,Não,6,432
7484,48.0,F,2559.0,Rio,cafe,Sim,6,288
7485,61.0,M,6938.0,São Paulo,acucar,Não,1,93
7486,56.0,,3451.0,Belo Horizonte,cafe,Sim,10,780
7487,21.0,F,4635.0,Belo Horizonte,acucar,Sim,10,350
7488,,F,,Salvador,acucar,Não,5,335
7489,24.0,F,2457.0,Belo Horizonte,oleo,Sim,2,102
7490,63.0,F,4257.0,Curitiba,acucar,Sim,3,78
7491,32.0,F,,Belo Horizonte,cafe,Sim,6,378
7492,32.0,F,2156.0,Rio,acucar,Sim,7,672
7493,52.0,M,2388.0,São Paulo,feijao,Não,1,70
7494,20.0,F,5520.0,Belo Horizonte,,Sim,8,728
7495,46.0,M,6652.0,Belo Horizonte,arroz,Sim,4,100
7496,19.0,M,5015.0,Rio,oleo,Não,9,495
7497,56.0,,6164.0,Rio,acucar,Sim,6,600
7498,55.0,,7465.0,Curitiba,arroz,Sim,10,500
7499,28.0,M,3336.0,Curitiba,arroz,Não,5,265
7500,32.0,F,,Curitiba,arroz,Sim,6,174
7501,57.0,F,4438.0,Salvador,oleo,Sim,7,322
7502,27.0,F,4780.0,Curitiba,feijao,Não,8,736
7503,30.0,F,5658.0,Salvador,acucar,Sim,6,432
7504,41.0,F,5217.0,Belo Horizonte,feijao,Sim,3,186
7505,45.0,M,6613.0,Salvador,arroz,Sim,4,384
7506,63.0,F,6548.0,Belo Horizonte,feijao,Sim,3,120
7507,39.0,F,,Salvador,cafe,Sim,1,95
7508,41.0,F,3481.0,Rio,arroz,Sim,10,780
7509,43.0,,3034.0,São Paulo,acucar,Não,3,225
7510,42.0,M,2171.0,Curitiba,arroz,Não,7,294
7511,27.0,M,1512.0,Curitiba,arroz,Não,8,536
7512,60.0,M,2519.0,Curitiba,cafe,Não,1,22
7513,29.0,M,3708.0,Rio,cafe,Sim,10,440
7514,45.0,F,2517.0,Curitiba,acucar,Sim,1,99
7515,26.0,F,6654.0,Curitiba,arroz,Sim,7,406
7516,49.0,M,7534.0,Salvador,arroz,Sim,8,456
7517,62.0,M,1358.0,Rio,acucar,Sim,2,80
7518,,M,6273.0,Belo Horizonte,oleo,Não,5,140
7519,22.0,,3157.0,Salvador,acucar,Sim,1,35
7520,39.0,F,,Salvador,acucar,Sim,4,136
7521,40.0,M,3386.0,Salvador,feijao,Não,7,518
7522,21.0,M,1667.0,Curitiba,acucar,Não,4,152
7523,41.0,M,2977.0,São Paulo,arroz,Sim,2,156
7524,58.0,F,1765.0,Rio,arroz,Sim,4,300
7525,40.0,F,5210.0,Salvador,cafe,Sim,4,248
7526,45.0,F,7581.0,Rio,oleo,Sim,8,488
7527,21.0,F,5169.0,São Paulo,oleo,Não,7,469
7528,,F,2916.0,Rio,feijao,Não,6,192
7529,45.0,F,6844.0,Rio,cafe,Sim,2,120
7530,57.0,F,7459.0,São Paulo,cafe,Não,9,540
7531,33.0,M,7498.0,São Paulo,cafe,Sim,2,174
7532,38.0,F,3098.0,Belo Horizonte,oleo,Não,7,161
7533,30.0,M,6379.0,Curitiba,,Não,10,380
7534,49.0,,,São Paulo,oleo,Sim,3,99
7535,56.0,F,3613.0,Curitiba,cafe,Sim,4,88
7536,54.0,F,,São Paulo,arroz,Não,7,665
7537,,F,5423.0,Curitiba,oleo,Não,10,270
7538,26.0,M,3728.0,Belo Horizonte,arroz,Não,2,40
7539,33.0,M,2624.0,Curitiba,,Sim,3,285
7540,54.0,M,7729.0,Curitiba,oleo,Não,3,279
7541,63.0,F,,Salvador,,Sim,1,31
7542,46.0,F,1858.0,São Paulo,cafe,Não,5,265
7543,61.0,F,1342.0,Rio,oleo,Não,7,217
7544,28.0,F,3483.0,Salvador,oleo,Não,3,282
7545,46.0,F,6052.0,Rio,acucar,Não,1,39
7546,41.0,M,4011.0,São Paulo,oleo,Não,1,61
7547,28.0,F,5120.0,Rio,oleo,Sim,1,67
7548,18.0,F,4982.0,Belo Horizonte,oleo,Não,6,276
7549,39.0,M,6054.0,Curitiba,,Não,10,790
7550,39.0,F,3249.0,Rio,feijao,Não,10,760
7551,24.0,,3651.0,Curitiba,cafe,Não,9,405
7552,61.0,F,1218.0,Curitiba,arroz,Sim,8,528
7553,53.0,M,2759.0,Salvador,arroz,Não,6,504
7554,63.0,M,4755.0,Rio,acucar,Sim,8,728
7555,58.0,,3828.0,Rio,arroz,Não,2,44
7556,34.0,M,5322.0,São Paulo,cafe,Sim,10,730
7557,45.0,F,3228.0,Belo Horizonte,,Sim,5,165
7558,20.0,M,,Salvador,oleo,Sim,10,330
7559,45.0,M,6238.0,Belo Horizonte,acucar,Sim,6,312
7560,25.0,F,5590.0,Rio,oleo,Sim,2,114
7561,31.0,F,,Curitiba,cafe,Sim,2,100
7562,,M,3630.0,Belo Horizonte,,Não,7,385
7563,47.0,,3078.0,Rio,acucar,Sim,3,78
7564,29.0,F,5615.0,Curitiba,feijao,Não,9,306
7565,22.0,M,,Rio,acucar,Não,8,568
7566,43.0,F,3577.0,Belo Horizonte,,Não,1,43
7567,56.0,F,3987.0,Curitiba,feijao,Sim,10,530
7568,65.0,M,7218.0,Salvador,arroz,Não,9,225
7569,23.0,F,1215.0,São Paulo,arroz,Sim,10,570
7570,42.0,F,1999.0,Rio,oleo,Sim,8,360
7571,45.0,M,5867.0,São Paulo,oleo,Sim,10,240
7572,,,5088.0,Belo Horizonte,arroz,Sim,8,648
7573,,F,4232.0,Salvador,feijao,Sim,1,61
7574,27.0,M,2877.0,Belo Horizonte,cafe,Não,7,637
7575,,F,6791.0,Belo Horizonte,feijao,Sim,8,488
7576,35.0,F,6845.0,Salvador,feijao,Não,7,658
7577,56.0,,,Belo Horizonte,arroz,Não,9,378
7578,54.0,F,6785.0,Rio,acucar,Sim,9,297
7579,61.0,M,7367.0,Belo Horizonte,cafe,Sim,7,595
7580,57.0,M,6767.0,Rio,arroz,Não,4,240
7581,48.0,M,5542.0,Curitiba,cafe,Sim,10,510
7582,39.0,F,3926.0,Rio,cafe,Não,1,83
7583,37.0,M,4663.0,Rio,cafe,Não,3,279
7584,60.0,F,,São Paulo,,Sim,4,380
7585,42.0,M,1830.0,São Paulo,feijao,Sim,8,440
7586,34.0,M,3920.0,Salvador,cafe,Sim,8,552
7587,29.0,,1321.0,Belo Horizonte,cafe,Sim,8,544
7588,38.0,F,7231.0,Curitiba,acucar,Sim,4,344
7589,65.0,F,7576.0,Salvador,oleo,Sim,9,756
7590,29.0,F,2308.0,Curitiba,oleo,Sim,2,82
7591,,M,,Belo Horizonte,,Não,8,456
7592,,F,4460.0,Curitiba,feijao,Sim,2,188
7593,65.0,M,4922.0,Salvador,feijao,Sim,3,291
7594,21.0,F,7475.0,Belo Horizonte,cafe,Sim,3,66
7595,19.0,F,2674.0,Belo Horizonte,acucar,Sim,6,384
7596,27.0,F,7354.0,São Paulo,acucar,Não,6,462
7597,51.0,M,4759.0,Rio,arroz,Sim,10,400
7598,48.0,F,4795.0,Curitiba,arroz,Não,10,600
7599,43.0,,6369.0,Curitiba,oleo,Não,8,560
7600,32.0,F,4400.0,Belo Horizonte,oleo,Sim,9,198
7601,18.0,F,4089.0,Belo Horizonte,arroz,Sim,10,760
7602,64.0,F,4293.0,Salvador,oleo,Não,5,130
7603,60.0,M,5015.0,São Paulo,cafe,Sim,2,170
7604,21.0,M,3046.0,São Paulo,acucar,Não,8,360
7605,50.0,M,6366.0,Belo Horizonte,feijao,Sim,4,272
7606,20.0,M,,Rio,arroz,Sim,9,270
7607,35.0,M,7827.0,Curitiba,feijao,Não,2,152
7608,,M,7264.0,Salvador,acucar,Sim,6,222
7609,60.0,M,4198.0,Curitiba,oleo,Sim,10,220
7610,30.0,M,1603.0,São Paulo,acucar,Não,6,582
7611,20.0,F,,Belo Horizonte,acucar,Sim,2,156
7612,44.0,,,Rio,oleo,Não,10,880
7613,47.0,F,6753.0,Salvador,cafe,Não,6,438
7614,49.0,F,1863.0,Belo Horizonte,feijao,Sim,4,84
7615,40.0,F,5406.0,Belo Horizonte,acucar,Sim,7,357
7616,51.0,,3637.0,Belo Horizonte,,Sim,2,128
7617,53.0,M,,Belo Horizonte,arroz,Sim,10,230
7618,28.0,F,6861.0,Curitiba,oleo,Não,8,168
7619,25.0,M,4798.0,Salvador,arroz,Sim,7,406
7620,41.0,M,4891.0,Salvador,cafe,Sim,8,328
7621,31.0,,3576.0,Belo Horizonte,feijao,Não,10,320
7622,51.0,F,,São Paulo,,Sim,5,120
7623,37.0,,3645.0,Curitiba,arroz,Não,7,420
7624,39.0,M,4077.0,São Paulo,,Não,8,240
7625,26.0,M,1933.0,Salvador,acucar,Não,6,264
7626,,M,,Salvador,feijao,Sim,1,45
7627,57.0,M,5819.0,Rio,oleo,Sim,4,312
7628,,F,,Rio,oleo,Não,9,675
7629,22.0,F,6831.0,Rio,oleo,Sim,1,33
7630,42.0,M,2082.0,Belo Horizonte,feijao,Sim,9,423
7631,27.0,M,4340.0,Curitiba,feijao,Não,8,264
7632,30.0,F,,Rio,feijao,Sim,5,230
7633,53.0,M,6124.0,Rio,,Sim,9,819
7634,56.0,,3501.0,Curitiba,feijao,Sim,1,27
7635,46.0,F,7700.0,São Paulo,acucar,Sim,8,488
7636,52.0,F,4102.0,Belo Horizonte,acucar,Sim,4,384
7637,63.0,F,4007.0,Rio,feijao,Sim,5,410
7638,21.0,M,1544.0,Rio,feijao,Sim,10,710
7639,28.0,F,5656.0,São Paulo,acucar,Sim,7,448
7640,46.0,F,4358.0,Salvador,feijao,Sim,4,308
7641,,M,2598.0,Salvador,oleo,Sim,5,450
7642,40.0,M,5619.0,São Paulo,cafe,Sim,1,59
7643,29.0,F,2368.0,Belo Horizonte,,Sim,2,194
7644,50.0,F,1638.0,Belo Horizonte,cafe,Não,6,348
7645,,F,4176.0,Curitiba,oleo,Sim,8,568
7646,65.0,M,6253.0,Curitiba,acucar,Sim,10,290
7647,39.0,F,5449.0,Salvador,,Sim,6,558
7648,46.0,M,5317.0,São Paulo,oleo,Não,3,174
7649,26.0,M,6410.0,Rio,acucar,Não,1,72
7650,58.0,F,,São Paulo,arroz,Não,1,23
7651,31.0,M,1951.0,Curitiba,acucar,Não,3,252
7652,23.0,M,2049.0,São Paulo,cafe,Não,7,357
7653,38.0,M,4889.0,São Paulo,feijao,Não,3,144
7654,54.0,M,4121.0,Curitiba,oleo,Sim,4,316
7655,63.0,F,5503.0,São Paulo,cafe,Sim,7,539
7656,52.0,F,5478.0,Belo Horizonte,feijao,Sim,6,600
7657,,M,2358.0,Curitiba,oleo,Sim,10,780
7658,34.0,M,4058.0,Rio,cafe,Não,9,792
7659,59.0,,,Belo Horizonte,oleo,Não,9,666
7660,52.0,,6887.0,Rio,,Sim,7,371
7661,44.0,M,7803.0,São Paulo,arroz,Sim,9,531
7662,24.0,F,2950.0,Curitiba,acucar,Não,3,147
7663,,,2822.0,Salvador,cafe,Não,3,285
7664,39.0,,1920.0,Belo Horizonte,feijao,Sim,3,234
7665,24.0,F,2466.0,São Paulo,feijao,Sim,2,104
7666,28.0,,4116.0,Belo Horizonte,cafe,Não,2,152
7667,48.0,M,6041.0,Salvador,acucar,Sim,10,530
7668,48.0,F,4976.0,Salvador,arroz,Sim,3,231
7669,43.0,F,6473.0,Curitiba,,Sim,3,288
7670,30.0,M,1401.0,Belo Horizonte,cafe,Sim,2,128
7671,65.0,F,6314.0,Salvador,oleo,Não,10,860
7672,47.0,M,6076.0,Curitiba,acucar,Sim,2,140
7673,34.0,F,2204.0,Salvador,oleo,Sim,9,855
7674,58.0,,4105.0,São Paulo,feijao,Sim,4,280
7675,53.0,F,6157.0,Curitiba,cafe,Sim,1,33
7676,,M,5466.0,Rio,feijao,Sim,10,930
7677,49.0,M,6268.0,São Paulo,feijao,Sim,6,192
7678,43.0,M,1636.0,Belo Horizonte,cafe,Sim,8,248
7679,35.0,M,5951.0,Salvador,cafe,Sim,1,58
7680,40.0,,2766.0,Belo Horizonte,feijao,Não,8,592
7681,37.0,M,4423.0,Curitiba,acucar,Sim,4,388
7682,27.0,F,1442.0,Rio,cafe,Sim,1,86
7683,,F,,Curitiba,arroz,Sim,5,280
7684,,M,7836.0,Rio,acucar,Sim,3,177
7685,26.0,F,7889.0,Salvador,cafe,Sim,6,516
7686,33.0,M,7772.0,São Paulo,arroz,Sim,2,74
7687,42.0,M,7441.0,São Paulo,acucar,Não,8,512
7688,29.0,M,2545.0,Salvador,arroz,Sim,3,150
7689,43.0,M,6708.0,Belo Horizonte,acucar,Sim,8,688
7690,54.0,F,2161.0,Rio,arroz,Sim,3,207
7691,56.0,M,2356.0,São Paulo,feijao,Não,9,450
7692,62.0,F,4639.0,Salvador,,Sim,9,423
7693,19.0,M,7775.0,Belo Horizonte,feijao,Não,3,213
7694,22.0,,,São Paulo,oleo,Sim,3,81
7695,31.0,F,7600.0,Curitiba,arroz,Sim,3,60
7696,43.0,,2742.0,São Paulo,oleo,Não,2,200
7697,20.0,F,2878.0,Rio,,Não,9,468
7698,42.0,M,6974.0,Belo Horizonte,arroz,Sim,9,513
7699,57.0,,4706.0,Rio,acucar,Não,6,186
7700,61.0,F,4360.0,Belo Horizonte,oleo,Sim,8,672
7701,65.0,F,1788.0,Salvador,oleo,Sim,2,144
7702,19.0,M,1601.0,Curitiba,oleo,Sim,10,770
7703,44.0,F,3534.0,Salvador,cafe,Não,3,84
7704,,F,4608.0,São Paulo,acucar,Não,9,585
7705,43.0,,3144.0,Salvador,oleo,Não,4,244
7706,37.0,,5610.0,São Paulo,arroz,Não,6,600
7707,51.0,M,3295.0,Salvador,acucar,Sim,5,275
7708,55.0,F,,Rio,acucar,Não,7,217
7709,29.0,M,7362.0,São Paulo,arroz,Sim,6,600
7710,,M,5426.0,Belo Horizonte,acucar,Sim,8,768
7711,43.0,,3303.0,Rio,feijao,Sim,3,264
7712,,M,2257.0,Curitiba,feijao,Sim,7,581
7713,57.0,M,2015.0,Curitiba,cafe,Não,3,93
7714,28.0,M,6685.0,Curitiba,acucar,Sim,2,40
7715,38.0,M,3362.0,Rio,feijao,Sim,5,345
7716,52.0,M,3140.0,São Paulo,acucar,Sim,6,372
7717,18.0,M,,São Paulo,cafe,Não,9,450
7718,,F,5922.0,Rio,arroz,Não,7,679
7719,55.0,M,1706.0,Salvador,arroz,Sim,9,540
7720,45.0,M,4800.0,Belo Horizonte,oleo,Não,5,420
7721,,F,2774.0,Belo Horizonte,arroz,Não,5,385
7722,30.0,M,4474.0,Curitiba,,Sim,4,184
7723,43.0,M,7162.0,Belo Horizonte,acucar,Sim,10,410
7724,23.0,,3185.0,Rio,arroz,Não,9,432
7725,64.0,F,2427.0,Curitiba,oleo,Sim,4,368
7726,24.0,F,3360.0,Salvador,oleo,Sim,1,58
7727,31.0,F,6114.0,Rio,arroz,Sim,3,195
7728,19.0,M,6013.0,Belo Horizonte,cafe,Sim,5,210
7729,,F,5682.0,Salvador,acucar,Não,5,115
7730,21.0,F,4283.0,Curitiba,feijao,Sim,2,92
7731,59.0,F,3710.0,São Paulo,,Sim,10,860
7732,53.0,,6965.0,Rio,acucar,Sim,5,435
7733,,,,Salvador,feijao,Sim,8,208
7734,46.0,F,6528.0,Rio,acucar,Sim,3,132
7735,20.0,M,,São Paulo,oleo,Não,1,69
7736,26.0,,5136.0,Curitiba,oleo,Sim,4,380
7737,41.0,F,6473.0,São Paulo,arroz,Não,6,450
7738,45.0,F,,Belo Horizonte,feijao,Sim,6,402
7739,26.0,F,3747.0,Belo Horizonte,acucar,Não,3,87
7740,38.0,,5368.0,Belo Horizonte,cafe,Não,10,270
7741,,M,4522.0,Rio,cafe,Não,8,272
7742,25.0,M,,Salvador,oleo,Sim,3,93
7743,49.0,F,6310.0,Salvador,acucar,Sim,4,212
7744,33.0,F,2591.0,Salvador,arroz,Sim,6,372
7745,57.0,M,7426.0,São Paulo,oleo,Sim,3,129
7746,59.0,F,6454.0,Salvador,cafe,Não,6,384
7747,39.0,F,5475.0,Rio,feijao,Sim,2,184
7748,50.0,M,2690.0,Salvador,oleo,Não,4,352
7749,21.0,F,,Belo Horizonte,arroz,Sim,10,490
7750,51.0,F,3920.0,Salvador,oleo,Não,3,120
7751,47.0,F,6224.0,São Paulo,feijao,Não,1,44
7752,21.0,F,1514.0,Salvador,oleo,Sim,10,540
7753,26.0,F,3455.0,Curitiba,cafe,Não,9,306
7754,45.0,F,6130.0,Salvador,,Não,8,376
7755,32.0,F,7834.0,Belo Horizonte,oleo,Não,8,208
7756,37.0,F,7075.0,Salvador,arroz,Não,4,236
7757,31.0,M,3373.0,São Paulo,acucar,Sim,10,940
7758,62.0,M,7035.0,Curitiba,cafe,Sim,3,237
7759,37.0,M,4932.0,Rio,,Sim,10,530
7760,42.0,M,4204.0,Rio,arroz,Não,7,273
7761,20.0,,6637.0,Curitiba,feijao,Sim,7,266
7762,20.0,,6834.0,Belo Horizonte,oleo,Não,3,123
7763,33.0,,5636.0,Curitiba,feijao,Não,6,594
7764,,,6926.0,Belo Horizonte,cafe,Não,5,265
7765,29.0,F,6751.0,Rio,cafe,Sim,1,52
7766,57.0,F,5322.0,Rio,cafe,Não,1,96
7767,32.0,F,7021.0,Belo Horizonte,feijao,Sim,3,69
7768,48.0,F,7232.0,Salvador,cafe,Sim,4,288
7769,61.0,F,3626.0,São Paulo,feijao,Sim,9,792
7770,61.0,F,6231.0,Curitiba,feijao,Sim,9,207
7771,54.0,F,2928.0,Salvador,oleo,Não,5,115
7772,42.0,M,5058.0,São Paulo,arroz,Sim,9,864
7773,65.0,F,2679.0,Belo Horizonte,oleo,Sim,8,640
7774,57.0,M,1260.0,Curitiba,cafe,Sim,10,700
7775,24.0,F,7655.0,Rio,acucar,Sim,10,690
7776,23.0,M,3062.0,Rio,arroz,Sim,5,345
7777,34.0,F,5543.0,Curitiba,cafe,Não,6,492
7778,26.0,M,6481.0,Belo Horizonte,cafe,Sim,8,256
7779,37.0,F,2140.0,Salvador,acucar,Não,7,364
7780,21.0,F,4953.0,Salvador,,Não,2,62
7781,34.0,F,2921.0,Curitiba,arroz,Sim,1,54
7782,,M,5323.0,Salvador,oleo,Sim,2,86
7783,29.0,F,,Rio,feijao,Não,6,264
7784,,F,5869.0,Rio,arroz,Sim,6,498
7785,38.0,F,5083.0,São Paulo,feijao,Sim,5,500
7786,,F,4837.0,São Paulo,acucar,Sim,7,245
7787,52.0,F,4299.0,Rio,cafe,Não,1,40
7788,20.0,F,2370.0,Rio,feijao,Não,3,222
7789,39.0,M,5698.0,Belo Horizonte,feijao,Sim,9,720
7790,37.0,F,5906.0,Salvador,acucar,Sim,10,700
7791,59.0,M,7965.0,Curitiba,arroz,Não,3,288
7792,50.0,F,5927.0,São Paulo,,Não,6,468
7793,30.0,M,1900.0,Salvador,cafe,Não,2,90
7794,56.0,F,,Rio,arroz,Sim,7,581
7795,52.0,M,6238.0,Salvador,oleo,Não,5,210
7796,39.0,M,1376.0,Salvador,oleo,Sim,7,700
7797,41.0,M,3996.0,Belo Horizonte,oleo,Sim,2,174
7798,34.0,F,3070.0,Belo Horizonte,feijao,Não,1,55
7799,26.0,M,3946.0,Belo Horizonte,feijao,Sim,6,504
7800,60.0,M,7352.0,Curitiba,feijao,Sim,3,147
7801,64.0,F,1317.0,São Paulo,acucar,Sim,7,140
7802,65.0,,3052.0,Salvador,feijao,Sim,9,243
7803,32.0,M,1708.0,São Paulo,feijao,Sim,4,120
7804,37.0,,6062.0,Curitiba,arroz,Não,4,216
7805,49.0,F,5824.0,Curitiba,arroz,Não,2,48
7806,48.0,M,2467.0,Belo Horizonte,arroz,Sim,9,765
7807,,M,2536.0,Belo Horizonte,oleo,Sim,10,900
7808,46.0,M,2081.0,Salvador,acucar,Sim,9,837
7809,21.0,F,3089.0,Salvador,feijao,Não,3,66
7810,56.0,,1281.0,Belo Horizonte,,Sim,1,62
7811,63.0,F,5133.0,Rio,feijao,Não,2,176
7812,19.0,F,7032.0,Curitiba,acucar,Sim,5,425
7813,49.0,M,6320.0,Belo Horizonte,cafe,Sim,8,384
7814,58.0,,7678.0,Belo Horizonte,acucar,Não,6,354
7815,18.0,M,5590.0,Rio,acucar,Sim,4,188
7816,36.0,F,,São Paulo,oleo,Sim,8,336
7817,29.0,M,3581.0,Curitiba,cafe,Sim,9,747
7818,44.0,F,3591.0,São Paulo,feijao,Não,10,950
7819,47.0,F,,São Paulo,,Não,10,270
7820,44.0,F,7696.0,Rio,cafe,Não,1,57
7821,51.0,M,4003.0,Curitiba,oleo,Sim,8,344
7822,21.0,F,3548.0,Curitiba,acucar,Sim,4,232
7823,60.0,M,3203.0,Belo Horizonte,acucar,Sim,4,344
7824,63.0,F,6915.0,Curitiba,,Não,10,680
7825,44.0,,4341.0,São Paulo,oleo,Não,9,657
7826,55.0,F,1459.0,Belo Horizonte,feijao,Não,3,78
7827,,F,2942.0,São Paulo,feijao,Sim,1,26
7828,20.0,F,,Curitiba,oleo,Sim,1,39
7829,49.0,M,5624.0,Belo Horizonte,acucar,Não,7,665
7830,,F,,Curitiba,oleo,Sim,1,26
7831,,F,3072.0,Belo Horizonte,oleo,Não,10,300
7832,26.0,F,,Salvador,cafe,Sim,9,216
7833,34.0,F,,Belo Horizonte,acucar,Sim,3,69
7834,22.0,M,1297.0,Salvador,oleo,Sim,8,368
7835,26.0,M,4710.0,Salvador,feijao,Sim,4,132
7836,41.0,M,2844.0,Salvador,,Sim,2,130
7837,59.0,M,4779.0,Belo Horizonte,acucar,Sim,1,32
7838,35.0,F,6987.0,Curitiba,cafe,Sim,4,320
7839,23.0,F,4901.0,Salvador,feijao,Sim,6,420
7840,42.0,F,,Rio,arroz,Não,6,588
7841,28.0,M,4869.0,Belo Horizonte,oleo,Sim,3,219
7842,,F,5581.0,São Paulo,feijao,Não,8,296
7843,43.0,F,1790.0,Belo Horizonte,arroz,Não,8,696
7844,48.0,F,6565.0,Belo Horizonte,acucar,Não,1,43
7845,41.0,,,São Paulo,oleo,Sim,9,234
7846,30.0,M,6676.0,Curitiba,oleo,Sim,3,111
7847,,M,1940.0,São Paulo,arroz,Sim,1,75
7848,40.0,,6970.0,Curitiba,,Sim,1,61
7849,21.0,M,,Belo Horizonte,oleo,Sim,8,744
7850,53.0,M,2883.0,São Paulo,oleo,Sim,6,480
7851,21.0,F,4511.0,Rio,cafe,Não,7,658
7852,37.0,M,4353.0,São Paulo,,Não,3,135
7853,30.0,M,6909.0,Salvador,feijao,Sim,8,448
7854,55.0,M,5480.0,Rio,arroz,Não,4,168
7855,50.0,F,2670.0,São Paulo,oleo,Não,10,550
7856,42.0,F,7028.0,Rio,acucar,Não,3,207
7857,38.0,M,2607.0,São Paulo,cafe,Não,7,469
7858,65.0,F,3959.0,Belo Horizonte,feijao,Sim,5,180
7859,54.0,M,7160.0,Belo Horizonte,feijao,Não,6,528
7860,46.0,M,3534.0,Rio,arroz,Não,1,80
7861,54.0,F,7520.0,Curitiba,cafe,Sim,8,704
7862,26.0,F,6080.0,Belo Horizonte,,Sim,9,612
7863,,M,1627.0,Curitiba,oleo,Sim,1,86
7864,38.0,,4388.0,Rio,arroz,Sim,1,44
7865,20.0,F,7156.0,Curitiba,oleo,Sim,7,315
7866,,F,3210.0,Rio,arroz,Sim,3,216
7867,54.0,F,,Belo Horizonte,cafe,Não,9,693
7868,49.0,F,,Salvador,oleo,Não,10,600
7869,63.0,F,3472.0,Belo Horizonte,arroz,Sim,3,75
7870,35.0,F,5606.0,Belo Horizonte,feijao,Sim,6,144
7871,35.0,M,7916.0,Rio,cafe,Sim,5,310
7872,54.0,M,,São Paulo,cafe,Sim,8,216
7873,24.0,M,2200.0,Rio,acucar,Sim,1,31
7874,57.0,F,4814.0,Rio,arroz,Não,8,648
7875,59.0,M,4532.0,Curitiba,acucar,Sim,4,92
7876,56.0,F,7790.0,São Paulo,cafe,Não,10,890
7877,55.0,F,5042.0,Salvador,arroz,Não,4,124
7878,51.0,,7773.0,Rio,,Sim,3,210
7879,63.0,F,5139.0,Belo Horizonte,feijao,Sim,10,520
7880,27.0,F,2507.0,São Paulo,acucar,Não,3,267
7881,,F,3739.0,Rio,acucar,Sim,9,279
7882,43.0,F,1203.0,Belo Horizonte,feijao,Sim,8,536
7883,46.0,F,3506.0,Curitiba,cafe,Sim,10,990
7884,20.0,M,3507.0,Curitiba,cafe,Não,1,57
7885,,F,6441.0,Rio,oleo,Sim,1,61
7886,35.0,M,6708.0,Curitiba,oleo,Sim,7,462
7887,35.0,F,2008.0,Curitiba,feijao,Não,7,693
7888,19.0,F,2590.0,São Paulo,feijao,Não,7,217
7889,33.0,,2574.0,Belo Horizonte,,Sim,1,96
7890,61.0,F,,Rio,oleo,Não,2,94
7891,52.0,M,3428.0,Belo Horizonte,cafe,Sim,5,375
7892,,M,4574.0,Belo Horizonte,oleo,Não,3,135
7893,38.0,F,,Salvador,cafe,Não,6,246
7894,18.0,M,5064.0,São Paulo,arroz,Sim,9,513
7895,43.0,M,2470.0,Rio,oleo,Não,5,155
7896,33.0,M,1682.0,São Paulo,cafe,Não,1,24
7897,28.0,M,,São Paulo,oleo,Sim,2,82
7898,23.0,,4282.0,São Paulo,arroz,Não,10,290
7899,47.0,F,,São Paulo,oleo,Sim,10,710
7900,31.0,M,6330.0,Salvador,feijao,Sim,2,62
7901,,F,7612.0,Curitiba,arroz,Não,5,420
7902,50.0,M,4387.0,São Paulo,cafe,Sim,5,140
7903,52.0,F,7449.0,Curitiba,feijao,Sim,7,630
7904,20.0,M,5019.0,São Paulo,oleo,Não,7,637
7905,37.0,F,4841.0,Curitiba,acucar,Não,7,658
7906,25.0,M,6053.0,Belo Horizonte,oleo,Sim,10,430
7907,49.0,M,3130.0,Rio,cafe,Sim,8,552
7908,35.0,F,,Rio,,Não,1,25
7909,23.0,F,6084.0,Salvador,acucar,Sim,1,48
7910,40.0,M,2001.0,Rio,cafe,Sim,2,84
7911,24.0,F,2009.0,Belo Horizonte,oleo,Não,2,186
7912,30.0,M,1643.0,Curitiba,arroz,Não,4,364
7913,31.0,M,5245.0,Belo Horizonte,feijao,Não,1,60
7914,42.0,F,2207.0,Belo Horizonte,cafe,Não,2,42
7915,24.0,F,1675.0,São Paulo,arroz,Não,9,603
7916,33.0,F,4277.0,São Paulo,cafe,Não,10,600
7917,50.0,M,3975.0,São Paulo,oleo,Sim,3,63
7918,,M,2952.0,Salvador,,Não,7,644
7919,61.0,M,7842.0,Rio,oleo,Sim,9,792
7920,32.0,F,2974.0,Rio,oleo,Sim,9,675
7921,58.0,M,,Curitiba,acucar,Sim,4,216
7922,65.0,F,3757.0,São Paulo,oleo,Não,4,84
7923,31.0,,4277.0,Salvador,acucar,Sim,10,600
7924,33.0,,7132.0,São Paulo,acucar,Sim,3,84
7925,61.0,,1866.0,Salvador,cafe,Não,4,340
7926,28.0,M,3166.0,Belo Horizonte,arroz,Não,6,348
7927,,F,5296.0,São Paulo,oleo,Sim,3,243
7928,,M,,São Paulo,acucar,Não,8,496
7929,65.0,F,4846.0,Belo Horizonte,,Sim,8,288
7930,62.0,F,7753.0,Rio,arroz,Sim,6,462
7931,44.0,,6950.0,Rio,oleo,Sim,6,294
7932,20.0,M,6220.0,Rio,oleo,Sim,5,185
7933,57.0,M,6078.0,Rio,cafe,Sim,7,700
7934,57.0,M,,Belo Horizonte,acucar,Não,2,188
7935,,M,,Rio,cafe,Não,4,128
7936,24.0,M,6204.0,São Paulo,feijao,Sim,7,539
7937,46.0,M,3121.0,Rio,arroz,Não,4,252
7938,35.0,M,1582.0,Rio,arroz,Não,4,120
7939,48.0,F,5702.0,São Paulo,arroz,Sim,7,658
7940,,M,3624.0,Rio,cafe,Sim,2,96
7941,48.0,,2598.0,Salvador,oleo,Sim,5,105
7942,,F,6902.0,Curitiba,acucar,Sim,2,150
7943,55.0,M,3684.0,São Paulo,arroz,Não,3,75
7944,,F,3029.0,São Paulo,arroz,Não,4,316
7945,51.0,M,4319.0,Salvador,,Não,7,413
7946,60.0,,2576.0,Salvador,feijao,Sim,9,198
7947,40.0,M,,São Paulo,acucar,Sim,7,700
7948,32.0,M,1915.0,São Paulo,feijao,Sim,2,154
7949,43.0,M,4792.0,Rio,feijao,Sim,10,260
7950,46.0,F,2247.0,São Paulo,oleo,Não,3,297
7951,22.0,F,7090.0,Salvador,oleo,Sim,1,33
7952,45.0,F,7855.0,São Paulo,,Sim,8,368
7953,45.0,M,5604.0,Belo Horizonte,feijao,Não,4,284
7954,62.0,M,7649.0,Rio,cafe,Não,4,144
7955,23.0,F,3376.0,Belo Horizonte,,Sim,8,464
7956,58.0,F,6093.0,São Paulo,acucar,Sim,10,250
7957,55.0,F,5739.0,São Paulo,cafe,Sim,10,350
7958,59.0,M,7127.0,Curitiba,oleo,Sim,8,408
7959,34.0,M,1388.0,Curitiba,feijao,Sim,1,86
7960,61.0,F,7524.0,Curitiba,feijao,Sim,7,560
7961,50.0,M,5895.0,Salvador,feijao,Não,10,690
7962,33.0,M,2668.0,Rio,,Sim,6,198
7963,39.0,F,,Salvador,feijao,Sim,2,74
7964,49.0,M,,Rio,acucar,Sim,5,270
7965,54.0,F,1238.0,Rio,arroz,Sim,10,720
7966,29.0,M,5018.0,São Paulo,,Sim,8,600
7967,32.0,,7965.0,São Paulo,feijao,Sim,2,200
7968,48.0,F,6164.0,Salvador,acucar,Não,1,75
7969,,M,1796.0,Curitiba,oleo,Sim,4,100
7970,44.0,F,4244.0,Curitiba,acucar,Não,10,310
7971,55.0,M,2690.0,Rio,cafe,Sim,5,275
7972,61.0,M,7035.0,Belo Horizonte,cafe,Sim,10,950
7973,49.0,M,6603.0,Belo Horizonte,feijao,Sim,9,783
7974,61.0,F,1343.0,Belo Horizonte,oleo,Sim,5,215
7975,56.0,F,,Curitiba,arroz,Não,5,175
7976,29.0,M,4373.0,Salvador,arroz,Não,6,474
7977,57.0,F,4581.0,Rio,oleo,Não,3,180
7978,62.0,M,5576.0,Belo Horizonte,acucar,Não,3,60
7979,22.0,F,3832.0,Salvador,acucar,Não,1,38
7980,25.0,,2087.0,Rio,acucar,Sim,6,600
7981,64.0,F,6685.0,Curitiba,oleo,Não,9,369
7982,24.0,M,7610.0,Salvador,oleo,Não,1,30
7983,33.0,F,5668.0,Salvador,cafe,Não,4,96
7984,59.0,F,5540.0,Belo Horizonte,arroz,Não,5,360
7985,56.0,F,5938.0,Curitiba,feijao,Sim,9,486
7986,28.0,M,5020.0,Rio,acucar,Sim,9,585
7987,24.0,M,7667.0,Belo Horizonte,cafe,Sim,7,336
7988,32.0,M,5905.0,Belo Horizonte,arroz,Sim,1,37
7989,59.0,F,5806.0,Rio,acucar,Sim,2,44
7990,57.0,F,7770.0,Belo Horizonte,oleo,Sim,10,350
7991,64.0,M,5183.0,Rio,arroz,Sim,4,140
7992,30.0,,3470.0,Curitiba,,Não,9,756
7993,29.0,F,5518.0,Belo Horizonte,oleo,Sim,1,55
7994,35.0,F,1366.0,Belo Horizonte,feijao,Sim,2,62
7995,37.0,M,6099.0,Rio,oleo,Sim,4,312
7996,60.0,M,,Curitiba,,Sim,10,530
7997,44.0,F,4872.0,São Paulo,oleo,Sim,10,310
7998,33.0,F,7930.0,Belo Horizonte,arroz,Sim,10,670
7999,47.0,F,6406.0,Rio,feijao,Não,7,301
8000,57.0,M,2145.0,Rio,acucar,Sim,6,162
